Workbook
Name Allarmi: 'Classi allarmi RMT-STIG'!$E$1:$P$1014
Name Allarmi: #REF!
Name Modulo: OFFSET([1]Tendine!$B$3,0,0,COUNTA([1]Tendine!$B$3:$B$30),1)
Name Stato: OFFSET([1]Tendine!$P$3,0,0,COUNTA([1]Tendine!$P$3:$P$22),1)
Name Tecnologia: OFFSET([1]Tendine!$H$3,0,0,COUNTA([1]Tendine!$H$3:$H$29),1)
Name TecnologiaAID: OFFSET([1]Tendine!$L$3,0,0,COUNTA([1]Tendine!$L$3:$L$30),1)
Name TecnologiaLetturaTarghe: OFFSET([1]Tendine!$N$3,0,0,COUNTA([1]Tendine!$N$3:$N$30),1)
Name TecnologiaMeteo: OFFSET([1]Tendine!$J$3,0,0,COUNTA([1]Tendine!$J$3:$J$30),1)
Name TipoPP: OFFSET([1]Tendine!$F$3,0,0,COUNTA([1]Tendine!$F$3:$F$30),1)
Name WBSCluster: OFFSET([1]Tendine!$D$3,0,0,COUNTA([1]Tendine!$D$3:$D$30),1)

Sheet Classi allarmi RMT-STIG
A1: nome+descrizione | B1: CHECK nome+descrizione | C1: check nome | D1: check descriz. | E1: CATEGORIA ALLARME | F1: CODICE ALLARME | G1: DESCRIZIONE ALLARME | H1: IMPIANTO | I1: DISPOSITIVO | J1: PRESENTE IN PROCEDURA | K1: CHI VISUALIZZA L'ALLARME | L1: ID ISTRUZIONE OPERATIVA ALLARMI | M1: PRIORITÀ ALLARME | N1: COLORE NOTIFICA ALLARME | O1: ALLARME SONORO RMT | P1: NOTE
A2: =CONCATENATE(F2,"-",G2) -> ALL_PLC_RACK-Allarme plc rack | B2: =VLOOKUP(A2,'EXPORT IRIS PROD 13-11-2024'!A:A,1,0) -> ALL_PLC_RACK-Allarme plc rack | C2: =VLOOKUP(F2,'EXPORT IRIS PROD 13-11-2024'!F:F,1,0) -> ALL_PLC_RACK | D2: =VLOOKUP(G2,'EXPORT IRIS PROD 13-11-2024'!D:D,1,0) -> Allarme plc rack | E2: Impianto Rete dati-ANOMALIA | F2: ALL_PLC_RACK | G2: Allarme plc rack | H2: Impianto Rete dati | I2: Rack radio | J2: NO | K2: Impiantisti | L2: NA | M2: Bassa | N2: Blu | O2: NO
A3: =CONCATENATE(F3,"-",G3) -> ALLARME_DA_SOS-Allarme SOS premuto | B3: =VLOOKUP(A3,'EXPORT IRIS PROD 13-11-2024'!A:A,1,0) -> ALLARME_DA_SOS-Allarme SOS premuto | C3: =VLOOKUP(F3,'EXPORT IRIS PROD 13-11-2024'!F:F,1,0) -> ALLARME_DA_SOS | D3: =VLOOKUP(G3,'EXPORT IRIS PROD 13-11-2024'!D:D,1,0) -> Allarme SOS premuto | E3: Soccorso SOS | F3: ALLARME_DA_SOS | G3: Allarme SOS premuto | H3: Impianto SOS | I3: Colonnina Sos | J3: SI | K3: Sala operativa e Impiantisti | L3: 1 | M3: Alta | N3: Rosso | O3: SI
A4: =CONCATENATE(F4,"-",G4) -> ALLARME_GENERICO-allarme generico | B4: =VLOOKUP(A4,'EXPORT IRIS PROD 13-11-2024'!A:A,1,0) -> ALLARME_GENERICO-allarme generico | C4: =VLOOKUP(F4,'EXPORT IRIS PROD 13-11-2024'!F:F,1,0) -> ALLARME_GENERICO | D4: =VLOOKUP(G4,'EXPORT IRIS PROD 13-11-2024'!D:D,1,0) -> allarme generico | E4: Antincendio-ANOMALIA | F4: ALLARME_GENERICO | G4: allarme generico | H4: Impianto Antincendio | I4: Pompa | J4: NO | K4: Impiantisti | L4: NA | M4: Bassa | N4: Blu | O4: NO
A5: =CONCATENATE(F5,"-",G5) -> ALLARME_INCENDIO_CABINA-Allarme incendio in cabina | B5: =VLOOKUP(A5,'EXPORT IRIS PROD 13-11-2024'!A:A,1,0) -> ALLARME_INCENDIO_CABINA-Allarme incendio in cabina | C5: =VLOOKUP(F5,'EXPORT IRIS PROD 13-11-2024'!F:F,1,0) -> ALLARME_INCENDIO_CABINA | D5: =VLOOKUP(G5,'EXPORT IRIS PROD 13-11-2024'!D:D,1,0) -> Allarme incendio in cabina | E5: Incendio | F5: ALLARME_INCENDIO_CABINA | G5: Allarme incendio in cabina | H5: Impianto Rilevazione Incendio | I5: Centralina rilevazione incendio in cabina | J5: SI | K5: Sala operativa e Impiantisti | L5: 2 | M5: Altissima | N5: Viola | O5: SI
A6: =CONCATENATE(F6,"-",G6) -> ALLARME_INCENDIO_DA_SENSORE-Allarme incendio da sensori | B6: =VLOOKUP(A6,'EXPORT IRIS PROD 13-11-2024'!A:A,1,0) -> ALLARME_INCENDIO_DA_SENSORE-Allarme incendio da sensori | C6: =VLOOKUP(F6,'EXPORT IRIS PROD 13-11-2024'!F:F,1,0) -> ALLARME_INCENDIO_DA_SENSORE | D6: =VLOOKUP(G6,'EXPORT IRIS PROD 13-11-2024'!D:D,1,0) -> Allarme incendio da sensori | E6: Pre Allarme Incendio | F6: ALLARME_INCENDIO_DA_SENSORE | G6: Allarme incendio da sensori | H6: Impianto Ventilazione | I6: CO | J6: SI | K6: Sala operativa e Impiantisti | L6: 2 | M6: Altissima | N6: Viola | O6: SI
A7: =CONCATENATE(F7,"-",G7) -> ALLARME_INCENDIO_DA_SENSORE-Allarme incendio da sensori | B7: =VLOOKUP(A7,'EXPORT IRIS PROD 13-11-2024'!A:A,1,0) -> ALLARME_INCENDIO_DA_SENSORE-Allarme incendio da sensori | C7: =VLOOKUP(F7,'EXPORT IRIS PROD 13-11-2024'!F:F,1,0) -> ALLARME_INCENDIO_DA_SENSORE | D7: =VLOOKUP(G7,'EXPORT IRIS PROD 13-11-2024'!D:D,1,0) -> Allarme incendio da sensori | E7: Pre Allarme Incendio | F7: ALLARME_INCENDIO_DA_SENSORE | G7: Allarme incendio da sensori | H7: Impianto Ventilazione | I7: OP | J7: SI | K7: Sala operativa e Impiantisti | L7: 2 | M7: Altissima | N7: Viola | O7: SI
A8: =CONCATENATE(F8,"-",G8) -> ALR_1_GRUPPO_ELETTROGENO-Allarme centralina gestione elettronica GE - alarm1 | B8: =VLOOKUP(A8,'EXPORT IRIS PROD 13-11-2024'!A:A,1,0) -> ALR_1_GRUPPO_ELETTROGENO-Allarme centralina gestione elettronica GE - alarm1 | C8: =VLOOKUP(F8,'EXPORT IRIS PROD 13-11-2024'!F:F,1,0) -> ALR_1_GRUPPO_ELETTROGENO | D8: =VLOOKUP(G8,'EXPORT IRIS PROD 13-11-2024'!D:D,1,0) -> Allarme centralina gestione elettronica GE - alarm1 | E8: Impianto Elettrico-ANOMALIA | F8: ALR_1_GRUPPO_ELETTROGENO | G8: Allarme centralina gestione elettronica GE - alarm1 | H8: Impianto Elettrico | I8: Gruppo elettrogeno | J8: NO | K8: Impiantisti | L8: NA | M8: Bassa | N8: Blu | O8: NO
A9: =CONCATENATE(F9,"-",G9) -> ALR_113-Allarme SOS pulsante 113 | B9: =VLOOKUP(A9,'EXPORT IRIS PROD 13-11-2024'!A:A,1,0) -> ALR_113-Allarme SOS pulsante 113 | C9: =VLOOKUP(F9,'EXPORT IRIS PROD 13-11-2024'!F:F,1,0) -> ALR_113 | D9: =VLOOKUP(G9,'EXPORT IRIS PROD 13-11-2024'!D:D,1,0) -> Allarme SOS pulsante 113 | E9: Soccorso SOS | F9: ALR_113 | G9: Allarme SOS pulsante 113 | H9: Impianto SOS | I9: Colonnina Sos | J9: SI | K9: Sala operativa e Impiantisti | L9: 1 | M9: Alta | N9: Rosso | O9: SI
A10: =CONCATENATE(F10,"-",G10) -> ALR_115-Allarme SOS pulsante 115 | B10: =VLOOKUP(A10,'EXPORT IRIS PROD 13-11-2024'!A:A,1,0) -> ALR_115-Allarme SOS pulsante 115 | C10: =VLOOKUP(F10,'EXPORT IRIS PROD 13-11-2024'!F:F,1,0) -> ALR_115 | D10: =VLOOKUP(G10,'EXPORT IRIS PROD 13-11-2024'!D:D,1,0) -> Allarme SOS pulsante 115 | E10: Soccorso SOS | F10: ALR_115 | G10: Allarme SOS pulsante 115 | H10: Impianto SOS | I10: Colonnina Sos | J10: SI | K10: Sala operativa e Impiantisti | L10: 1 | M10: Alta | N10: Rosso | O10: SI
A11: =CONCATENATE(F11,"-",G11) -> ALR_118-Allarme SOS pulsante 118 | B11: =VLOOKUP(A11,'EXPORT IRIS PROD 13-11-2024'!A:A,1,0) -> ALR_118-Allarme SOS pulsante 118 | C11: =VLOOKUP(F11,'EXPORT IRIS PROD 13-11-2024'!F:F,1,0) -> ALR_118 | D11: =VLOOKUP(G11,'EXPORT IRIS PROD 13-11-2024'!D:D,1,0) -> Allarme SOS pulsante 118 | E11: Soccorso SOS | F11: ALR_118 | G11: Allarme SOS pulsante 118 | H11: Impianto SOS | I11: Colonnina Sos | J11: SI | K11: Sala operativa e Impiantisti | L11: 1 | M11: Alta | N11: Rosso | O11: SI
A12: =CONCATENATE(F12,"-",G12) -> ALR_2_GRUPPO_ELETTROGENO-Allarme centralina gestione elettronica GE - alarm2 | B12: =VLOOKUP(A12,'EXPORT IRIS PROD 13-11-2024'!A:A,1,0) -> ALR_2_GRUPPO_ELETTROGENO-Allarme centralina gestione elettronica GE - alarm2 | C12: =VLOOKUP(F12,'EXPORT IRIS PROD 13-11-2024'!F:F,1,0) -> ALR_2_GRUPPO_ELETTROGENO | D12: =VLOOKUP(G12,'EXPORT IRIS PROD 13-11-2024'!D:D,1,0) -> Allarme centralina gestione elettronica GE - alarm2 | E12: Impianto Elettrico-ANOMALIA | F12: ALR_2_GRUPPO_ELETTROGENO | G12: Allarme centralina gestione elettronica GE - alarm2 | H12: Impianto Elettrico | I12: Gruppo elettrogeno | J12: NO | K12: Impiantisti | L12: NA | M12: Bassa | N12: Blu | O12: NO
A13: =CONCATENATE(F13,"-",G13) -> ALR_800116-Allarme SOS soccorso meccanico_800116 | B13: =VLOOKUP(A13,'EXPORT IRIS PROD 13-11-2024'!A:A,1,0) -> ALR_800116-Allarme SOS soccorso meccanico_800116 | C13: =VLOOKUP(F13,'EXPORT IRIS PROD 13-11-2024'!F:F,1,0) -> ALR_800116 | D13: =VLOOKUP(G13,'EXPORT IRIS PROD 13-11-2024'!D:D,1,0) -> Allarme SOS soccorso meccanico_800116 | E13: Soccorso SOS | F13: ALR_800116 | G13: Allarme SOS soccorso meccanico_800116 | H13: Impianto SOS | I13: Colonnina Sos | J13: SI | K13: Sala operativa e Impiantisti | L13: 1 | M13: Alta | N13: Rosso | O13: SI
A14: =CONCATENATE(F14,"-",G14) -> ALR_803116-Allarme SOS soccorso meccanico_803116 | B14: =VLOOKUP(A14,'EXPORT IRIS PROD 13-11-2024'!A:A,1,0) -> ALR_803116-Allarme SOS soccorso meccanico_803116 | C14: =VLOOKUP(F14,'EXPORT IRIS PROD 13-11-2024'!F:F,1,0) -> ALR_803116 | D14: =VLOOKUP(G14,'EXPORT IRIS PROD 13-11-2024'!D:D,1,0) -> Allarme SOS soccorso meccanico_803116 | E14: Soccorso SOS | F14: ALR_803116 | G14: Allarme SOS soccorso meccanico_803116 | H14: Impianto SOS | I14: Colonnina Sos | J14: SI | K14: Sala operativa e Impiantisti | L14: 1 | M14: Alta | N14: Rosso | O14: SI
A15: =CONCATENATE(F15,"-",G15) -> ALR_ALLAGAMENTO-Allarme Allagamento | B15: =VLOOKUP(A15,'EXPORT IRIS PROD 13-11-2024'!A:A,1,0) -> ALR_ALLAGAMENTO-Allarme Allagamento | C15: =VLOOKUP(F15,'EXPORT IRIS PROD 13-11-2024'!F:F,1,0) -> ALR_ALLAGAMENTO | D15: =VLOOKUP(G15,'EXPORT IRIS PROD 13-11-2024'!D:D,1,0) -> Allarme Allagamento | E15: Allagamento | F15: ALR_ALLAGAMENTO | G15: Allarme Allagamento | H15: Impianto Allagamento | I15: Sonda allagamento | J15: SI | K15: Sala operativa e Impiantisti | L15: 2 | M15: Alta | N15: Rosso | O15: SI
A16: =CONCATENATE(F16,"-",G16) -> ALR_ALTERNATORE_IN_SOVRACCARICO_C-Allarme alternatore in sovraccarico C | B16: =VLOOKUP(A16,'EXPORT IRIS PROD 13-11-2024'!A:A,1,0) -> ALR_ALTERNATORE_IN_SOVRACCARICO_C-Allarme alternatore in sovraccarico C | C16: =VLOOKUP(F16,'EXPORT IRIS PROD 13-11-2024'!F:F,1,0) -> ALR_ALTERNATORE_IN_SOVRACCARICO_C | D16: =VLOOKUP(G16,'EXPORT IRIS PROD 13-11-2024'!D:D,1,0) -> Allarme alternatore in sovraccarico C | E16: Impianto Elettrico-ANOMALIA | F16: ALR_ALTERNATORE_IN_SOVRACCARICO_C | G16: Allarme alternatore in sovraccarico C | H16: Impianto Elettrico | I16: Gruppo elettrogeno | J16: NO | K16: Impiantisti | L16: NA | M16: Bassa | N16: Blu | O16: NO
A17: =CONCATENATE(F17,"-",G17) -> ALR_ALTERNATORE_IN_SOVRACCARICO_L-Allarme alternatore in sovraccarico L | B17: =VLOOKUP(A17,'EXPORT IRIS PROD 13-11-2024'!A:A,1,0) -> ALR_ALTERNATORE_IN_SOVRACCARICO_L-Allarme alternatore in sovraccarico L | C17: =VLOOKUP(F17,'EXPORT IRIS PROD 13-11-2024'!F:F,1,0) -> ALR_ALTERNATORE_IN_SOVRACCARICO_L | D17: =VLOOKUP(G17,'EXPORT IRIS PROD 13-11-2024'!D:D,1,0) -> Allarme alternatore in sovraccarico L | E17: Impianto Elettrico-ANOMALIA | F17: ALR_ALTERNATORE_IN_SOVRACCARICO_L | G17: Allarme alternatore in sovraccarico L | H17: Impianto Elettrico | I17: Gruppo elettrogeno | J17: NO | K17: Impiantisti | L17: NA | M17: Bassa | N17: Blu | O17: NO
A18: =CONCATENATE(F18,"-",G18) -> ALR_ALTERNATORE_NON_ECCITATO-Allarme alternatore non eccitato | B18: =VLOOKUP(A18,'EXPORT IRIS PROD 13-11-2024'!A:A,1,0) -> ALR_ALTERNATORE_NON_ECCITATO-Allarme alternatore non eccitato | C18: =VLOOKUP(F18,'EXPORT IRIS PROD 13-11-2024'!F:F,1,0) -> ALR_ALTERNATORE_NON_ECCITATO | D18: =VLOOKUP(G18,'EXPORT IRIS PROD 13-11-2024'!D:D,1,0) -> Allarme alternatore non eccitato | E18: Impianto Elettrico-ANOMALIA | F18: ALR_ALTERNATORE_NON_ECCITATO | G18: Allarme alternatore non eccitato | H18: Impianto Elettrico | I18: Gruppo elettrogeno | J18: NO | K18: Impiantisti | L18: NA | M18: Bassa | N18: Blu | O18: NO
A19: =CONCATENATE(F19,"-",G19) -> ALR_ALTO_LIV_GASOLIO_SERB-Allarme livello gasolio alto | B19: =VLOOKUP(A19,'EXPORT IRIS PROD 13-11-2024'!A:A,1,0) -> ALR_ALTO_LIV_GASOLIO_SERB-Allarme livello gasolio alto | C19: =VLOOKUP(F19,'EXPORT IRIS PROD 13-11-2024'!F:F,1,0) -> ALR_ALTO_LIV_GASOLIO_SERB | D19: =VLOOKUP(G19,'EXPORT IRIS PROD 13-11-2024'!D:D,1,0) -> Allarme livello gasolio alto | E19: Impianto Elettrico-ANOMALIA | F19: ALR_ALTO_LIV_GASOLIO_SERB | G19: Allarme livello gasolio alto | H19: Impianto Elettrico | I19: Gruppo elettrogeno | J19: NO | K19: Impiantisti | L19: NA | M19: Bassa | N19: Blu | O19: NO
A20: =CONCATENATE(F20,"-",G20) -> ALR_ALTO_LIVELLO_POMPA-Allarme alto livello pompa | B20: =VLOOKUP(A20,'EXPORT IRIS PROD 13-11-2024'!A:A,1,0) -> ALR_ALTO_LIVELLO_POMPA-Allarme alto livello pompa | C20: =VLOOKUP(F20,'EXPORT IRIS PROD 13-11-2024'!F:F,1,0) -> ALR_ALTO_LIVELLO_POMPA | D20: =VLOOKUP(G20,'EXPORT IRIS PROD 13-11-2024'!D:D,1,0) -> Allarme alto livello pompa | E20: Antincendio-ANOMALIA | F20: ALR_ALTO_LIVELLO_POMPA | G20: Allarme alto livello pompa | H20: Impianto Antincendio | I20: Pompa | J20: NO | K20: Impiantisti | L20: NA | M20: Bassa | N20: Blu | O20: NO
A21: =CONCATENATE(F21,"-",G21) -> ALR_ANEMOMETRO-Allarme guasto anemometro | B21: =VLOOKUP(A21,'EXPORT IRIS PROD 13-11-2024'!A:A,1,0) -> ALR_ANEMOMETRO-Allarme guasto anemometro | C21: =VLOOKUP(F21,'EXPORT IRIS PROD 13-11-2024'!F:F,1,0) -> ALR_ANEMOMETRO | D21: =VLOOKUP(G21,'EXPORT IRIS PROD 13-11-2024'!D:D,1,0) -> Allarme guasto anemometro | E21: Ventilazione-ANOMALIA | F21: ALR_ANEMOMETRO | G21: Allarme guasto anemometro | H21: Impianto Ventilazione | I21: Anemometro | J21: NO | K21: Impiantisti | L21: NA | M21: Bassa | N21: Blu | O21: NO
A22: =CONCATENATE(F22,"-",G22) -> ALR_ANTA_ESTINTORE_APERTA-Allarme apertura anta estintore colonnina SOS | B22: =VLOOKUP(A22,'EXPORT IRIS PROD 13-11-2024'!A:A,1,0) -> ALR_ANTA_ESTINTORE_APERTA-Allarme apertura anta estintore colonnina SOS | C22: =VLOOKUP(F22,'EXPORT IRIS PROD 13-11-2024'!F:F,1,0) -> ALR_ANTA_ESTINTORE_APERTA | D22: =VLOOKUP(G22,'EXPORT IRIS PROD 13-11-2024'!D:D,1,0) -> Allarme apertura anta estintore colonnina SOS | E22: Impianto SOS-ANOMALIA | F22: ALR_ANTA_ESTINTORE_APERTA | G22: Allarme apertura anta estintore colonnina SOS | H22: Impianto SOS | I22: Colonnina Sos | J22: NO | K22: Impiantisti | L22: NA | M22: Bassa | N22: Blu | O22: NO
A23: =CONCATENATE(F23,"-",G23) -> ALR_ANTE_INFERIORI-Allarme ante inferiori | B23: =VLOOKUP(A23,'EXPORT IRIS PROD 13-11-2024'!A:A,1,0) -> ALR_ANTE_INFERIORI-Allarme ante inferiori | C23: =VLOOKUP(F23,'EXPORT IRIS PROD 13-11-2024'!F:F,1,0) -> ALR_ANTE_INFERIORI | D23: =VLOOKUP(G23,'EXPORT IRIS PROD 13-11-2024'!D:D,1,0) -> Allarme ante inferiori | E23: Impianto SOS-ANOMALIA | F23: ALR_ANTE_INFERIORI | G23: Allarme ante inferiori | H23: Impianto SOS | I23: Colonnina Sos | J23: NO | K23: Impiantisti | L23: NA | M23: Bassa | N23: Blu | O23: NO
A24: =CONCATENATE(F24,"-",G24) -> ALR_ANTE_SUPERIORI-Allarme ante superiori | B24: =VLOOKUP(A24,'EXPORT IRIS PROD 13-11-2024'!A:A,1,0) -> ALR_ANTE_SUPERIORI-Allarme ante superiori | C24: =VLOOKUP(F24,'EXPORT IRIS PROD 13-11-2024'!F:F,1,0) -> ALR_ANTE_SUPERIORI | D24: =VLOOKUP(G24,'EXPORT IRIS PROD 13-11-2024'!D:D,1,0) -> Allarme ante superiori | E24: Impianto SOS-ANOMALIA | F24: ALR_ANTE_SUPERIORI | G24: Allarme ante superiori | H24: Impianto SOS | I24: Colonnina Sos | J24: NO | K24: Impiantisti | L24: NA | M24: Bassa | N24: Blu | O24: NO
A25: =CONCATENATE(F25,"-",G25) -> ALR_APERTURA_IMMOTIVATA_GCB-Allarme apertura immotivata contattore generatore | B25: =VLOOKUP(A25,'EXPORT IRIS PROD 13-11-2024'!A:A,1,0) -> ALR_APERTURA_IMMOTIVATA_GCB-Allarme apertura immotivata contattore generatore | C25: =VLOOKUP(F25,'EXPORT IRIS PROD 13-11-2024'!F:F,1,0) -> ALR_APERTURA_IMMOTIVATA_GCB | D25: =VLOOKUP(G25,'EXPORT IRIS PROD 13-11-2024'!D:D,1,0) -> Allarme apertura immotivata contattore generatore | E25: Impianto Elettrico-ANOMALIA | F25: ALR_APERTURA_IMMOTIVATA_GCB | G25: Allarme apertura immotivata contattore generatore | H25: Impianto Elettrico | I25: Gruppo elettrogeno | J25: NO | K25: Impiantisti | L25: NA | M25: Bassa | N25: Blu | O25: NO
A26: =CONCATENATE(F26,"-",G26) -> ALR_APERTURA_IMMOTIVATA_MCB-Allarme apertura immotivata contattore di rete | B26: =VLOOKUP(A26,'EXPORT IRIS PROD 13-11-2024'!A:A,1,0) -> ALR_APERTURA_IMMOTIVATA_MCB-Allarme apertura immotivata contattore di rete | C26: =VLOOKUP(F26,'EXPORT IRIS PROD 13-11-2024'!F:F,1,0) -> ALR_APERTURA_IMMOTIVATA_MCB | D26: =VLOOKUP(G26,'EXPORT IRIS PROD 13-11-2024'!D:D,1,0) -> Allarme apertura immotivata contattore di rete | E26: Impianto Elettrico-ANOMALIA | F26: ALR_APERTURA_IMMOTIVATA_MCB | G26: Allarme apertura immotivata contattore di rete | H26: Impianto Elettrico | I26: Gruppo elettrogeno | J26: NO | K26: Impiantisti | L26: NA | M26: Bassa | N26: Blu | O26: NO
A27: =CONCATENATE(F27,"-",G27) -> ALR_ARRESTO_EMERGENZA-Allarme arresto Gruppo Elettrogeno | B27: =VLOOKUP(A27,'EXPORT IRIS PROD 13-11-2024'!A:A,1,0) -> ALR_ARRESTO_EMERGENZA-Allarme arresto Gruppo Elettrogeno | C27: =VLOOKUP(F27,'EXPORT IRIS PROD 13-11-2024'!F:F,1,0) -> ALR_ARRESTO_EMERGENZA | D27: =VLOOKUP(G27,'EXPORT IRIS PROD 13-11-2024'!D:D,1,0) -> Allarme arresto Gruppo Elettrogeno | E27: Impianto Elettrico-ANOMALIA | F27: ALR_ARRESTO_EMERGENZA | G27: Allarme arresto Gruppo Elettrogeno | H27: Impianto Elettrico | I27: Gruppo elettrogeno | J27: NO | K27: Impiantisti | L27: NA | M27: Bassa | N27: Blu | O27: NO
A28: =CONCATENATE(F28,"-",G28) -> ALR_ASSENZA_RETE-Allarme assenza rete | B28: =VLOOKUP(A28,'EXPORT IRIS PROD 13-11-2024'!A:A,1,0) -> ALR_ASSENZA_RETE-Allarme assenza rete | C28: =VLOOKUP(F28,'EXPORT IRIS PROD 13-11-2024'!F:F,1,0) -> ALR_ASSENZA_RETE | D28: =VLOOKUP(G28,'EXPORT IRIS PROD 13-11-2024'!D:D,1,0) -> Allarme assenza rete | E28: Impianto Elettrico-ANOMALIA | F28: ALR_ASSENZA_RETE | G28: Allarme assenza rete | H28: Impianto Elettrico | I28: UPS | J28: NO | K28: Impiantisti | L28: NA | M28: Bassa | N28: Blu | O28: NO
A29: =CONCATENATE(F29,"-",G29) -> ALR_ASSENZA_TENSIONE-Allarme assenza tensione dispositivo | B29: =VLOOKUP(A29,'EXPORT IRIS PROD 13-11-2024'!A:A,1,0) -> ALR_ASSENZA_TENSIONE-Allarme assenza tensione dispositivo | C29: =VLOOKUP(F29,'EXPORT IRIS PROD 13-11-2024'!F:F,1,0) -> ALR_ASSENZA_TENSIONE | D29: =VLOOKUP(G29,'EXPORT IRIS PROD 13-11-2024'!D:D,1,0) -> Allarme assenza tensione dispositivo | E29: Impianto Rilevazione Incendio-ANOMALIA | F29: ALR_ASSENZA_TENSIONE | G29: Allarme assenza tensione dispositivo | H29: Impianto Rilevazione Incendio | I29: Centralina rilevazione incendio | J29: SI | K29: Sala operativa e Impiantisti | L29: 3 | M29: Bassa | N29: Blu | O29: NO
A30: =CONCATENATE(F30,"-",G30) -> ALR_ASSENZA_TENSIONE_2_IMP-Allarme assenza tensione dispositivo | B30: =VLOOKUP(A30,'EXPORT IRIS PROD 13-11-2024'!A:A,1,0) -> ALR_ASSENZA_TENSIONE_2_IMP-Allarme assenza tensione dispositivo | C30: =VLOOKUP(F30,'EXPORT IRIS PROD 13-11-2024'!F:F,1,0) -> ALR_ASSENZA_TENSIONE_2_IMP | D30: =VLOOKUP(G30,'EXPORT IRIS PROD 13-11-2024'!D:D,1,0) -> Allarme assenza tensione dispositivo | E30: Canalizzazione-ANOMALIA | F30: ALR_ASSENZA_TENSIONE_2_IMP | G30: Allarme assenza tensione dispositivo | H30: Impianto Canalizzazione | I30: Rotocartello | J30: NO | K30: Impiantisti | L30: NA | M30: Bassa | N30: Blu | O30: NO
A31: =CONCATENATE(F31,"-",G31) -> ALR_ASSENZA_TENSIONE_2_IMP-Allarme assenza tensione dispositivo | B31: =VLOOKUP(A31,'EXPORT IRIS PROD 13-11-2024'!A:A,1,0) -> ALR_ASSENZA_TENSIONE_2_IMP-Allarme assenza tensione dispositivo | C31: =VLOOKUP(F31,'EXPORT IRIS PROD 13-11-2024'!F:F,1,0) -> ALR_ASSENZA_TENSIONE_2_IMP | D31: =VLOOKUP(G31,'EXPORT IRIS PROD 13-11-2024'!D:D,1,0) -> Allarme assenza tensione dispositivo | E31: Impianto Elettrico-ANOMALIA | F31: ALR_ASSENZA_TENSIONE_2_IMP | G31: Allarme assenza tensione dispositivo | H31: Impianto Elettrico | I31: Gruppo elettrogeno | J31: NO | K31: Impiantisti | L31: NA | M31: Bassa | N31: Blu | O31: NO
A32: =CONCATENATE(F32,"-",G32) -> ALR_ASSENZA_TENSIONE_2_IMP-Allarme assenza tensione dispositivo | B32: =VLOOKUP(A32,'EXPORT IRIS PROD 13-11-2024'!A:A,1,0) -> ALR_ASSENZA_TENSIONE_2_IMP-Allarme assenza tensione dispositivo | C32: =VLOOKUP(F32,'EXPORT IRIS PROD 13-11-2024'!F:F,1,0) -> ALR_ASSENZA_TENSIONE_2_IMP | D32: =VLOOKUP(G32,'EXPORT IRIS PROD 13-11-2024'!D:D,1,0) -> Allarme assenza tensione dispositivo | E32: Impianto Elettrico-ANOMALIA | F32: ALR_ASSENZA_TENSIONE_2_IMP | G32: Allarme assenza tensione dispositivo | H32: Impianto Elettrico | I32: Interruttore relè | J32: NO | K32: Impiantisti | L32: NA | M32: Bassa | N32: Blu | O32: NO
A33: =CONCATENATE(F33,"-",G33) -> ALR_ASSENZA_TENSIONE_2_IMP-Allarme assenza tensione dispositivo | B33: =VLOOKUP(A33,'EXPORT IRIS PROD 13-11-2024'!A:A,1,0) -> ALR_ASSENZA_TENSIONE_2_IMP-Allarme assenza tensione dispositivo | C33: =VLOOKUP(F33,'EXPORT IRIS PROD 13-11-2024'!F:F,1,0) -> ALR_ASSENZA_TENSIONE_2_IMP | D33: =VLOOKUP(G33,'EXPORT IRIS PROD 13-11-2024'!D:D,1,0) -> Allarme assenza tensione dispositivo | E33: Impianto Elettrico-ANOMALIA | F33: ALR_ASSENZA_TENSIONE_2_IMP | G33: Allarme assenza tensione dispositivo | H33: Impianto Elettrico | I33: Quadro elettrico | J33: NO | K33: Impiantisti | L33: NA | M33: Bassa | N33: Blu | O33: NO
A34: =CONCATENATE(F34,"-",G34) -> ALR_ASSENZA_TENSIONE_2_IMP-Allarme assenza tensione dispositivo | B34: =VLOOKUP(A34,'EXPORT IRIS PROD 13-11-2024'!A:A,1,0) -> ALR_ASSENZA_TENSIONE_2_IMP-Allarme assenza tensione dispositivo | C34: =VLOOKUP(F34,'EXPORT IRIS PROD 13-11-2024'!F:F,1,0) -> ALR_ASSENZA_TENSIONE_2_IMP | D34: =VLOOKUP(G34,'EXPORT IRIS PROD 13-11-2024'!D:D,1,0) -> Allarme assenza tensione dispositivo | E34: Illuminazione-ANOMALIA | F34: ALR_ASSENZA_TENSIONE_2_IMP | G34: Allarme assenza tensione dispositivo | H34: Impianto Illuminazione | I34: Guida led | J34: NO | K34: Impiantisti | L34: NA | M34: Bassa | N34: Blu | O34: NO
A35: =CONCATENATE(F35,"-",G35) -> ALR_ASSENZA_TENSIONE_2_IMP-Allarme assenza tensione dispositivo | B35: =VLOOKUP(A35,'EXPORT IRIS PROD 13-11-2024'!A:A,1,0) -> ALR_ASSENZA_TENSIONE_2_IMP-Allarme assenza tensione dispositivo | C35: =VLOOKUP(F35,'EXPORT IRIS PROD 13-11-2024'!F:F,1,0) -> ALR_ASSENZA_TENSIONE_2_IMP | D35: =VLOOKUP(G35,'EXPORT IRIS PROD 13-11-2024'!D:D,1,0) -> Allarme assenza tensione dispositivo | E35: Impianto SOS-ANOMALIA | F35: ALR_ASSENZA_TENSIONE_2_IMP | G35: Allarme assenza tensione dispositivo | H35: Impianto SOS | I35: Colonnina Sos | J35: NO | K35: Impiantisti | L35: NA | M35: Bassa | N35: Blu | O35: NO
A36: =CONCATENATE(F36,"-",G36) -> ALR_ASSIMETRIA_ALTERNATORE-Allarme assimetria alternatore | B36: =VLOOKUP(A36,'EXPORT IRIS PROD 13-11-2024'!A:A,1,0) -> ALR_ASSIMETRIA_ALTERNATORE-Allarme assimetria alternatore | C36: =VLOOKUP(F36,'EXPORT IRIS PROD 13-11-2024'!F:F,1,0) -> ALR_ASSIMETRIA_ALTERNATORE | D36: =VLOOKUP(G36,'EXPORT IRIS PROD 13-11-2024'!D:D,1,0) -> Allarme assimetria alternatore | E36: Impianto Elettrico-ANOMALIA | F36: ALR_ASSIMETRIA_ALTERNATORE | G36: Allarme assimetria alternatore | H36: Impianto Elettrico | I36: Gruppo elettrogeno | J36: NO | K36: Impiantisti | L36: NA | M36: Bassa | N36: Blu | O36: NO
A37: =CONCATENATE(F37,"-",G37) -> ALR_ASSIMETRIA_RETE-Allarme assimetria rete | B37: =VLOOKUP(A37,'EXPORT IRIS PROD 13-11-2024'!A:A,1,0) -> ALR_ASSIMETRIA_RETE-Allarme assimetria rete | C37: =VLOOKUP(F37,'EXPORT IRIS PROD 13-11-2024'!F:F,1,0) -> ALR_ASSIMETRIA_RETE | D37: =VLOOKUP(G37,'EXPORT IRIS PROD 13-11-2024'!D:D,1,0) -> Allarme assimetria rete | E37: Impianto Elettrico-ANOMALIA | F37: ALR_ASSIMETRIA_RETE | G37: Allarme assimetria rete | H37: Impianto Elettrico | I37: Gruppo elettrogeno | J37: NO | K37: Impiantisti | L37: NA | M37: Bassa | N37: Blu | O37: NO
A38: =CONCATENATE(F38,"-",G38) -> ALR_ASSIMETRIA_RETE-Allarme assimetria rete | B38: =VLOOKUP(A38,'EXPORT IRIS PROD 13-11-2024'!A:A,1,0) -> ALR_ASSIMETRIA_RETE-Allarme assimetria rete | C38: =VLOOKUP(F38,'EXPORT IRIS PROD 13-11-2024'!F:F,1,0) -> ALR_ASSIMETRIA_RETE | D38: =VLOOKUP(G38,'EXPORT IRIS PROD 13-11-2024'!D:D,1,0) -> Allarme assimetria rete | E38: Impianto Elettrico-ANOMALIA | F38: ALR_ASSIMETRIA_RETE | G38: Allarme assimetria rete | H38: Impianto Elettrico | I38: UPS | J38: NO | K38: Impiantisti | L38: NA | M38: Bassa | N38: Blu | O38: NO
A39: =CONCATENATE(F39,"-",G39) -> ALR_ASSORBIMENTO-Allarme assorbimento ventilatore | B39: =VLOOKUP(A39,'EXPORT IRIS PROD 13-11-2024'!A:A,1,0) -> ALR_ASSORBIMENTO-Allarme assorbimento ventilatore | C39: =VLOOKUP(F39,'EXPORT IRIS PROD 13-11-2024'!F:F,1,0) -> ALR_ASSORBIMENTO | D39: =VLOOKUP(G39,'EXPORT IRIS PROD 13-11-2024'!D:D,1,0) -> Allarme assorbimento ventilatore | E39: Ventilazione-ANOMALIA | F39: ALR_ASSORBIMENTO | G39: Allarme assorbimento ventilatore | H39: Impianto Ventilazione | I39: Ventilatore | J39: NO | K39: Impiantisti | L39: NA | M39: Bassa | N39: Blu | O39: NO
A40: =CONCATENATE(F40,"-",G40) -> ALR_AVARIA_ALIMENTATORI-Allarme avaria alimentatori | B40: =VLOOKUP(A40,'EXPORT IRIS PROD 13-11-2024'!A:A,1,0) -> ALR_AVARIA_ALIMENTATORI-Allarme avaria alimentatori | C40: =VLOOKUP(F40,'EXPORT IRIS PROD 13-11-2024'!F:F,1,0) -> ALR_AVARIA_ALIMENTATORI | D40: =VLOOKUP(G40,'EXPORT IRIS PROD 13-11-2024'!D:D,1,0) -> Allarme avaria alimentatori | E40: Canalizzazione-ANOMALIA | F40: ALR_AVARIA_ALIMENTATORI | G40: Allarme avaria alimentatori | H40: Impianto Canalizzazione | I40: PMV/Frecciacroce | J40: NO | K40: Impiantisti | L40: NA | M40: Bassa | N40: Blu | O40: NO
A41: =CONCATENATE(F41,"-",G41) -> ALR_AVARIA_CENTRALINA_ANTINCENDIO-Allarme avaria centralina incendio | B41: =VLOOKUP(A41,'EXPORT IRIS PROD 13-11-2024'!A:A,1,0) -> ALR_AVARIA_CENTRALINA_ANTINCENDIO-Allarme avaria centralina incendio | C41: =VLOOKUP(F41,'EXPORT IRIS PROD 13-11-2024'!F:F,1,0) -> ALR_AVARIA_CENTRALINA_ANTINCENDIO | D41: =VLOOKUP(G41,'EXPORT IRIS PROD 13-11-2024'!D:D,1,0) -> Allarme avaria centralina incendio | E41: Impianto Rilevazione Incendio-ANOMALIA | F41: ALR_AVARIA_CENTRALINA_ANTINCENDIO | G41: Allarme avaria centralina incendio | H41: Impianto Rilevazione Incendio | I41: Centralina antincendio | J41: SI | K41: Sala operativa e Impiantisti | L41: 3 | M41: Alta | N41: Rosso | O41: SI
A42: =CONCATENATE(F42,"-",G42) -> ALR_AVARIA_LED-Allarme avaria LED | B42: =VLOOKUP(A42,'EXPORT IRIS PROD 13-11-2024'!A:A,1,0) -> ALR_AVARIA_LED-Allarme avaria LED | C42: =VLOOKUP(F42,'EXPORT IRIS PROD 13-11-2024'!F:F,1,0) -> ALR_AVARIA_LED | D42: =VLOOKUP(G42,'EXPORT IRIS PROD 13-11-2024'!D:D,1,0) -> Allarme avaria LED | E42: Canalizzazione-ANOMALIA | F42: ALR_AVARIA_LED | G42: Allarme avaria LED | H42: Impianto Canalizzazione | I42: PMV/Frecciacroce | J42: NO | K42: Impiantisti | L42: NA | M42: Bassa | N42: Blu | O42: NO
A43: =CONCATENATE(F43,"-",G43) -> ALR_AVARIA_LINEA_INTERNA-Allarme avaria linea interna | B43: =VLOOKUP(A43,'EXPORT IRIS PROD 13-11-2024'!A:A,1,0) -> ALR_AVARIA_LINEA_INTERNA-Allarme avaria linea interna | C43: =VLOOKUP(F43,'EXPORT IRIS PROD 13-11-2024'!F:F,1,0) -> ALR_AVARIA_LINEA_INTERNA | D43: =VLOOKUP(G43,'EXPORT IRIS PROD 13-11-2024'!D:D,1,0) -> Allarme avaria linea interna | E43: Canalizzazione-ANOMALIA | F43: ALR_AVARIA_LINEA_INTERNA | G43: Allarme avaria linea interna | H43: Impianto Canalizzazione | I43: PMV/Frecciacroce | J43: NO | K43: Impiantisti | L43: NA | M43: Bassa | N43: Blu | O43: NO
A44: =CONCATENATE(F44,"-",G44) -> ALR_AVARIA_SERBATOIO-Allarme serbatoio GE in avaria | B44: =VLOOKUP(A44,'EXPORT IRIS PROD 13-11-2024'!A:A,1,0) -> ALR_AVARIA_SERBATOIO-Allarme serbatoio GE in avaria | C44: =VLOOKUP(F44,'EXPORT IRIS PROD 13-11-2024'!F:F,1,0) -> ALR_AVARIA_SERBATOIO | D44: =VLOOKUP(G44,'EXPORT IRIS PROD 13-11-2024'!D:D,1,0) -> Allarme serbatoio GE in avaria | E44: Impianto Elettrico-ANOMALIA | F44: ALR_AVARIA_SERBATOIO | G44: Allarme serbatoio GE in avaria | H44: Impianto Elettrico | I44: Gruppo elettrogeno (serbatoio) | J44: NO | K44: Impiantisti | L44: NA | M44: Bassa | N44: Blu | O44: NO
A45: =CONCATENATE(F45,"-",G45) -> ALR_AVARIA_SERIALE_NE-Allarme avaria seriale NE | B45: =VLOOKUP(A45,'EXPORT IRIS PROD 13-11-2024'!A:A,1,0) -> ALR_AVARIA_SERIALE_NE-Allarme avaria seriale NE | C45: =VLOOKUP(F45,'EXPORT IRIS PROD 13-11-2024'!F:F,1,0) -> ALR_AVARIA_SERIALE_NE | D45: =VLOOKUP(G45,'EXPORT IRIS PROD 13-11-2024'!D:D,1,0) -> Allarme avaria seriale NE | E45: Canalizzazione-ANOMALIA | F45: ALR_AVARIA_SERIALE_NE | G45: Allarme avaria seriale NE | H45: Impianto Canalizzazione | I45: PMV/Frecciacroce | J45: NO | K45: Impiantisti | L45: NA | M45: Bassa | N45: Blu | O45: NO
A46: =CONCATENATE(F46,"-",G46) -> ALR_AVARIA_SERIALE_NW-Allarme avaria seriale NW | B46: =VLOOKUP(A46,'EXPORT IRIS PROD 13-11-2024'!A:A,1,0) -> ALR_AVARIA_SERIALE_NW-Allarme avaria seriale NW | C46: =VLOOKUP(F46,'EXPORT IRIS PROD 13-11-2024'!F:F,1,0) -> ALR_AVARIA_SERIALE_NW | D46: =VLOOKUP(G46,'EXPORT IRIS PROD 13-11-2024'!D:D,1,0) -> Allarme avaria seriale NW | E46: Canalizzazione-ANOMALIA | F46: ALR_AVARIA_SERIALE_NW | G46: Allarme avaria seriale NW | H46: Impianto Canalizzazione | I46: PMV/Frecciacroce | J46: NO | K46: Impiantisti | L46: NA | M46: Bassa | N46: Blu | O46: NO
A47: =CONCATENATE(F47,"-",G47) -> ALR_AVARIA_SERIALE_SE-Allarme avaria seriale SE | B47: =VLOOKUP(A47,'EXPORT IRIS PROD 13-11-2024'!A:A,1,0) -> ALR_AVARIA_SERIALE_SE-Allarme avaria seriale SE | C47: =VLOOKUP(F47,'EXPORT IRIS PROD 13-11-2024'!F:F,1,0) -> ALR_AVARIA_SERIALE_SE | D47: =VLOOKUP(G47,'EXPORT IRIS PROD 13-11-2024'!D:D,1,0) -> Allarme avaria seriale SE | E47: Canalizzazione-ANOMALIA | F47: ALR_AVARIA_SERIALE_SE | G47: Allarme avaria seriale SE | H47: Impianto Canalizzazione | I47: PMV/Frecciacroce | J47: NO | K47: Impiantisti | L47: NA | M47: Bassa | N47: Blu | O47: NO
A48: =CONCATENATE(F48,"-",G48) -> ALR_AVARIA_SERIALE_SW-Allarme avaria seriale SW | B48: =VLOOKUP(A48,'EXPORT IRIS PROD 13-11-2024'!A:A,1,0) -> ALR_AVARIA_SERIALE_SW-Allarme avaria seriale SW | C48: =VLOOKUP(F48,'EXPORT IRIS PROD 13-11-2024'!F:F,1,0) -> ALR_AVARIA_SERIALE_SW | D48: =VLOOKUP(G48,'EXPORT IRIS PROD 13-11-2024'!D:D,1,0) -> Allarme avaria seriale SW | E48: Canalizzazione-ANOMALIA | F48: ALR_AVARIA_SERIALE_SW | G48: Allarme avaria seriale SW | H48: Impianto Canalizzazione | I48: PMV/Frecciacroce | J48: NO | K48: Impiantisti | L48: NA | M48: Bassa | N48: Blu | O48: NO
A49: =CONCATENATE(F49,"-",G49) -> ALR_AVARIA_TEMPERATURE-Allarme avaria temperatura | B49: =VLOOKUP(A49,'EXPORT IRIS PROD 13-11-2024'!A:A,1,0) -> ALR_AVARIA_TEMPERATURE-Allarme avaria temperatura | C49: =VLOOKUP(F49,'EXPORT IRIS PROD 13-11-2024'!F:F,1,0) -> ALR_AVARIA_TEMPERATURE | D49: =VLOOKUP(G49,'EXPORT IRIS PROD 13-11-2024'!D:D,1,0) -> Allarme avaria temperatura | E49: Canalizzazione-ANOMALIA | F49: ALR_AVARIA_TEMPERATURE | G49: Allarme avaria temperatura | H49: Impianto Canalizzazione | I49: PMV/Frecciacroce | J49: NO | K49: Impiantisti | L49: NA | M49: Bassa | N49: Blu | O49: NO
A50: =CONCATENATE(F50,"-",G50) -> ALR_BASSA_PRESSIONE-Allarme bassa pressione Gruppo Elettrogeno | B50: =VLOOKUP(A50,'EXPORT IRIS PROD 13-11-2024'!A:A,1,0) -> ALR_BASSA_PRESSIONE-Allarme bassa pressione Gruppo Elettrogeno | C50: =VLOOKUP(F50,'EXPORT IRIS PROD 13-11-2024'!F:F,1,0) -> ALR_BASSA_PRESSIONE | D50: =VLOOKUP(G50,'EXPORT IRIS PROD 13-11-2024'!D:D,1,0) -> Allarme bassa pressione Gruppo Elettrogeno | E50: Impianto Elettrico-ANOMALIA | F50: ALR_BASSA_PRESSIONE | G50: Allarme bassa pressione Gruppo Elettrogeno | H50: Impianto Elettrico | I50: Gruppo elettrogeno | J50: NO | K50: Impiantisti | L50: NA | M50: Bassa | N50: Blu | O50: NO
A51: =CONCATENATE(F51,"-",G51) -> ALR_BASSA_TENSIONE_RETE-Allarme bassa tensione rete | B51: =VLOOKUP(A51,'EXPORT IRIS PROD 13-11-2024'!A:A,1,0) -> ALR_BASSA_TENSIONE_RETE-Allarme bassa tensione rete | C51: =VLOOKUP(F51,'EXPORT IRIS PROD 13-11-2024'!F:F,1,0) -> ALR_BASSA_TENSIONE_RETE | D51: =VLOOKUP(G51,'EXPORT IRIS PROD 13-11-2024'!D:D,1,0) -> Allarme bassa tensione rete | E51: Impianto Elettrico-ANOMALIA | F51: ALR_BASSA_TENSIONE_RETE | G51: Allarme bassa tensione rete | H51: Impianto Elettrico | I51: Gruppo elettrogeno | J51: NO | K51: Impiantisti | L51: NA | M51: Bassa | N51: Blu | O51: NO
A52: =CONCATENATE(F52,"-",G52) -> ALR_BASSISSIMO_LIV_GASOLIO_SERB-Allarme livello gasolio bassissimo | B52: =VLOOKUP(A52,'EXPORT IRIS PROD 13-11-2024'!A:A,1,0) -> ALR_BASSISSIMO_LIV_GASOLIO_SERB-Allarme livello gasolio bassissimo | C52: =VLOOKUP(F52,'EXPORT IRIS PROD 13-11-2024'!F:F,1,0) -> ALR_BASSISSIMO_LIV_GASOLIO_SERB | D52: =VLOOKUP(G52,'EXPORT IRIS PROD 13-11-2024'!D:D,1,0) -> Allarme livello gasolio bassissimo | E52: Impianto Elettrico-ANOMALIA | F52: ALR_BASSISSIMO_LIV_GASOLIO_SERB | G52: Allarme livello gasolio bassissimo | H52: Impianto Elettrico | I52: Gruppo elettrogeno | J52: NO | K52: Impiantisti | L52: NA | M52: Bassa | N52: Blu | O52: NO
A53: =CONCATENATE(F53,"-",G53) -> ALR_BASSO_LIV_GASOLIO_SERB-Allarme livello serbatoio gasolio in esaurimento | B53: =VLOOKUP(A53,'EXPORT IRIS PROD 13-11-2024'!A:A,1,0) -> ALR_BASSO_LIV_GASOLIO_SERB-Allarme livello serbatoio gasolio in esaurimento | C53: =VLOOKUP(F53,'EXPORT IRIS PROD 13-11-2024'!F:F,1,0) -> ALR_BASSO_LIV_GASOLIO_SERB | D53: =VLOOKUP(G53,'EXPORT IRIS PROD 13-11-2024'!D:D,1,0) -> Allarme livello serbatoio gasolio in esaurimento | E53: Impianto Elettrico-ANOMALIA | F53: ALR_BASSO_LIV_GASOLIO_SERB | G53: Allarme livello serbatoio gasolio in esaurimento | H53: Impianto Elettrico | I53: Serbatoio gasolio | J53: NO | K53: Impiantisti | L53: NA | M53: Media | N53: Arancione | O53: NO
... A71: =CONCATENATE(F71,"-",G71) -> ALR_CB3_CHIUSURA_FALLITA-Allarme CB3 chiusura fallita | B71: =VLOOKUP(A71,'EXPORT IRIS PROD 13-11-2024'!A:A,1,0) -> ALR_CB3_CHIUSURA_FALLITA-Allarme CB3 chiusura fallita | C71: =VLOOKUP(F71,'EXPORT IRIS PROD 13-11-2024'!F:F,1,0) -> ALR_CB3_CHIUSURA_FALLITA | D71: =VLOOKUP(G71,'EXPORT IRIS PROD 13-11-2024'!D:D,1,0) -> Allarme CB3 chiusura fallita | E71: Impianto Elettrico-ANOMALIA | F71: ALR_CB3_CHIUSURA_FALLITA | G71: Allarme CB3 chiusura fallita | H71: Impianto Elettrico | I71: Centralina scambio rete-gruppo | J71: NO | K71: Impiantisti | L71: NA | M71: Bassa | N71: Blu | O71: NO
A72: =CONCATENATE(F72,"-",G72) -> ALR_CENTRALINA-Allarme centralina rilevazione incendio | B72: =VLOOKUP(A72,'EXPORT IRIS PROD 13-11-2024'!A:A,1,0) -> ALR_CENTRALINA-Allarme centralina rilevazione incendio | C72: =VLOOKUP(F72,'EXPORT IRIS PROD 13-11-2024'!F:F,1,0) -> ALR_CENTRALINA | D72: =VLOOKUP(G72,'EXPORT IRIS PROD 13-11-2024'!D:D,1,0) -> Allarme centralina rilevazione incendio | E72: Impianto Rilevazione Incendio-ANOMALIA | F72: ALR_CENTRALINA | G72: Allarme centralina rilevazione incendio | H72: Impianto Rilevazione Incendio | I72: Centralina rilevazione incendio | J72: SI | K72: Sala operativa e Impiantisti | L72: 2 | M72: Bassa | N72: Blu | O72: NO
A73: =CONCATENATE(F73,"-",G73) -> ALR_CENTRALINA_NON_PRONTA-Allarme centralina non pronta | B73: =VLOOKUP(A73,'EXPORT IRIS PROD 13-11-2024'!A:A,1,0) -> ALR_CENTRALINA_NON_PRONTA-Allarme centralina non pronta | C73: =VLOOKUP(F73,'EXPORT IRIS PROD 13-11-2024'!F:F,1,0) -> ALR_CENTRALINA_NON_PRONTA | D73: =VLOOKUP(G73,'EXPORT IRIS PROD 13-11-2024'!D:D,1,0) -> Allarme centralina non pronta | E73: Videosorveglianza-ANOMALIA | F73: ALR_CENTRALINA_NON_PRONTA | G73: Allarme centralina non pronta | H73: Impianto Videosorveglianza | I73: Centralina Contamezzi | J73: NO | K73: Impiantisti | L73: NA | M73: Bassa | N73: Blu | O73: NO
A74: =CONCATENATE(F74,"-",G74) -> ALR_CENTRALINA_SCAMBIO_RETE_GRUPPO-Allarme centralina scambio rete gruppo | B74: =VLOOKUP(A74,'EXPORT IRIS PROD 13-11-2024'!A:A,1,0) -> ALR_CENTRALINA_SCAMBIO_RETE_GRUPPO-Allarme centralina scambio rete gruppo | C74: =VLOOKUP(F74,'EXPORT IRIS PROD 13-11-2024'!F:F,1,0) -> ALR_CENTRALINA_SCAMBIO_RETE_GRUPPO | D74: =VLOOKUP(G74,'EXPORT IRIS PROD 13-11-2024'!D:D,1,0) -> Allarme centralina scambio rete gruppo | E74: Impianto Elettrico-ANOMALIA | F74: ALR_CENTRALINA_SCAMBIO_RETE_GRUPPO | G74: Allarme centralina scambio rete gruppo | H74: Impianto Elettrico | I74: Centralina scambio | J74: SI | K74: Sala operativa e Impiantisti | L74: 2 | M74: Bassa | N74: Blu | O74: NO
A75: =CONCATENATE(F75,"-",G75) -> ALR_CENTRALINA_TRAFO-Allarme centralina Trasformatore | B75: =VLOOKUP(A75,'EXPORT IRIS PROD 13-11-2024'!A:A,1,0) -> ALR_CENTRALINA_TRAFO-Allarme centralina Trasformatore | C75: =VLOOKUP(F75,'EXPORT IRIS PROD 13-11-2024'!F:F,1,0) -> ALR_CENTRALINA_TRAFO | D75: =VLOOKUP(G75,'EXPORT IRIS PROD 13-11-2024'!D:D,1,0) -> Allarme centralina Trasformatore | E75: Impianto Elettrico-ANOMALIA | F75: ALR_CENTRALINA_TRAFO | G75: Allarme centralina Trasformatore | H75: Impianto Elettrico | I75: Trasformatore | J75: NO | K75: Impiantisti | L75: NA | M75: Bassa | N75: Blu | O75: NO
A76: =CONCATENATE(F76,"-",G76) -> ALR_CHIUSURA_IMMOTIVATA_GCB-Allarme chiusura immotivata contattore generatore | B76: =VLOOKUP(A76,'EXPORT IRIS PROD 13-11-2024'!A:A,1,0) -> ALR_CHIUSURA_IMMOTIVATA_GCB-Allarme chiusura immotivata contattore generatore | C76: =VLOOKUP(F76,'EXPORT IRIS PROD 13-11-2024'!F:F,1,0) -> ALR_CHIUSURA_IMMOTIVATA_GCB | D76: =VLOOKUP(G76,'EXPORT IRIS PROD 13-11-2024'!D:D,1,0) -> Allarme chiusura immotivata contattore generatore | E76: Impianto Elettrico-ANOMALIA | F76: ALR_CHIUSURA_IMMOTIVATA_GCB | G76: Allarme chiusura immotivata contattore generatore | H76: Impianto Elettrico | I76: Gruppo elettrogeno | J76: NO | K76: Impiantisti | L76: NA | M76: Bassa | N76: Blu | O76: NO
A77: =CONCATENATE(F77,"-",G77) -> ALR_CHIUSURA_IMMOTIVATA_MCB-Allarme chiusura immotivata contattore di rete | B77: =VLOOKUP(A77,'EXPORT IRIS PROD 13-11-2024'!A:A,1,0) -> ALR_CHIUSURA_IMMOTIVATA_MCB-Allarme chiusura immotivata contattore di rete | C77: =VLOOKUP(F77,'EXPORT IRIS PROD 13-11-2024'!F:F,1,0) -> ALR_CHIUSURA_IMMOTIVATA_MCB | D77: =VLOOKUP(G77,'EXPORT IRIS PROD 13-11-2024'!D:D,1,0) -> Allarme chiusura immotivata contattore di rete | E77: Impianto Elettrico-ANOMALIA | F77: ALR_CHIUSURA_IMMOTIVATA_MCB | G77: Allarme chiusura immotivata contattore di rete | H77: Impianto Elettrico | I77: Gruppo elettrogeno | J77: NO | K77: Impiantisti | L77: NA | M77: Bassa | N77: Blu | O77: NO
A78: =CONCATENATE(F78,"-",G78) -> ALR_CO_DIR_NORD_CASO_A-Allarme CO caso A dir. nord | B78: =VLOOKUP(A78,'EXPORT IRIS PROD 13-11-2024'!A:A,1,0) -> ALR_CO_DIR_NORD_CASO_A-Allarme CO caso A dir. nord | C78: =VLOOKUP(F78,'EXPORT IRIS PROD 13-11-2024'!F:F,1,0) -> ALR_CO_DIR_NORD_CASO_A | D78: =VLOOKUP(G78,'EXPORT IRIS PROD 13-11-2024'!D:D,1,0) -> Allarme CO caso A dir. nord | E78: Inquinamento da Sensori CO-OP-AN-NO | F78: ALR_CO_DIR_NORD_CASO_A | G78: Allarme CO caso A dir. nord | H78: Impianto Ventilazione | I78: CO | J78: SI | K78: Sala operativa e Impiantisti | L78: 3 | M78: Bassa | N78: Blu | O78: NO
A79: =CONCATENATE(F79,"-",G79) -> ALR_CO_DIR_NORD_CASO_B-Allarme CO caso B dir. nord | B79: =VLOOKUP(A79,'EXPORT IRIS PROD 13-11-2024'!A:A,1,0) -> ALR_CO_DIR_NORD_CASO_B-Allarme CO caso B dir. nord | C79: =VLOOKUP(F79,'EXPORT IRIS PROD 13-11-2024'!F:F,1,0) -> ALR_CO_DIR_NORD_CASO_B | D79: =VLOOKUP(G79,'EXPORT IRIS PROD 13-11-2024'!D:D,1,0) -> Allarme CO caso B dir. nord | E79: Inquinamento da Sensori CO-OP-AN-NO | F79: ALR_CO_DIR_NORD_CASO_B | G79: Allarme CO caso B dir. nord | H79: Impianto Ventilazione | I79: CO | J79: SI | K79: Sala operativa e Impiantisti | L79: 3 | M79: Media | N79: Arancione | O79: NO
A80: =CONCATENATE(F80,"-",G80) -> ALR_CO_DIR_NORD_CASO_C-Allarme CO caso C dir. nord | B80: =VLOOKUP(A80,'EXPORT IRIS PROD 13-11-2024'!A:A,1,0) -> ALR_CO_DIR_NORD_CASO_C-Allarme CO caso C dir. nord | C80: =VLOOKUP(F80,'EXPORT IRIS PROD 13-11-2024'!F:F,1,0) -> ALR_CO_DIR_NORD_CASO_C | D80: =VLOOKUP(G80,'EXPORT IRIS PROD 13-11-2024'!D:D,1,0) -> Allarme CO caso C dir. nord | E80: Inquinamento da Sensori CO-OP-AN-NO | F80: ALR_CO_DIR_NORD_CASO_C | G80: Allarme CO caso C dir. nord | H80: Impianto Ventilazione | I80: CO | J80: SI | K80: Sala operativa e Impiantisti | L80: 2 | M80: Altissima | N80: Viola | O80: SI
A81: =CONCATENATE(F81,"-",G81) -> ALR_CO_DIR_SUD_CASO_A-Allarme CO caso A dir. sud | B81: =VLOOKUP(A81,'EXPORT IRIS PROD 13-11-2024'!A:A,1,0) -> ALR_CO_DIR_SUD_CASO_A-Allarme CO caso A dir. sud | C81: =VLOOKUP(F81,'EXPORT IRIS PROD 13-11-2024'!F:F,1,0) -> ALR_CO_DIR_SUD_CASO_A | D81: =VLOOKUP(G81,'EXPORT IRIS PROD 13-11-2024'!D:D,1,0) -> Allarme CO caso A dir. sud | E81: Inquinamento da Sensori CO-OP-AN-NO | F81: ALR_CO_DIR_SUD_CASO_A | G81: Allarme CO caso A dir. sud | H81: Impianto Ventilazione | I81: CO | J81: SI | K81: Sala operativa e Impiantisti | L81: 3 | M81: Bassa | N81: Blu | O81: NO
A82: =CONCATENATE(F82,"-",G82) -> ALR_CO_DIR_SUD_CASO_B-Allarme CO caso B dir. sud | B82: =VLOOKUP(A82,'EXPORT IRIS PROD 13-11-2024'!A:A,1,0) -> ALR_CO_DIR_SUD_CASO_B-Allarme CO caso B dir. sud | C82: =VLOOKUP(F82,'EXPORT IRIS PROD 13-11-2024'!F:F,1,0) -> ALR_CO_DIR_SUD_CASO_B | D82: =VLOOKUP(G82,'EXPORT IRIS PROD 13-11-2024'!D:D,1,0) -> Allarme CO caso B dir. sud | E82: Inquinamento da Sensori CO-OP-AN-NO | F82: ALR_CO_DIR_SUD_CASO_B | G82: Allarme CO caso B dir. sud | H82: Impianto Ventilazione | I82: CO | J82: SI | K82: Sala operativa e Impiantisti | L82: 3 | M82: Media | N82: Arancione | O82: NO
A83: =CONCATENATE(F83,"-",G83) -> ALR_CO_DIR_SUD_CASO_C-Allarme CO caso C dir. sud | B83: =VLOOKUP(A83,'EXPORT IRIS PROD 13-11-2024'!A:A,1,0) -> ALR_CO_DIR_SUD_CASO_C-Allarme CO caso C dir. sud | C83: =VLOOKUP(F83,'EXPORT IRIS PROD 13-11-2024'!F:F,1,0) -> ALR_CO_DIR_SUD_CASO_C | D83: =VLOOKUP(G83,'EXPORT IRIS PROD 13-11-2024'!D:D,1,0) -> Allarme CO caso C dir. sud | E83: Inquinamento da Sensori CO-OP-AN-NO | F83: ALR_CO_DIR_SUD_CASO_C | G83: Allarme CO caso C dir. sud | H83: Impianto Ventilazione | I83: CO | J83: SI | K83: Sala operativa e Impiantisti | L83: 2 | M83: Altissima | N83: Viola | O83: SI
A84: =CONCATENATE(F84,"-",G84) -> ALR_CO_OP_DIR_NORD_CASO_A-Allarme CO-OP caso A dir. nord | B84: =VLOOKUP(A84,'EXPORT IRIS PROD 13-11-2024'!A:A,1,0) -> ALR_CO_OP_DIR_NORD_CASO_A-Allarme CO-OP caso A dir. nord | C84: =VLOOKUP(F84,'EXPORT IRIS PROD 13-11-2024'!F:F,1,0) -> ALR_CO_OP_DIR_NORD_CASO_A | D84: =VLOOKUP(G84,'EXPORT IRIS PROD 13-11-2024'!D:D,1,0) -> Allarme CO-OP caso A dir. nord | E84: Inquinamento da Sensori CO-OP-AN-NO | F84: ALR_CO_OP_DIR_NORD_CASO_A | G84: Allarme CO-OP caso A dir. nord | H84: Impianto Ventilazione | I84: CO-OP | J84: SI | K84: Sala operativa e Impiantisti | L84: 3 | M84: Bassa | N84: Blu | O84: NO
A85: =CONCATENATE(F85,"-",G85) -> ALR_CO_OP_DIR_NORD_CASO_B-Allarme CO-OP caso B dir. nord | B85: =VLOOKUP(A85,'EXPORT IRIS PROD 13-11-2024'!A:A,1,0) -> ALR_CO_OP_DIR_NORD_CASO_B-Allarme CO-OP caso B dir. nord | C85: =VLOOKUP(F85,'EXPORT IRIS PROD 13-11-2024'!F:F,1,0) -> ALR_CO_OP_DIR_NORD_CASO_B | D85: =VLOOKUP(G85,'EXPORT IRIS PROD 13-11-2024'!D:D,1,0) -> Allarme CO-OP caso B dir. nord | E85: Inquinamento da Sensori CO-OP-AN-NO | F85: ALR_CO_OP_DIR_NORD_CASO_B | G85: Allarme CO-OP caso B dir. nord | H85: Impianto Ventilazione | I85: CO-OP | J85: SI | K85: Sala operativa e Impiantisti | L85: 3 | M85: Media | N85: Arancione | O85: NO
A86: =CONCATENATE(F86,"-",G86) -> ALR_CO_OP_DIR_NORD_CASO_C-Allarme CO-OP caso C dir. nord | B86: =VLOOKUP(A86,'EXPORT IRIS PROD 13-11-2024'!A:A,1,0) -> ALR_CO_OP_DIR_NORD_CASO_C-Allarme CO-OP caso C dir. nord | C86: =VLOOKUP(F86,'EXPORT IRIS PROD 13-11-2024'!F:F,1,0) -> ALR_CO_OP_DIR_NORD_CASO_C | D86: =VLOOKUP(G86,'EXPORT IRIS PROD 13-11-2024'!D:D,1,0) -> Allarme CO-OP caso C dir. nord | E86: Inquinamento da Sensori CO-OP-AN-NO | F86: ALR_CO_OP_DIR_NORD_CASO_C | G86: Allarme CO-OP caso C dir. nord | H86: Impianto Ventilazione | I86: CO-OP | J86: SI | K86: Sala operativa e Impiantisti | L86: 2 | M86: Altissima | N86: Viola | O86: SI
A87: =CONCATENATE(F87,"-",G87) -> ALR_CO_OP_DIR_SUD_CASO_A-Allarme CO-OP caso A dir. sud | B87: =VLOOKUP(A87,'EXPORT IRIS PROD 13-11-2024'!A:A,1,0) -> ALR_CO_OP_DIR_SUD_CASO_A-Allarme CO-OP caso A dir. sud | C87: =VLOOKUP(F87,'EXPORT IRIS PROD 13-11-2024'!F:F,1,0) -> ALR_CO_OP_DIR_SUD_CASO_A | D87: =VLOOKUP(G87,'EXPORT IRIS PROD 13-11-2024'!D:D,1,0) -> Allarme CO-OP caso A dir. sud | E87: Inquinamento da Sensori CO-OP-AN-NO | F87: ALR_CO_OP_DIR_SUD_CASO_A | G87: Allarme CO-OP caso A dir. sud | H87: Impianto Ventilazione | I87: CO-OP | J87: SI | K87: Sala operativa e Impiantisti | L87: 3 | M87: Bassa | N87: Blu | O87: NO
A88: =CONCATENATE(F88,"-",G88) -> ALR_CO_OP_DIR_SUD_CASO_B-Allarme CO-OP caso B dir. sud | B88: =VLOOKUP(A88,'EXPORT IRIS PROD 13-11-2024'!A:A,1,0) -> ALR_CO_OP_DIR_SUD_CASO_B-Allarme CO-OP caso B dir. sud | C88: =VLOOKUP(F88,'EXPORT IRIS PROD 13-11-2024'!F:F,1,0) -> ALR_CO_OP_DIR_SUD_CASO_B | D88: =VLOOKUP(G88,'EXPORT IRIS PROD 13-11-2024'!D:D,1,0) -> Allarme CO-OP caso B dir. sud | E88: Inquinamento da Sensori CO-OP-AN-NO | F88: ALR_CO_OP_DIR_SUD_CASO_B | G88: Allarme CO-OP caso B dir. sud | H88: Impianto Ventilazione | I88: CO-OP | J88: SI | K88: Sala operativa e Impiantisti | L88: 3 | M88: Media | N88: Arancione | O88: NO
A89: =CONCATENATE(F89,"-",G89) -> ALR_CO_OP_DIR_SUD_CASO_C-Allarme CO-OP caso C dir. sud | B89: =VLOOKUP(A89,'EXPORT IRIS PROD 13-11-2024'!A:A,1,0) -> ALR_CO_OP_DIR_SUD_CASO_C-Allarme CO-OP caso C dir. sud | C89: =VLOOKUP(F89,'EXPORT IRIS PROD 13-11-2024'!F:F,1,0) -> ALR_CO_OP_DIR_SUD_CASO_C | D89: =VLOOKUP(G89,'EXPORT IRIS PROD 13-11-2024'!D:D,1,0) -> Allarme CO-OP caso C dir. sud | E89: Inquinamento da Sensori CO-OP-AN-NO | F89: ALR_CO_OP_DIR_SUD_CASO_C | G89: Allarme CO-OP caso C dir. sud | H89: Impianto Ventilazione | I89: CO-OP | J89: SI | K89: Sala operativa e Impiantisti | L89: 2 | M89: Altissima | N89: Viola | O89: SI
A90: =CONCATENATE(F90,"-",G90) -> ALR_COMMUTAZIONE_400V-Allarme commutazione 400V | B90: =VLOOKUP(A90,'EXPORT IRIS PROD 13-11-2024'!A:A,1,0) -> ALR_COMMUTAZIONE_400V-Allarme commutazione 400V | C90: =VLOOKUP(F90,'EXPORT IRIS PROD 13-11-2024'!F:F,1,0) -> ALR_COMMUTAZIONE_400V | D90: =VLOOKUP(G90,'EXPORT IRIS PROD 13-11-2024'!D:D,1,0) -> Allarme commutazione 400V | E90: Impianto Elettrico-ANOMALIA | F90: ALR_COMMUTAZIONE_400V | G90: Allarme commutazione 400V | H90: Impianto Elettrico | I90: Quadro elettrico | J90: NO | K90: Impiantisti | L90: NA | M90: Bassa | N90: Blu | O90: NO
A91: =CONCATENATE(F91,"-",G91) -> ALR_COMMUTAZIONE_690V-Allarme commutazione 690V | B91: =VLOOKUP(A91,'EXPORT IRIS PROD 13-11-2024'!A:A,1,0) -> ALR_COMMUTAZIONE_690V-Allarme commutazione 690V | C91: =VLOOKUP(F91,'EXPORT IRIS PROD 13-11-2024'!F:F,1,0) -> ALR_COMMUTAZIONE_690V | D91: =VLOOKUP(G91,'EXPORT IRIS PROD 13-11-2024'!D:D,1,0) -> Allarme commutazione 690V | E91: Impianto Elettrico-ANOMALIA | F91: ALR_COMMUTAZIONE_690V | G91: Allarme commutazione 690V | H91: Impianto Elettrico | I91: Quadro elettrico | J91: NO | K91: Impiantisti | L91: NA | M91: Bassa | N91: Blu | O91: NO
A92: =CONCATENATE(F92,"-",G92) -> ALR_COMMUTAZIONE_ILL-Allarme commutazione illuminazione | B92: =VLOOKUP(A92,'EXPORT IRIS PROD 13-11-2024'!A:A,1,0) -> ALR_COMMUTAZIONE_ILL-Allarme commutazione illuminazione | C92: =VLOOKUP(F92,'EXPORT IRIS PROD 13-11-2024'!F:F,1,0) -> ALR_COMMUTAZIONE_ILL | D92: =VLOOKUP(G92,'EXPORT IRIS PROD 13-11-2024'!D:D,1,0) -> Allarme commutazione illuminazione | E92: Impianto Elettrico-ANOMALIA | F92: ALR_COMMUTAZIONE_ILL | G92: Allarme commutazione illuminazione | H92: Impianto Elettrico | I92: Quadro elettrico | J92: NO | K92: Impiantisti | L92: NA | M92: Bassa | N92: Blu | O92: NO
A93: =CONCATENATE(F93,"-",G93) -> ALR_COMMUTAZIONE_RETE-Allarme commutazione rete | B93: =VLOOKUP(A93,'EXPORT IRIS PROD 13-11-2024'!A:A,1,0) -> ALR_COMMUTAZIONE_RETE-Allarme commutazione rete | C93: =VLOOKUP(F93,'EXPORT IRIS PROD 13-11-2024'!F:F,1,0) -> ALR_COMMUTAZIONE_RETE | D93: =VLOOKUP(G93,'EXPORT IRIS PROD 13-11-2024'!D:D,1,0) -> Allarme commutazione rete | E93: Impianto Elettrico-ANOMALIA | F93: ALR_COMMUTAZIONE_RETE | G93: Allarme commutazione rete | H93: Impianto Elettrico | I93: Quadro elettrico | J93: NO | K93: Impiantisti | L93: NA | M93: Bassa | N93: Blu | O93: NO
A94: =CONCATENATE(F94,"-",G94) -> ALR_COMMUTAZIONE_VENT-Allarme commutazione ventilazione | B94: =VLOOKUP(A94,'EXPORT IRIS PROD 13-11-2024'!A:A,1,0) -> ALR_COMMUTAZIONE_VENT-Allarme commutazione ventilazione | C94: =VLOOKUP(F94,'EXPORT IRIS PROD 13-11-2024'!F:F,1,0) -> ALR_COMMUTAZIONE_VENT | D94: =VLOOKUP(G94,'EXPORT IRIS PROD 13-11-2024'!D:D,1,0) -> Allarme commutazione ventilazione | E94: Impianto Elettrico-ANOMALIA | F94: ALR_COMMUTAZIONE_VENT | G94: Allarme commutazione ventilazione | H94: Impianto Elettrico | I94: Quadro elettrico | J94: NO | K94: Impiantisti | L94: NA | M94: Bassa | N94: Blu | O94: NO
A95: =CONCATENATE(F95,"-",G95) -> ALR_COMUNICAZIONE-Allarme comunicazione dispositivo | B95: =VLOOKUP(A95,'EXPORT IRIS PROD 13-11-2024'!A:A,1,0) -> ALR_COMUNICAZIONE-Allarme comunicazione dispositivo | C95: =VLOOKUP(F95,'EXPORT IRIS PROD 13-11-2024'!F:F,1,0) -> ALR_COMUNICAZIONE | D95: =VLOOKUP(G95,'EXPORT IRIS PROD 13-11-2024'!D:D,1,0) -> Allarme comunicazione dispositivo | E95: Errore PLC | F95: ALR_COMUNICAZIONE | G95: Allarme comunicazione dispositivo | H95: Impianto Rete dati | I95: PLC | J95: SI | K95: Sala operativa e Impiantisti | L95: 3 | M95: Alta | N95: Rosso | O95: SI
A96: =CONCATENATE(F96,"-",G96) -> ALR_COMUNICAZIONE_1_IMP-Allarme comunicazione dispositivo | B96: =VLOOKUP(A96,'EXPORT IRIS PROD 13-11-2024'!A:A,1,0) -> ALR_COMUNICAZIONE_1_IMP-Allarme comunicazione dispositivo | C96: =VLOOKUP(F96,'EXPORT IRIS PROD 13-11-2024'!F:F,1,0) -> ALR_COMUNICAZIONE_1_IMP | D96: =VLOOKUP(G96,'EXPORT IRIS PROD 13-11-2024'!D:D,1,0) -> Allarme comunicazione dispositivo | E96: Canalizzazione-ANOMALIA | F96: ALR_COMUNICAZIONE_1_IMP | G96: Allarme comunicazione dispositivo | H96: Impianto Canalizzazione | I96: PMV/Frecciacroce | J96: NO | K96: Impiantisti | L96: NA | M96: Media | N96: Arancione | O96: NO
A97: =CONCATENATE(F97,"-",G97) -> ALR_COMUNICAZIONE_2_IMP-Allarme comunicazione dispositivo | B97: =VLOOKUP(A97,'EXPORT IRIS PROD 13-11-2024'!A:A,1,0) -> ALR_COMUNICAZIONE_2_IMP-Allarme comunicazione dispositivo | C97: =VLOOKUP(F97,'EXPORT IRIS PROD 13-11-2024'!F:F,1,0) -> ALR_COMUNICAZIONE_2_IMP | D97: =VLOOKUP(G97,'EXPORT IRIS PROD 13-11-2024'!D:D,1,0) -> Allarme comunicazione dispositivo | E97: Impianto Rilevazione Incendio-ANOMALIA | F97: ALR_COMUNICAZIONE_2_IMP | G97: Allarme comunicazione dispositivo | H97: Impianto Rilevazione Incendio | I97: Centralina rilevazione incendio | J97: NO | K97: Impiantisti | L97: NA | M97: Bassa | N97: Blu | O97: NO
A98: =CONCATENATE(F98,"-",G98) -> ALR_COMUNICAZIONE_2_IMP-Allarme comunicazione dispositivo | B98: =VLOOKUP(A98,'EXPORT IRIS PROD 13-11-2024'!A:A,1,0) -> ALR_COMUNICAZIONE_2_IMP-Allarme comunicazione dispositivo | C98: =VLOOKUP(F98,'EXPORT IRIS PROD 13-11-2024'!F:F,1,0) -> ALR_COMUNICAZIONE_2_IMP | D98: =VLOOKUP(G98,'EXPORT IRIS PROD 13-11-2024'!D:D,1,0) -> Allarme comunicazione dispositivo | E98: Impianto Elettrico-ANOMALIA | F98: ALR_COMUNICAZIONE_2_IMP | G98: Allarme comunicazione dispositivo | H98: Impianto Elettrico | I98: Gruppo elettrogeno | J98: NO | K98: Impiantisti | L98: NA | M98: Bassa | N98: Blu | O98: NO
A99: =CONCATENATE(F99,"-",G99) -> ALR_COMUNICAZIONE_2_IMP-Allarme comunicazione dispositivo | B99: =VLOOKUP(A99,'EXPORT IRIS PROD 13-11-2024'!A:A,1,0) -> ALR_COMUNICAZIONE_2_IMP-Allarme comunicazione dispositivo | C99: =VLOOKUP(F99,'EXPORT IRIS PROD 13-11-2024'!F:F,1,0) -> ALR_COMUNICAZIONE_2_IMP | D99: =VLOOKUP(G99,'EXPORT IRIS PROD 13-11-2024'!D:D,1,0) -> Allarme comunicazione dispositivo | E99: Impianto Elettrico-ANOMALIA | F99: ALR_COMUNICAZIONE_2_IMP | G99: Allarme comunicazione dispositivo | H99: Impianto Elettrico | I99: Multimetro | J99: NO | K99: Impiantisti | L99: NA | M99: Bassa | N99: Blu | O99: NO
A100: =CONCATENATE(F100,"-",G100) -> ALR_COMUNICAZIONE_2_IMP-Allarme comunicazione dispositivo | B100: =VLOOKUP(A100,'EXPORT IRIS PROD 13-11-2024'!A:A,1,0) -> ALR_COMUNICAZIONE_2_IMP-Allarme comunicazione dispositivo | C100: =VLOOKUP(F100,'EXPORT IRIS PROD 13-11-2024'!F:F,1,0) -> ALR_COMUNICAZIONE_2_IMP | D100: =VLOOKUP(G100,'EXPORT IRIS PROD 13-11-2024'!D:D,1,0) -> Allarme comunicazione dispositivo | E100: Impianto Elettrico-ANOMALIA | F100: ALR_COMUNICAZIONE_2_IMP | G100: Allarme comunicazione dispositivo | H100: Impianto Elettrico | I100: Quadro elettrico | J100: NO | K100: Impiantisti | L100: NA | M100: Bassa | N100: Blu | O100: NO
A101: =CONCATENATE(F101,"-",G101) -> ALR_COMUNICAZIONE_2_IMP-Allarme comunicazione dispositivo | B101: =VLOOKUP(A101,'EXPORT IRIS PROD 13-11-2024'!A:A,1,0) -> ALR_COMUNICAZIONE_2_IMP-Allarme comunicazione dispositivo | C101: =VLOOKUP(F101,'EXPORT IRIS PROD 13-11-2024'!F:F,1,0) -> ALR_COMUNICAZIONE_2_IMP | D101: =VLOOKUP(G101,'EXPORT IRIS PROD 13-11-2024'!D:D,1,0) -> Allarme comunicazione dispositivo | E101: Impianto Elettrico-ANOMALIA | F101: ALR_COMUNICAZIONE_2_IMP | G101: Allarme comunicazione dispositivo | H101: Impianto Elettrico | I101: Sepam | J101: NO | K101: Impiantisti | L101: NA | M101: Bassa | N101: Blu | O101: NO
A102: =CONCATENATE(F102,"-",G102) -> ALR_COMUNICAZIONE_2_IMP-Allarme comunicazione dispositivo | B102: =VLOOKUP(A102,'EXPORT IRIS PROD 13-11-2024'!A:A,1,0) -> ALR_COMUNICAZIONE_2_IMP-Allarme comunicazione dispositivo | C102: =VLOOKUP(F102,'EXPORT IRIS PROD 13-11-2024'!F:F,1,0) -> ALR_COMUNICAZIONE_2_IMP | D102: =VLOOKUP(G102,'EXPORT IRIS PROD 13-11-2024'!D:D,1,0) -> Allarme comunicazione dispositivo | E102: Illuminazione-ANOMALIA | F102: ALR_COMUNICAZIONE_2_IMP | G102: Allarme comunicazione dispositivo | H102: Impianto Illuminazione | I102: Regolatore di flusso | J102: NO | K102: Impiantisti | L102: NA | M102: Bassa | N102: Blu | O102: NO
A103: =CONCATENATE(F103,"-",G103) -> ALR_COMUNICAZIONE_2_IMP-Allarme comunicazione dispositivo | B103: =VLOOKUP(A103,'EXPORT IRIS PROD 13-11-2024'!A:A,1,0) -> ALR_COMUNICAZIONE_2_IMP-Allarme comunicazione dispositivo | C103: =VLOOKUP(F103,'EXPORT IRIS PROD 13-11-2024'!F:F,1,0) -> ALR_COMUNICAZIONE_2_IMP | D103: =VLOOKUP(G103,'EXPORT IRIS PROD 13-11-2024'!D:D,1,0) -> Allarme comunicazione dispositivo | E103: Illuminazione-ANOMALIA | F103: ALR_COMUNICAZIONE_2_IMP | G103: Allarme comunicazione dispositivo | H103: Impianto Illuminazione | I103: Sonda di luminanza | J103: NO | K103: Impiantisti | L103: NA | M103: Bassa | N103: Blu | O103: NO
A104: =CONCATENATE(F104,"-",G104) -> ALR_COMUNICAZIONE_2_IMP-Allarme comunicazione dispositivo | B104: =VLOOKUP(A104,'EXPORT IRIS PROD 13-11-2024'!A:A,1,0) -> ALR_COMUNICAZIONE_2_IMP-Allarme comunicazione dispositivo | C104: =VLOOKUP(F104,'EXPORT IRIS PROD 13-11-2024'!F:F,1,0) -> ALR_COMUNICAZIONE_2_IMP | D104: =VLOOKUP(G104,'EXPORT IRIS PROD 13-11-2024'!D:D,1,0) -> Allarme comunicazione dispositivo | E104: Impianto Rete dati-ANOMALIA | F104: ALR_COMUNICAZIONE_2_IMP | G104: Allarme comunicazione dispositivo | H104: Impianto Rete dati | I104: PLC Rio | J104: NO | K104: Impiantisti | L104: NA | M104: Bassa | N104: Blu | O104: NO
A105: =CONCATENATE(F105,"-",G105) -> ALR_COMUNICAZIONE_2_IMP-Allarme comunicazione dispositivo | B105: =VLOOKUP(A105,'EXPORT IRIS PROD 13-11-2024'!A:A,1,0) -> ALR_COMUNICAZIONE_2_IMP-Allarme comunicazione dispositivo | C105: =VLOOKUP(F105,'EXPORT IRIS PROD 13-11-2024'!F:F,1,0) -> ALR_COMUNICAZIONE_2_IMP | D105: =VLOOKUP(G105,'EXPORT IRIS PROD 13-11-2024'!D:D,1,0) -> Allarme comunicazione dispositivo | E105: Impianto Rete dati-ANOMALIA | F105: ALR_COMUNICAZIONE_2_IMP | G105: Allarme comunicazione dispositivo | H105: Impianto Rete dati | I105: Switch SNMP | J105: NO | K105: Impiantisti | L105: NA | M105: Bassa | N105: Blu | O105: NO
A106: =CONCATENATE(F106,"-",G106) -> ALR_COMUNICAZIONE_2_IMP-Allarme comunicazione dispositivo | B106: =VLOOKUP(A106,'EXPORT IRIS PROD 13-11-2024'!A:A,1,0) -> ALR_COMUNICAZIONE_2_IMP-Allarme comunicazione dispositivo | C106: =VLOOKUP(F106,'EXPORT IRIS PROD 13-11-2024'!F:F,1,0) -> ALR_COMUNICAZIONE_2_IMP | D106: =VLOOKUP(G106,'EXPORT IRIS PROD 13-11-2024'!D:D,1,0) -> Allarme comunicazione dispositivo | E106: Impianto SOS-ANOMALIA | F106: ALR_COMUNICAZIONE_2_IMP | G106: Allarme comunicazione dispositivo | H106: Impianto SOS | I106: Colonnina Sos | J106: NO | K106: Impiantisti | L106: NA | M106: Bassa | N106: Blu | O106: NO
A107: =CONCATENATE(F107,"-",G107) -> ALR_COMUNICAZIONE_2_IMP-Allarme comunicazione dispositivo | B107: =VLOOKUP(A107,'EXPORT IRIS PROD 13-11-2024'!A:A,1,0) -> ALR_COMUNICAZIONE_2_IMP-Allarme comunicazione dispositivo | C107: =VLOOKUP(F107,'EXPORT IRIS PROD 13-11-2024'!F:F,1,0) -> ALR_COMUNICAZIONE_2_IMP | D107: =VLOOKUP(G107,'EXPORT IRIS PROD 13-11-2024'!D:D,1,0) -> Allarme comunicazione dispositivo | E107: Videosorveglianza-ANOMALIA | F107: ALR_COMUNICAZIONE_2_IMP | G107: Allarme comunicazione dispositivo | H107: Impianto Videosorveglianza | I107: Analizzatore video AID | J107: NO | K107: Impiantisti | L107: NA | M107: Bassa | N107: Blu | O107: NO
... A127: =CONCATENATE(F127,"-",G127) -> ALR_DISTACCO_TRAFO-Allarme distacco trafo | B127: =VLOOKUP(A127,'EXPORT IRIS PROD 13-11-2024'!A:A,1,0) -> ALR_DISTACCO_TRAFO-Allarme distacco trafo | C127: =VLOOKUP(F127,'EXPORT IRIS PROD 13-11-2024'!F:F,1,0) -> ALR_DISTACCO_TRAFO | D127: =VLOOKUP(G127,'EXPORT IRIS PROD 13-11-2024'!D:D,1,0) -> Allarme distacco trafo | E127: Impianto Elettrico-ANOMALIA | F127: ALR_DISTACCO_TRAFO | G127: Allarme distacco trafo | H127: Impianto Elettrico | I127: Trasformatore | J127: NO | K127: Impiantisti | L127: NA | M127: Bassa | N127: Blu | O127: NO
A128: =CONCATENATE(F128,"-",G128) -> ALR_ELETTROPOMPA_AVVIATA-Allarme elettropompa avviata | B128: =VLOOKUP(A128,'EXPORT IRIS PROD 13-11-2024'!A:A,1,0) -> ALR_ELETTROPOMPA_AVVIATA-Allarme elettropompa avviata | C128: =VLOOKUP(F128,'EXPORT IRIS PROD 13-11-2024'!F:F,1,0) -> ALR_ELETTROPOMPA_AVVIATA | D128: =VLOOKUP(G128,'EXPORT IRIS PROD 13-11-2024'!D:D,1,0) -> Allarme elettropompa avviata | E128: Antincendio | F128: ALR_ELETTROPOMPA_AVVIATA | G128: Allarme elettropompa avviata | H128: Impianto Antincendio | I128: Elettropompa | J128: SI | K128: Sala operativa e Impiantisti | L128: 2 | M128: Alta | N128: Rosso | O128: SI
A129: =CONCATENATE(F129,"-",G129) -> ALR_ELETTROVALVOLA_APERTA-Allarme elettrovalvola antincendio aperta | B129: =VLOOKUP(A129,'EXPORT IRIS PROD 13-11-2024'!A:A,1,0) -> ALR_ELETTROVALVOLA_APERTA-Allarme elettrovalvola antincendio aperta | C129: =VLOOKUP(F129,'EXPORT IRIS PROD 13-11-2024'!F:F,1,0) -> ALR_ELETTROVALVOLA_APERTA | D129: =VLOOKUP(G129,'EXPORT IRIS PROD 13-11-2024'!D:D,1,0) -> Allarme elettrovalvola antincendio aperta | E129: Antincendio | F129: ALR_ELETTROVALVOLA_APERTA | G129: Allarme elettrovalvola antincendio aperta | H129: Impianto Antincendio | I129: Elettrovalvola | J129: NO | K129: Impiantisti | L129: NA | M129: Bassa | N129: Blu | O129: NO
A130: =CONCATENATE(F130,"-",G130) -> ALR_ERRORE_COMUNICAZIONE-Allarme errore comunicazione dispositivo | B130: =VLOOKUP(A130,'EXPORT IRIS PROD 13-11-2024'!A:A,1,0) -> ALR_ERRORE_COMUNICAZIONE-Allarme errore comunicazione dispositivo | C130: =VLOOKUP(F130,'EXPORT IRIS PROD 13-11-2024'!F:F,1,0) -> ALR_ERRORE_COMUNICAZIONE | D130: =VLOOKUP(G130,'EXPORT IRIS PROD 13-11-2024'!D:D,1,0) -> Allarme errore comunicazione dispositivo | E130: Impianto Elettrico-ANOMALIA | F130: ALR_ERRORE_COMUNICAZIONE | G130: Allarme errore comunicazione dispositivo | H130: Impianto Elettrico | I130: Gruppo elettrogeno | J130: NO | K130: Impiantisti | L130: NA | M130: Bassa | N130: Blu | O130: NO
A131: =CONCATENATE(F131,"-",G131) -> ALR_ERRORE_ESECUZIONE_CMD-Allarme esecuzione comandi | B131: =VLOOKUP(A131,'EXPORT IRIS PROD 13-11-2024'!A:A,1,0) -> ALR_ERRORE_ESECUZIONE_CMD-Allarme esecuzione comandi | C131: =VLOOKUP(F131,'EXPORT IRIS PROD 13-11-2024'!F:F,1,0) -> ALR_ERRORE_ESECUZIONE_CMD | D131: =VLOOKUP(G131,'EXPORT IRIS PROD 13-11-2024'!D:D,1,0) -> Allarme esecuzione comandi | E131: Canalizzazione-ANOMALIA | F131: ALR_ERRORE_ESECUZIONE_CMD | G131: Allarme esecuzione comandi | H131: Impianto Canalizzazione | I131: PMV/Frecciacroce | J131: NO | K131: Impiantisti | L131: NA | M131: Bassa | N131: Blu | O131: NO
A132: =CONCATENATE(F132,"-",G132) -> ALR_ESCLUSIONE-Allarme esclusione | B132: =VLOOKUP(A132,'EXPORT IRIS PROD 13-11-2024'!A:A,1,0) -> ALR_ESCLUSIONE-Allarme esclusione | C132: =VLOOKUP(F132,'EXPORT IRIS PROD 13-11-2024'!F:F,1,0) -> ALR_ESCLUSIONE | D132: =VLOOKUP(G132,'EXPORT IRIS PROD 13-11-2024'!D:D,1,0) -> Allarme esclusione | E132: Ventilazione-ANOMALIA | F132: ALR_ESCLUSIONE | G132: Allarme esclusione | H132: Impianto Ventilazione | I132: OP | J132: NO | K132: Impiantisti | L132: NA | M132: Bassa | N132: Blu | O132: NO
A133: =CONCATENATE(F133,"-",G133) -> ALR_ESCLUSO_AUTO_MOTOPOMPA-Allarme esclusione Motopompa | B133: =VLOOKUP(A133,'EXPORT IRIS PROD 13-11-2024'!A:A,1,0) -> ALR_ESCLUSO_AUTO_MOTOPOMPA-Allarme esclusione Motopompa | C133: =VLOOKUP(F133,'EXPORT IRIS PROD 13-11-2024'!F:F,1,0) -> ALR_ESCLUSO_AUTO_MOTOPOMPA | D133: =VLOOKUP(G133,'EXPORT IRIS PROD 13-11-2024'!D:D,1,0) -> Allarme esclusione Motopompa | E133: Antincendio-ANOMALIA | F133: ALR_ESCLUSO_AUTO_MOTOPOMPA | G133: Allarme esclusione Motopompa | H133: Impianto Antincendio | I133: Motopompa | J133: NO | K133: Impiantisti | L133: NA | M133: Bassa | N133: Blu | O133: NO
A134: =CONCATENATE(F134,"-",G134) -> ALR_ESTRAZIONE_ESTINTORE-Allarme SOS estintore estratto | B134: =VLOOKUP(A134,'EXPORT IRIS PROD 13-11-2024'!A:A,1,0) -> ALR_ESTRAZIONE_ESTINTORE-Allarme SOS estintore estratto | C134: =VLOOKUP(F134,'EXPORT IRIS PROD 13-11-2024'!F:F,1,0) -> ALR_ESTRAZIONE_ESTINTORE | D134: =VLOOKUP(G134,'EXPORT IRIS PROD 13-11-2024'!D:D,1,0) -> Allarme SOS estintore estratto | E134: Soccorso SOS | F134: ALR_ESTRAZIONE_ESTINTORE | G134: Allarme SOS estintore estratto | H134: Impianto SOS | I134: Colonnina Sos | J134: SI | K134: Sala operativa e Impiantisti | L134: 1 | M134: Bassa | N134: Blu | O134: NO
A135: =CONCATENATE(F135,"-",G135) -> ALR_ESTRAZIONE_ESTINTORE_2-Allarme SOS estintore 2 estratto | B135: =VLOOKUP(A135,'EXPORT IRIS PROD 13-11-2024'!A:A,1,0) -> ALR_ESTRAZIONE_ESTINTORE_2-Allarme SOS estintore 2 estratto | C135: =VLOOKUP(F135,'EXPORT IRIS PROD 13-11-2024'!F:F,1,0) -> ALR_ESTRAZIONE_ESTINTORE_2 | D135: =VLOOKUP(G135,'EXPORT IRIS PROD 13-11-2024'!D:D,1,0) -> Allarme SOS estintore 2 estratto | E135: Soccorso SOS | F135: ALR_ESTRAZIONE_ESTINTORE_2 | G135: Allarme SOS estintore 2 estratto | H135: Impianto SOS | I135: Colonnina Sos | J135: SI | K135: Sala operativa e Impiantisti | L135: 1 | M135: Bassa | N135: Blu | O135: NO
A136: =CONCATENATE(F136,"-",G136) -> ALR_FILO_ISOLATO-Allarme filo D+ isolato | B136: =VLOOKUP(A136,'EXPORT IRIS PROD 13-11-2024'!A:A,1,0) -> ALR_FILO_ISOLATO-Allarme filo D+ isolato | C136: =VLOOKUP(F136,'EXPORT IRIS PROD 13-11-2024'!F:F,1,0) -> ALR_FILO_ISOLATO | D136: =VLOOKUP(G136,'EXPORT IRIS PROD 13-11-2024'!D:D,1,0) -> Allarme filo D+ isolato | E136: Impianto Elettrico-ANOMALIA | F136: ALR_FILO_ISOLATO | G136: Allarme filo D+ isolato | H136: Impianto Elettrico | I136: Gruppo elettrogeno | J136: NO | K136: Impiantisti | L136: NA | M136: Bassa | N136: Blu | O136: NO
...

Sheet NEW-Allarmi
A1: nome+descrizione | B1: CHECK nome+descrizione | C1: AGR | D1: GALLERIA | E1: STRADA | F1: CATEGORIA ALLARME | G1: CODICE ALLARME | H1: DESCRIZIONE ALLARME | I1: IMPIANTO | J1: DISPOSITIVO | K1: PRESENTE IN PROCEDURA | L1: CHI VISUALIZZA L'ALLARME | M1: ID ISTRUZIONE OPERATIVA ALLARMI | N1: PRIORITÀ ALLARME | O1: COLORE NOTIFICA ALLARME | P1: ALLARME SONORO RMT | Q1: NOTE Sinelec al 09/08/2024 | R1: NOTE Sinelec al 08/10/2024 | S1: NOTE Sinelec al 21/10/2024
A2: =CONCATENATE(G2,"-",H2) -> ALR_AVARIA_INGRESSI_DIGITALI_PLC-Allarme avaria Scheda Ingressi Digitali PLC | B2: =VLOOKUP(A2,'EXPORT IRIS PROD 13-11-2024'!A:A,1,0) -> ALR_AVARIA_INGRESSI_DIGITALI_PLC-Allarme avaria Scheda Ingressi Digitali PLC | C2: Campania | D2: STARZE | E2: SS 18 VAR CILENTANA | F2: Impianto Rete dati-ANOMALIA | G2: ALR_AVARIA_INGRESSI_DIGITALI_PLC | H2: Allarme avaria Scheda Ingressi Digitali PLC | I2: Impianto rete dati | J2: PLC primario/di cabina | K2: NO | L2: Impiantisti | M2: NA | N2: Bassa | O2: Blu | P2: NO | Q2: Nuovo inserimento classe allarme
A3: =CONCATENATE(G3,"-",H3) -> ALR_AVARIA_USCITE_DIGITALI_PLC-Allarme avaria Scheda Uscite Digitali PLC | B3: =VLOOKUP(A3,'EXPORT IRIS PROD 13-11-2024'!A:A,1,0) -> ALR_AVARIA_USCITE_DIGITALI_PLC-Allarme avaria Scheda Uscite Digitali PLC | C3: Campania | D3: STARZE | E3: SS 18 VAR CILENTANA | F3: Impianto Rete dati-ANOMALIA | G3: ALR_AVARIA_USCITE_DIGITALI_PLC | H3: Allarme avaria Scheda Uscite Digitali PLC | I3: Impianto rete dati | J3: PLC primario/di cabina | K3: NO | L3: Impiantisti | M3: NA | N3: Bassa | O3: Blu | P3: NO | Q3: Nuovo inserimento classe allarme
A4: =CONCATENATE(G4,"-",H4) -> ALR_GUASTO_2_IMP-Allarme guasto dispositivo | B4: =VLOOKUP(A4,'EXPORT IRIS PROD 13-11-2024'!A:A,1,0) -> ALR_GUASTO_2_IMP-Allarme guasto dispositivo | C4: Piemonte | D4: VERTA | E4: SS 229 DEL LAGO D'ORTA | F4: Impianto Radio | G4: ALR_GUASTO_2_IMP | H4: Allarme guasto dispositivo | I4: Impianto radio | J4: Centrale sonora | K4: NO | L4: Impiantisti | M4: NA | N4: Bassa | O4: Blu | P4: NO | Q4: Nuova associazione classe-dispositivo
A5: =CONCATENATE(G5,"-",H5) -> ALR_AVVIAMENTO_IN_CORSO-Allarme avviamento in corso | B5: =VLOOKUP(A5,'EXPORT IRIS PROD 13-11-2024'!A:A,1,0) -> ALR_AVVIAMENTO_IN_CORSO-Allarme avviamento in corso | C5: Piemonte | D5: VERTA | E5: SS 229 DEL LAGO D'ORTA | F5: Impianto Elettrico-ANOMALIA | G5: ALR_AVVIAMENTO_IN_CORSO | H5: Allarme avviamento in corso | I5: Impianto Elettrico | J5: Gruppo elettrogeno | K5: NO | L5: Impiantisti | M5: NA | N5: Media | O5: Arancione | P5: NO | Q5: Nuovo inserimento classe allarme
A6: =CONCATENATE(G6,"-",H6) -> ALR_ARRESTO_IN_CORSO-Allarme arresto in corso | B6: =VLOOKUP(A6,'EXPORT IRIS PROD 13-11-2024'!A:A,1,0) -> ALR_ARRESTO_IN_CORSO-Allarme arresto in corso | C6: Piemonte | D6: VERTA | E6: SS 229 DEL LAGO D'ORTA | F6: Impianto Elettrico-ANOMALIA | G6: ALR_ARRESTO_IN_CORSO | H6: Allarme arresto in corso | I6: Impianto Elettrico | J6: Gruppo elettrogeno | K6: NO | L6: Impiantisti | M6: NA | N6: Media | O6: Arancione | P6: NO | Q6: Nuovo inserimento classe allarme
A7: =CONCATENATE(G7,"-",H7) -> ALR_FAULT_MODULO_1-Allarme fault modulo 1 | B7: =VLOOKUP(A7,'EXPORT IRIS PROD 13-11-2024'!A:A,1,0) -> ALR_FAULT_MODULO_1-Allarme fault modulo 1 | C7: Piemonte | D7: VERTA | E7: SS 229 DEL LAGO D'ORTA | F7: Impianto Rete dati-ANOMALIA | G7: ALR_FAULT_MODULO_1 | H7: Allarme fault modulo 1 | I7: Impianto Rete dati | J7: PLC Rio | K7: NO | L7: Impiantisti | M7: NA | N7: Bassa | O7: Blu | P7: NO | Q7: Nuovo inserimento classe allarme
A8: =CONCATENATE(G8,"-",H8) -> ALR_FAULT_MODULO_2-Allarme fault modulo 2 | B8: =VLOOKUP(A8,'EXPORT IRIS PROD 13-11-2024'!A:A,1,0) -> ALR_FAULT_MODULO_2-Allarme fault modulo 2 | C8: Piemonte | D8: VERTA | E8: SS 229 DEL LAGO D'ORTA | F8: Impianto Rete dati-ANOMALIA | G8: ALR_FAULT_MODULO_2 | H8: Allarme fault modulo 2 | I8: Impianto Rete dati | J8: PLC Rio | K8: NO | L8: Impiantisti | M8: NA | N8: Bassa | O8: Blu | P8: NO | Q8: Nuovo inserimento classe allarme
A9: =CONCATENATE(G9,"-",H9) -> ALR_FAULT_MODULO_3-Allarme fault modulo 3 | B9: =VLOOKUP(A9,'EXPORT IRIS PROD 13-11-2024'!A:A,1,0) -> ALR_FAULT_MODULO_3-Allarme fault modulo 3 | C9: Piemonte | D9: VERTA | E9: SS 229 DEL LAGO D'ORTA | F9: Impianto Rete dati-ANOMALIA | G9: ALR_FAULT_MODULO_3 | H9: Allarme fault modulo 3 | I9: Impianto Rete dati | J9: PLC Rio | K9: NO | L9: Impiantisti | M9: NA | N9: Bassa | O9: Blu | P9: NO | Q9: Nuovo inserimento classe allarme
A10: =CONCATENATE(G10,"-",H10) -> ALR_FAULT_MODULO_4-Allarme fault modulo 4 | B10: =VLOOKUP(A10,'EXPORT IRIS PROD 13-11-2024'!A:A,1,0) -> ALR_FAULT_MODULO_4-Allarme fault modulo 4 | C10: Piemonte | D10: VERTA | E10: SS 229 DEL LAGO D'ORTA | F10: Impianto Rete dati-ANOMALIA | G10: ALR_FAULT_MODULO_4 | H10: Allarme fault modulo 4 | I10: Impianto Rete dati | J10: PLC Rio | K10: NO | L10: Impiantisti | M10: NA | N10: Bassa | O10: Blu | P10: NO | Q10: Nuovo inserimento classe allarme
A11: =CONCATENATE(G11,"-",H11) -> ALR_FAULT_MODULO_5-Allarme fault modulo 5 | B11: =VLOOKUP(A11,'EXPORT IRIS PROD 13-11-2024'!A:A,1,0) -> ALR_FAULT_MODULO_5-Allarme fault modulo 5 | C11: Piemonte | D11: VERTA | E11: SS 229 DEL LAGO D'ORTA | F11: Impianto Rete dati-ANOMALIA | G11: ALR_FAULT_MODULO_5 | H11: Allarme fault modulo 5 | I11: Impianto Rete dati | J11: PLC Rio | K11: NO | L11: Impiantisti | M11: NA | N11: Bassa | O11: Blu | P11: NO | Q11: Nuovo inserimento classe allarme
A12: =CONCATENATE(G12,"-",H12) -> ALR_FAULT_MODULO_6-Allarme fault modulo 6 | B12: =VLOOKUP(A12,'EXPORT IRIS PROD 13-11-2024'!A:A,1,0) -> ALR_FAULT_MODULO_6-Allarme fault modulo 6 | C12: Piemonte | D12: VERTA | E12: SS 229 DEL LAGO D'ORTA | F12: Impianto Rete dati-ANOMALIA | G12: ALR_FAULT_MODULO_6 | H12: Allarme fault modulo 6 | I12: Impianto Rete dati | J12: PLC Rio | K12: NO | L12: Impiantisti | M12: NA | N12: Bassa | O12: Blu | P12: NO | Q12: Nuovo inserimento classe allarme
A13: =CONCATENATE(G13,"-",H13) -> ALR_FAULT_MODULO_7-Allarme fault modulo 7 | B13: =VLOOKUP(A13,'EXPORT IRIS PROD 13-11-2024'!A:A,1,0) -> ALR_FAULT_MODULO_7-Allarme fault modulo 7 | C13: Piemonte | D13: VERTA | E13: SS 229 DEL LAGO D'ORTA | F13: Impianto Rete dati-ANOMALIA | G13: ALR_FAULT_MODULO_7 | H13: Allarme fault modulo 7 | I13: Impianto Rete dati | J13: PLC Rio | K13: NO | L13: Impiantisti | M13: NA | N13: Bassa | O13: Blu | P13: NO | Q13: Nuovo inserimento classe allarme
... A15: =CONCATENATE(G15,"-",H15) -> ALR_FAULT_MODULO_9-Allarme fault modulo 9 | B15: =VLOOKUP(A15,'EXPORT IRIS PROD 13-11-2024'!A:A,1,0) -> ALR_FAULT_MODULO_9-Allarme fault modulo 9 | C15: Piemonte | D15: VERTA | E15: SS 229 DEL LAGO D'ORTA | F15: Impianto Rete dati-ANOMALIA | G15: ALR_FAULT_MODULO_9 | H15: Allarme fault modulo 9 | I15: Impianto Rete dati | J15: PLC Rio | K15: NO | L15: Impiantisti | M15: NA | N15: Bassa | O15: Blu | P15: NO | Q15: Nuovo inserimento classe allarme
A16: =CONCATENATE(G16,"-",H16) -> ALR_CPU-Allarme CPU | B16: =VLOOKUP(A16,'EXPORT IRIS PROD 13-11-2024'!A:A,1,0) -> ALR_CPU-Allarme CPU | C16: Piemonte | D16: VERTA | E16: SS 229 DEL LAGO D'ORTA | F16: Errore PLC | G16: ALR_CPU | H16: Allarme CPU | I16: Impianto Rete dati | J16: PLC | K16: SI | L16: Sala operativa e Impiantisti | M16: 3 | N16: Alta | O16: Rosso | P16: SI | Q16: Nuovo inserimento classe allarme
A17: =CONCATENATE(G17,"-",H17) -> ALR_SEZ_SCATTATO-Allarme sezionatore scattato | B17: =VLOOKUP(A17,'EXPORT IRIS PROD 13-11-2024'!A:A,1,0) -> ALR_SEZ_SCATTATO-Allarme sezionatore scattato | C17: Piemonte | D17: VERTA | E17: SS 229 DEL LAGO D'ORTA | F17: Impianto Elettrico-ANOMALIA | G17: ALR_SEZ_SCATTATO | H17: Allarme sezionatore scattato | I17: Impianto Elettrico | J17: Sezionatore | K17: NO | L17: Impiantisti | M17: NA | N17: Bassa | O17: Blu | P17: NO | Q17: Nuovo inserimento classe allarme
A18: =CONCATENATE(G18,"-",H18) -> ALR-MULTI-FAULT-Allarme multimetro fault | B18: =VLOOKUP(A18,'EXPORT IRIS PROD 13-11-2024'!A:A,1,0) -> ALR-MULTI-FAULT-Allarme multimetro fault | C18: Piemonte | D18: VERTA | E18: SS 229 DEL LAGO D'ORTA | F18: Impianto Elettrico-ANOMALIA | G18: ALR-MULTI-FAULT | H18: Allarme multimetro fault | I18: Impianto Elettrico | J18: Multimetro | K18: NO | L18: Impiantisti | M18: NA | N18: Bassa | O18: Blu | P18: NO | Q18: Nuovo inserimento classe allarme
A19: =CONCATENATE(G19,"-",H19) -> ALR_GENERICO-Allarme dispositivo | B19: =VLOOKUP(A19,'EXPORT IRIS PROD 13-11-2024'!A:A,1,0) -> ALR_GENERICO-Allarme dispositivo | C19: Piemonte | D19: VERTA | E19: SS 229 DEL LAGO D'ORTA | F19: Impianto Elettrico-ANOMALIA | G19: ALR_GENERICO | H19: Allarme dispositivo | I19: Impianto Elettrico | J19: Centralina scambio rete-gruppo | K19: NO | L19: Impiantisti | M19: NA | N19: Bassa | O19: Blu | P19: NO | Q19: Nuova associazione classe-dispositivo
A20: =CONCATENATE(G20,"-",H20) -> CENTRALINA_TRIP_I-Centralina trip | B20: =VLOOKUP(A20,'EXPORT IRIS PROD 13-11-2024'!A:A,1,0) -> CENTRALINA_TRIP_I-Centralina trip | C20: Piemonte | D20: VERTA | E20: SS 229 DEL LAGO D'ORTA | F20: Impianto Elettrico-ANOMALIA | G20: CENTRALINA_TRIP_I | H20: Centralina trip | I20: Impianto elettrico | J20: Centralina scambio rete-gruppo | K20: NO | L20: Impiantisti | M20: NA | N20: Bassa | O20: Blu | P20: NO | Q20: Nuova associazione classe-dispositivo
A21: =CONCATENATE(G21,"-",H21) -> CENTRALINA_TRIP-Centralina trip | B21: =VLOOKUP(A21,'EXPORT IRIS PROD 13-11-2024'!A:A,1,0) -> CENTRALINA_TRIP-Centralina trip | C21: Piemonte | D21: VERTA | E21: SS 229 DEL LAGO D'ORTA | F21: Impianto Elettrico-ANOMALIA | G21: CENTRALINA_TRIP | H21: Centralina trip | I21: Impianto elettrico | J21: Trasformatore | K21: NO | L21: Impiantisti | M21: NA | N21: Bassa | O21: Blu | P21: NO | Q21: Nuova associazione classe-dispositivo
A22: =CONCATENATE(G22,"-",H22) -> CENTRALINA_TRIP_GRUPPO-Centralina trip Gruppo | B22: =VLOOKUP(A22,'EXPORT IRIS PROD 13-11-2024'!A:A,1,0) -> CENTRALINA_TRIP_GRUPPO-Centralina trip Gruppo | C22: Piemonte | D22: VERTA | E22: SS 229 DEL LAGO D'ORTA | F22: Impianto Elettrico-ANOMALIA | G22: CENTRALINA_TRIP_GRUPPO | H22: Centralina trip Gruppo | I22: Impianto elettrico | J22: Centralina scambio rete-gruppo | K22: NO | L22: Impiantisti | M22: NA | N22: Bassa | O22: Blu | P22: NO | Q22: Nuovo inserimento classe allarme
A23: =CONCATENATE(G23,"-",H23) -> ALR_GUASTO_2_IMP-Allarme guasto dispositivo | B23: =VLOOKUP(A23,'EXPORT IRIS PROD 13-11-2024'!A:A,1,0) -> ALR_GUASTO_2_IMP-Allarme guasto dispositivo | C23: Piemonte | D23: VERTA | E23: SS 229 DEL LAGO D'ORTA | F23: Impianto Elettrico-ANOMALIA | G23: ALR_GUASTO_2_IMP | H23: Allarme guasto dispositivo | I23: Impianto Elettrico | J23: Centrale antintrusione | K23: NO | L23: Impiantisti | M23: NA | N23: Bassa | O23: Blu | P23: NO | Q23: Nuova associazione classe-dispositivo
A24: =CONCATENATE(G24,"-",H24) -> ALR_NON_PRONTO-Allarme dispositivo non pronto | B24: =VLOOKUP(A24,'EXPORT IRIS PROD 13-11-2024'!A:A,1,0) -> ALR_NON_PRONTO-Allarme dispositivo non pronto | C24: Piemonte | D24: VERTA | E24: SS 229 DEL LAGO D'ORTA | F24: Errore PLC | G24: ALR_NON_PRONTO | H24: Allarme dispositivo non pronto | I24: Impianto Rete dati | J24: PLC | K24: SI | L24: Sala operativa e Impiantisti | M24: 3 | N24: Alta | O24: Rosso | P24: SI | Q24: Nuova associazione classe-dispositivo
A25: =CONCATENATE(G25,"-",H25) -> ALR_COMUNICAZIONE_2_IMP-Allarme comunicazione dispositivo | B25: =VLOOKUP(A25,'EXPORT IRIS PROD 13-11-2024'!A:A,1,0) -> ALR_COMUNICAZIONE_2_IMP-Allarme comunicazione dispositivo | C25: Piemonte | D25: VERTA | E25: SS 229 DEL LAGO D'ORTA | F25: Impianto Elettrico-ANOMALIA | G25: ALR_COMUNICAZIONE_2_IMP | H25: Allarme comunicazione dispositivo | I25: Impianto Elettrico | J25: Centralina scambio rete-gruppo | K25: NO | L25: Impiantisti | M25: NA | N25: Bassa | O25: Blu | P25: NO | Q25: Nuova associazione classe-dispositivo
A26: =CONCATENATE(G26,"-",H26) -> ALR_SURRISCALDAMENTO-Allarme surriscaldamento | B26: =VLOOKUP(A26,'EXPORT IRIS PROD 13-11-2024'!A:A,1,0) -> ALR_SURRISCALDAMENTO-Allarme surriscaldamento | C26: A2 | D26: SERRA SPIGA | E26: A2 | F26: Videosorveglianza-ANOMALIA | G26: ALR_SURRISCALDAMENTO | H26: Allarme surriscaldamento | I26: Impianto videosorveglianza | J26: Telecamera | K26: NO | L26: Impiantisti | M26: NA | N26: Bassa | O26: Blu | P26: NO | Q26: Nuovo inserimento classe allarme
A27: =CONCATENATE(G27,"-",H27) -> ALR_FAULT_CORSIA_3-Allarme fault corsia veloce | B27: =VLOOKUP(A27,'EXPORT IRIS PROD 13-11-2024'!A:A,1,0) -> ALR_FAULT_CORSIA_3-Allarme fault corsia veloce | C27: A2 | D27: SERRA SPIGA | E27: A2 | F27: Videosorveglianza-ANOMALIA | G27: ALR_FAULT_CORSIA_3 | H27: Allarme fault corsia veloce | I27: Impianto videosorveglianza | J27: Telecamera | K27: NO | L27: Impiantisti | M27: NA | N27: Bassa | O27: Blu | P27: NO | Q27: Nuovo inserimento classe allarme
A28: =CONCATENATE(G28,"-",H28) -> ALR_FAULT_CORSIA_1-Allarme fault corsia di emergenza | B28: =VLOOKUP(A28,'EXPORT IRIS PROD 13-11-2024'!A:A,1,0) -> ALR_FAULT_CORSIA_1-Allarme fault corsia di emergenza | C28: A2 | D28: SERRA SPIGA | E28: A2 | F28: Videosorveglianza-ANOMALIA | G28: ALR_FAULT_CORSIA_1 | H28: Allarme fault corsia di emergenza | I28: Impianto videosorveglianza | J28: Telecamera | K28: NO | L28: Impiantisti | M28: NA | N28: Bassa | O28: Blu | P28: NO | Q28: Nuovo inserimento classe allarme
A29: =CONCATENATE(G29,"-",H29) -> ALR_FAULT_CORSIA_2-Allarme fault corsia di marcia | B29: =VLOOKUP(A29,'EXPORT IRIS PROD 13-11-2024'!A:A,1,0) -> ALR_FAULT_CORSIA_2-Allarme fault corsia di marcia | C29: A2 | D29: SERRA SPIGA | E29: A2 | F29: Videosorveglianza-ANOMALIA | G29: ALR_FAULT_CORSIA_2 | H29: Allarme fault corsia di marcia | I29: Impianto videosorveglianza | J29: Telecamera | K29: NO | L29: Impiantisti | M29: NA | N29: Bassa | O29: Blu | P29: NO | Q29: Nuovo inserimento classe allarme
A30: =CONCATENATE(G30,"-",H30) -> ALR_KO_CORSIA_1-Allarme non attiva corsia di emergenza | B30: =VLOOKUP(A30,'EXPORT IRIS PROD 13-11-2024'!A:A,1,0) -> ALR_KO_CORSIA_1-Allarme non attiva corsia di emergenza | C30: A2 | D30: SERRA SPIGA | E30: A2 | F30: Videosorveglianza-ANOMALIA | G30: ALR_KO_CORSIA_1 | H30: Allarme non attiva corsia di emergenza | I30: Impianto videosorveglianza | J30: Telecamera | K30: NO | L30: Impiantisti | M30: NA | N30: Bassa | O30: Blu | P30: NO | Q30: Nuovo inserimento classe allarme
A31: =CONCATENATE(G31,"-",H31) -> ALR_KO_CORSIA_2-Allarme non attiva corsia di marcia | B31: =VLOOKUP(A31,'EXPORT IRIS PROD 13-11-2024'!A:A,1,0) -> ALR_KO_CORSIA_2-Allarme non attiva corsia di marcia | C31: A2 | D31: SERRA SPIGA | E31: A2 | F31: Videosorveglianza-ANOMALIA | G31: ALR_KO_CORSIA_2 | H31: Allarme non attiva corsia di marcia | I31: Impianto videosorveglianza | J31: Telecamera | K31: NO | L31: Impiantisti | M31: NA | N31: Bassa | O31: Blu | P31: NO | Q31: Nuovo inserimento classe allarme
A32: =CONCATENATE(G32,"-",H32) -> ALR_KO_CORSIA_3-Allarme non attiva corsia veloce | B32: =VLOOKUP(A32,'EXPORT IRIS PROD 13-11-2024'!A:A,1,0) -> ALR_KO_CORSIA_3-Allarme non attiva corsia veloce | C32: A2 | D32: SERRA SPIGA | E32: A2 | F32: Videosorveglianza-ANOMALIA | G32: ALR_KO_CORSIA_3 | H32: Allarme non attiva corsia veloce | I32: Impianto videosorveglianza | J32: Telecamera | K32: NO | L32: Impiantisti | M32: NA | N32: Bassa | O32: Blu | P32: NO | Q32: Nuovo inserimento classe allarme
A33: =CONCATENATE(G33,"-",H33) -> ALR-SLOT-1-Allarme Slot 1 | B33: =VLOOKUP(A33,'EXPORT IRIS PROD 13-11-2024'!A:A,1,0) -> ALR-SLOT-1-Allarme Slot 1 | C33: A2 | D33: SERRA SPIGA | E33: A2 | F33: Impianto Rete dati-ANOMALIA | G33: ALR-SLOT-1 | H33: Allarme Slot 1 | I33: Impianto Rete dati | J33: PLC Rio | K33: NO | L33: Impiantisti | M33: NA | N33: Bassa | O33: Blu | P33: NO | Q33: Nuovo inserimento classe allarme
A34: =CONCATENATE(G34,"-",H34) -> ALR-SLOT-2-Allarme Slot 2 | B34: =VLOOKUP(A34,'EXPORT IRIS PROD 13-11-2024'!A:A,1,0) -> ALR-SLOT-2-Allarme Slot 2 | C34: A2 | D34: SERRA SPIGA | E34: A2 | F34: Impianto Rete dati-ANOMALIA | G34: ALR-SLOT-2 | H34: Allarme Slot 2 | I34: Impianto Rete dati | J34: PLC Rio | K34: NO | L34: Impiantisti | M34: NA | N34: Bassa | O34: Blu | P34: NO | Q34: Nuovo inserimento classe allarme
A35: =CONCATENATE(G35,"-",H35) -> ALR-SLOT-3-Allarme Slot 3 | B35: =VLOOKUP(A35,'EXPORT IRIS PROD 13-11-2024'!A:A,1,0) -> ALR-SLOT-3-Allarme Slot 3 | C35: A2 | D35: SERRA SPIGA | E35: A2 | F35: Impianto Rete dati-ANOMALIA | G35: ALR-SLOT-3 | H35: Allarme Slot 3 | I35: Impianto Rete dati | J35: PLC Rio | K35: NO | L35: Impiantisti | M35: NA | N35: Bassa | O35: Blu | P35: NO | Q35: Nuovo inserimento classe allarme
A36: =CONCATENATE(G36,"-",H36) -> ALR_COMUNICAZIONE_MODULO-Allarme comunicazione modulo | B36: =VLOOKUP(A36,'EXPORT IRIS PROD 13-11-2024'!A:A,1,0) -> ALR_COMUNICAZIONE_MODULO-Allarme comunicazione modulo | C36: A2 | D36: SERRA SPIGA | E36: A2 | F36: Impianto Rete dati-ANOMALIA | G36: ALR_COMUNICAZIONE_MODULO | H36: Allarme comunicazione modulo | I36: Impianto Rete dati | J36: PLC Rio | K36: NO | L36: Impiantisti | M36: NA | N36: Bassa | O36: Blu | P36: NO | Q36: Nuovo inserimento classe allarme
A37: =CONCATENATE(G37,"-",H37) -> INCENDIO_IN_GALLERIA_DA_TLC_NORD-Allarme incendio in galleria da TLC Nord | B37: =VLOOKUP(A37,'EXPORT IRIS PROD 13-11-2024'!A:A,1,0) -> INCENDIO_IN_GALLERIA_DA_TLC_NORD-Allarme incendio in galleria da TLC Nord | C37: A2 | D37: SERRA SPIGA | E37: A2 | F37: Incendio | G37: INCENDIO_IN_GALLERIA_DA_TLC_NORD | H37: Allarme incendio in galleria da TLC Nord | I37: Impianto Rilevazione Incendio | J37: Centralina rilevazione incendio/fibrolaser | K37: SI | L37: Sala operativa e Impiantisti | M37: 2 | N37: Altissima | O37: Viola | P37: SI | Q37: Nuovo inserimento classe allarme
A38: =CONCATENATE(G38,"-",H38) -> INCENDIO_IN_GALLERIA_DA_TLC_SUD-Allarme incendio in galleria da TLC Sud | B38: =VLOOKUP(A38,'EXPORT IRIS PROD 13-11-2024'!A:A,1,0) -> INCENDIO_IN_GALLERIA_DA_TLC_SUD-Allarme incendio in galleria da TLC Sud | C38: A2 | D38: SERRA SPIGA | E38: A2 | F38: Incendio | G38: INCENDIO_IN_GALLERIA_DA_TLC_SUD | H38: Allarme incendio in galleria da TLC Sud | I38: Impianto Rilevazione Incendio | J38: Centralina rilevazione incendio/fibrolaser | K38: SI | L38: Sala operativa e Impiantisti | M38: 2 | N38: Altissima | O38: Viola | P38: SI | Q38: Nuovo inserimento classe allarme
A39: =CONCATENATE(G39,"-",H39) -> ALR_COMUNICAZIONE_PORTA_1-Allarme comunicazione porta 1 | B39: =VLOOKUP(A39,'EXPORT IRIS PROD 13-11-2024'!A:A,1,0) -> ALR_COMUNICAZIONE_PORTA_1-Allarme comunicazione porta 1 | C39: Lazio | D39: SANT'ANGELO E SAN QUIRICO | E39: SS4 | F39: Impianto Rete dati-ANOMALIA | G39: ALR_COMUNICAZIONE_PORTA_1 | H39: Allarme comunicazione porta 1 | I39: Impianto rete dati | J39: PLC primario/di cabina | K39: NO | L39: Impiantisti | M39: NA | N39: Bassa | O39: {=_xlfn.IFS(N39="Bassa", "Blu", N39="Media", "Arancione", N39="Alta", "Rosso", N39="Altissima", "Viola")} -> Blu | P39: NO | Q39: Nuovo inserimento classe allarme
A40: =CONCATENATE(G40,"-",H40) -> ALR_COMUNICAZIONE_PORTA_2-Allarme comunicazione porta 2 | B40: =VLOOKUP(A40,'EXPORT IRIS PROD 13-11-2024'!A:A,1,0) -> ALR_COMUNICAZIONE_PORTA_2-Allarme comunicazione porta 2 | C40: Lazio | D40: SANT'ANGELO E SAN QUIRICO | E40: SS4 | F40: Impianto Rete dati-ANOMALIA | G40: ALR_COMUNICAZIONE_PORTA_2 | H40: Allarme comunicazione porta 2 | I40: Impianto rete dati | J40: PLC primario/di cabina | K40: NO | L40: Impiantisti | M40: NA | N40: Bassa | O40: {=_xlfn.IFS(N40="Bassa", "Blu", N40="Media", "Arancione", N40="Alta", "Rosso", N40="Altissima", "Viola")} -> Blu | P40: NO | Q40: Nuovo inserimento classe allarme
A41: =CONCATENATE(G41,"-",H41) -> ALR_COMUNICAZIONE_PORTA_3-Allarme comunicazione porta 3 | B41: =VLOOKUP(A41,'EXPORT IRIS PROD 13-11-2024'!A:A,1,0) -> ALR_COMUNICAZIONE_PORTA_3-Allarme comunicazione porta 3 | C41: Lazio | D41: SANT'ANGELO E SAN QUIRICO | E41: SS4 | F41: Impianto Rete dati-ANOMALIA | G41: ALR_COMUNICAZIONE_PORTA_3 | H41: Allarme comunicazione porta 3 | I41: Impianto rete dati | J41: PLC primario/di cabina | K41: NO | L41: Impiantisti | M41: NA | N41: Bassa | O41: {=_xlfn.IFS(N41="Bassa", "Blu", N41="Media", "Arancione", N41="Alta", "Rosso", N41="Altissima", "Viola")} -> Blu | P41: NO | Q41: Nuovo inserimento classe allarme
A42: =CONCATENATE(G42,"-",H42) -> ALR_ROTTURA_CAVO_2-Allarme rottura cavo termosensibile 2 | B42: =VLOOKUP(A42,'EXPORT IRIS PROD 13-11-2024'!A:A,1,0) -> ALR_ROTTURA_CAVO_2-Allarme rottura cavo termosensibile 2 | C42: Emilia Romagna | D42: MONTECORONARO | E42: SS 3 BIS | F42: Impianto Rilevazione Incendio-ANOMALIA | G42: ALR_ROTTURA_CAVO_2 | H42: Allarme rottura cavo termosensibile 2 | I42: Impianto Rilevazione Incendio | J42: Centralina fibrolaser | K42: SI | L42: Sala operativa e Impiantisti | M42: 3 | N42: Alta | O42: Rosso | P42: SI | Q42: Nuovo inserimento classe allarme
A43: =CONCATENATE(G43,"-",H43) -> ALR_GUASTO_FIBRA_2-Allarme guasto fibra 2 | B43: =VLOOKUP(A43,'EXPORT IRIS PROD 13-11-2024'!A:A,1,0) -> ALR_GUASTO_FIBRA_2-Allarme guasto fibra 2 | C43: Emilia Romagna | D43: MONTECORONARO | E43: SS 3 BIS | F43: Impianto Rilevazione Incendio-ANOMALIA | G43: ALR_GUASTO_FIBRA_2 | H43: Allarme guasto fibra 2 | I43: Impianto Rilevazione Incendio | J43: Centralina fibrolaser | K43: SI | L43: Sala operativa e Impiantisti | M43: 3 | N43: Alta | O43: Rosso | P43: SI | Q43: Nuovo inserimento classe allarme
A44: =CONCATENATE(G44,"-",H44) -> ALLARME_PRESSIONE-Allarme pressione | B44: =VLOOKUP(A44,'EXPORT IRIS PROD 13-11-2024'!A:A,1,0) -> ALLARME_PRESSIONE-Allarme pressione | C44: Emilia Romagna | D44: MONTECORONARO | E44: SS 3 BIS | F44: Impianto Rilevazione Incendio-ANOMALIA | G44: ALLARME_PRESSIONE | H44: Allarme pressione | I44: Impianto Rilevazione Incendio | J44: Splitter | K44: NO | L44: Impiantisti | M44: NA | N44: Bassa | O44: {=_xlfn.IFS(N44="Bassa", "Blu", N44="Media", "Arancione", N44="Alta", "Rosso", N44="Altissima", "Viola")} -> Blu | P44: NO | Q44: Nuovo inserimento classe allarme
A45: =CONCATENATE(G45,"-",H45) -> ALR_DISPOSITIVO_BLOCCATO-Allarme dispositivo bloccato/non disponibile | B45: =VLOOKUP(A45,'EXPORT IRIS PROD 13-11-2024'!A:A,1,0) -> ALR_DISPOSITIVO_BLOCCATO-Allarme dispositivo bloccato/non disponibile | C45: Emilia Romagna | D45: MONTECORONARO | E45: SS 3 BIS | F45: Bypass-ANOMALIA | G45: ALR_DISPOSITIVO_BLOCCATO | H45: Allarme dispositivo bloccato/non disponibile | I45: Impianto Ventilazione | J45: Serranda/Ventilatore | K45: NO | L45: Impiantisti | M45: NA | N45: Bassa | O45: Blu | P45: NO | Q45: Nuovo inserimento classe allarme
A46: =CONCATENATE(G46,"-",H46) -> ALR_GALLEGGIANTE_VANO_TECNICO-Chiusura Allarme galleggiante vano tecnico | B46: =VLOOKUP(A46,'EXPORT IRIS PROD 13-11-2024'!A:A,1,0) -> ALR_GALLEGGIANTE_VANO_TECNICO-Chiusura Allarme galleggiante vano tecnico | C46: Cosenza | D46: MONACO | E46: A2 | F46: Impianto Rilevazione Incendio-ANOMALIA | G46: ALR_GALLEGGIANTE_VANO_TECNICO | H46: Chiusura Allarme galleggiante vano tecnico | I46: Impianto Rilevazione Incendio | J46: Serbatoio acqua | K46: NO | L46: Impiantisti | M46: NA | N46: Bassa | O46: {=_xlfn.IFS(N46="Bassa", "Blu", N46="Media", "Arancione", N46="Alta", "Rosso", N46="Altissima", "Viola")} -> Blu | P46: NO | Q46: Nuovo inserimento classe allarme
A47: =CONCATENATE(G47,"-",H47) -> ALR_MALFUNZIONAMENTO-Allarme malfunzionamento | B47: =VLOOKUP(A47,'EXPORT IRIS PROD 13-11-2024'!A:A,1,0) -> ALR_MALFUNZIONAMENTO-Allarme malfunzionamento | C47: Campania | D47: PARCO DELLA REGGIA | E47: SS700 | F47: Inquinamento da Sensori CO-OP-AN-NO | G47: ALR_MALFUNZIONAMENTO | H47: Allarme malfunzionamento | I47: Impianto Ventilazione | J47: Centralina sensori qualità aria | K47: NO | L47: Impiantisti | M47: NA | N47: Bassa | O47: {=_xlfn.IFS(N47="Bassa", "Blu", N47="Media", "Arancione", N47="Alta", "Rosso", N47="Altissima", "Viola")} -> Blu | P47: NO | Q47: Nuovo inserimento classe allarme
A48: =CONCATENATE(G48,"-",H48) -> ALR_TIMEOUT_LUCE_GIALLA_LAMPEGGIANTE-Allarme timeout semaforo luce gialla lampeggiante | B48: =VLOOKUP(A48,'EXPORT IRIS PROD 13-11-2024'!A:A,1,0) -> ALR_TIMEOUT_LUCE_GIALLA_LAMPEGGIANTE-Allarme timeout semaforo luce gialla lampeggiante | C48: Campania | D48: PARCO DELLA REGGIA | E48: SS700 | F48: Canalizzazione-ANOMALIA | G48: ALR_TIMEOUT_LUCE_GIALLA_LAMPEGGIANTE | H48: Allarme timeout semaforo luce gialla lampeggiante | I48: Impianto Canalizzazione | J48: Semaforo | K48: NO | L48: Impiantisti | M48: NA | N48: Bassa | O48: {=_xlfn.IFS(N48="Bassa", "Blu", N48="Media", "Arancione", N48="Alta", "Rosso", N48="Altissima", "Viola")} -> Blu | P48: NO | Q48: Nuovo inserimento classe allarme
A49: =CONCATENATE(G49,"-",H49) -> ALR_MALFUNZIONAMENTO-Allarme malfunzionamento | B49: =VLOOKUP(A49,'EXPORT IRIS PROD 13-11-2024'!A:A,1,0) -> ALR_MALFUNZIONAMENTO-Allarme malfunzionamento | C49: Campania | D49: PARCO DELLA REGGIA | E49: SS700 | F49: Inquinamento da Sensori CO-OP-AN-NO | G49: ALR_MALFUNZIONAMENTO | H49: Allarme malfunzionamento | I49: Impianto Ventilazione | J49: Centralina sensori qualità aria | K49: NO | L49: Impiantisti | M49: NA | N49: Bassa | O49: {=_xlfn.IFS(N49="Bassa", "Blu", N49="Media", "Arancione", N49="Alta", "Rosso", N49="Altissima", "Viola")} -> Blu | P49: NO | Q49: Nuovo inserimento classe allarme
A50: =CONCATENATE(G50,"-",H50) -> ALR_TIMEOUT_LUCE_GIALLA_LAMPEGGIANTE-Allarme timeout semaforo luce gialla lampeggiante | B50: =VLOOKUP(A50,'EXPORT IRIS PROD 13-11-2024'!A:A,1,0) -> ALR_TIMEOUT_LUCE_GIALLA_LAMPEGGIANTE-Allarme timeout semaforo luce gialla lampeggiante | C50: Campania | D50: PARCO DELLA REGGIA | E50: SS700 | F50: Canalizzazione-ANOMALIA | G50: ALR_TIMEOUT_LUCE_GIALLA_LAMPEGGIANTE | H50: Allarme timeout semaforo luce gialla lampeggiante | I50: Impianto Canalizzazione | J50: Semaforo | K50: NO | L50: Impiantisti | M50: NA | N50: Bassa | O50: {=_xlfn.IFS(N50="Bassa", "Blu", N50="Media", "Arancione", N50="Alta", "Rosso", N50="Altissima", "Viola")} -> Blu | P50: NO | Q50: Nuovo inserimento classe allarme
A51: =CONCATENATE(G51,"-",H51) -> CONGESTION-Coda da tempi di percorrenza | B51: =VLOOKUP(A51,'EXPORT IRIS PROD 13-11-2024'!A:A,1,0) -> CONGESTION-Coda da tempi di percorrenza | C51: - | D51: - | E51: - | F51: Coda | G51: CONGESTION | H51: Coda da tempi di percorrenza | K51: SI | L51: Sala operativa e Impiantisti | M51: 1 | N51: Bassa | O51: Blu | P51: NO | Q51: Nuovo inserimento classe allarme
A52: =CONCATENATE(G52,"-",H52) -> SLOWDOWN-RALLENTAMENTO DA TEMPI DI PERCORRENZA | B52: =VLOOKUP(A52,'EXPORT IRIS PROD 13-11-2024'!A:A,1,0) -> SLOWDOWN-RALLENTAMENTO DA TEMPI DI PERCORRENZA | C52: - | D52: - | E52: - | F52: Rallentamento | G52: SLOWDOWN | H52: RALLENTAMENTO DA TEMPI DI PERCORRENZA | K52: SI | L52: Sala operativa e Impiantisti | M52: 1 | N52: Bassa | O52: Blu | P52: NO | Q52: Nuovo inserimento classe allarme
A53: =CONCATENATE(G53,"-",H53) -> ALR_INTRUSIONE_NORD-Allarme intrusione in cabina lato Nord | B53: =VLOOKUP(A53,'EXPORT IRIS PROD 13-11-2024'!A:A,1,0) -> ALR_INTRUSIONE_NORD-Allarme intrusione in cabina lato Nord | C53: Cosenza | D53: Cillarese | E53: A2 | F53: Cabina Elettrica-Intrusione | G53: ALR_INTRUSIONE_NORD | H53: Allarme intrusione in cabina lato Nord | I53: Cabina Elettrica | J53: Centralina intrusione in cabina | K53: SI | L53: Sala operativa e Impiantisti | M53: 2 | N53: Alta | O53: Rosso | P53: SI | R53: Nuovo inserimento classe allarme
A54: =CONCATENATE(G54,"-",H54) -> ALR_INTRUSIONE_SUD-Allarme intrusione in cabina lato Sud | B54: =VLOOKUP(A54,'EXPORT IRIS PROD 13-11-2024'!A:A,1,0) -> ALR_INTRUSIONE_SUD-Allarme intrusione in cabina lato Sud | C54: Cosenza | D54: Cillarese | E54: A2 | F54: Cabina Elettrica-Intrusione | G54: ALR_INTRUSIONE_SUD | H54: Allarme intrusione in cabina lato Sud | I54: Cabina Elettrica | J54: Centralina intrusione in cabina | K54: SI | L54: Sala operativa e Impiantisti | M54: 2 | N54: Alta | O54: Rosso | P54: SI | R54: Nuovo inserimento classe allarme
A55: =CONCATENATE(G55,"-",H55) -> ALR_INT_SCATTATO_VALLE-Allarme interruttore a valle scattato | B55: =VLOOKUP(A55,'EXPORT IRIS PROD 13-11-2024'!A:A,1,0) -> ALR_INT_SCATTATO_VALLE-Allarme interruttore a valle scattato | C55: Cosenza | D55: Cillarese | E55: A2 | F55: Illuminazione-ANOMALIA | G55: ALR_INT_SCATTATO_VALLE | H55: Allarme interruttore a valle scattato | I55: Impianto illuminazione | J55: Regoaltore | K55: NO | L55: Impiantisti | M55: NA | N55: Bassa | O55: Blu | P55: NO | R55: Nuova associazione classe-dispositivo
A56: =CONCATENATE(G56,"-",H56) -> ALR_INT_SCATTATO_MONTE-Allarme interruttore a monte scattato | B56: =VLOOKUP(A56,'EXPORT IRIS PROD 13-11-2024'!A:A,1,0) -> ALR_INT_SCATTATO_MONTE-Allarme interruttore a monte scattato | C56: Cosenza | D56: Cillarese | E56: A2 | F56: Illuminazione-ANOMALIA | G56: ALR_INT_SCATTATO_MONTE | H56: Allarme interruttore a monte scattato | I56: Impianto illuminazione | J56: Regoaltore | K56: NO | L56: Impiantisti | M56: NA | N56: Bassa | O56: Blu | P56: NO | R56: Nuova associazione classe-dispositivo
A57: =CONCATENATE(G57,"-",H57) -> ALR_GUASTO_CRI-Allarme guasto CRI | B57: =VLOOKUP(A57,'EXPORT IRIS PROD 13-11-2024'!A:A,1,0) -> ALR_GUASTO_CRI-Allarme guasto CRI | C57: Cosenza | D57: Cardona,Vittoria,Montegiordano | E57: SS 106 VAR | F57: Impianto Rilevazione Incendio-ANOMALIA | G57: ALR_GUASTO_CRI | H57: Allarme guasto CRI | I57: Impianto Rilevazione Incendio | J57: Zona incendio | K57: SI | L57: Sala operativa e Impiantisti | M57: 3 | N57: Alta | O57: Rosso | P57: SI | Q57: Nuova associazione FILE PROCEDURA (classe-dispositivo)
A58: =CONCATENATE(G58,"-",H58) -> ALR_UPS_ATTIVO-Allarme UPS Attivo | B58: =VLOOKUP(A58,'EXPORT IRIS PROD 13-11-2024'!A:A,1,0) -> ALR_UPS_ATTIVO-Allarme UPS Attivo | C58: Cosenza | D58: Vittoria | E58: SS 106 VAR VARIANTE DI MONTE GIORDANO | F58: Impianto Elettrico-ANOMALIA | G58: ALR_UPS_ATTIVO | H58: Allarme UPS Attivo | I58: Impianto elettrico | J58: UPS | K58: NO | L58: Impiantisti | M58: NA | N58: Bassa | O58: Blu | P58: NO | Q58: Nuovo inserimento IRIS prod/quality
A59: =CONCATENATE(G59,"-",H59) -> ALR_AVARIA_CENTRALINA_2_ANTINCENDIO-Allarme avaria centralina 2 incendio | B59: =VLOOKUP(A59,'EXPORT IRIS PROD 13-11-2024'!A:A,1,0) -> ALR_AVARIA_CENTRALINA_2_ANTINCENDIO-Allarme avaria centralina 2 incendio | C59: Cosenza | D59: Cardona | E59: SS 106 VAR VARIANTE DI MONTE GIORDANO | F59: Impianto Rilevazione Incendio-ANOMALIA | G59: ALR_AVARIA_CENTRALINA_2_ANTINCENDIO | H59: Allarme avaria centralina 2 incendio | I59: Impianto Rilevazione Incendio | J59: Centralina antincendio | K59: SI | L59: Sala operativa e Impiantisti | M59: 3 | N59: Alta | O59: Rosso | P59: SI | Q59: Nuovo inserimento IRIS prod/quality
A60: =CONCATENATE(G60,"-",H60) -> ALR_GUASTO_CRI_MARCIA-Allarme guasto CRI marcia | B60: =VLOOKUP(A60,'EXPORT IRIS PROD 13-11-2024'!A:A,1,0) -> ALR_GUASTO_CRI_MARCIA-Allarme guasto CRI marcia | C60: Cosenza | D60: Cardona | E60: SS 106 VAR VARIANTE DI MONTE GIORDANO | F60: Impianto Rilevazione Incendio-ANOMALIA | G60: ALR_GUASTO_CRI_MARCIA | H60: Allarme guasto CRI marcia | I60: Impianto Rilevazione Incendio | J60: Centralina rilevazione incendio | K60: SI | L60: Sala operativa e Impiantisti | M60: 3 | N60: Alta | O60: Rosso | P60: SI | Q60: Nuovo inserimento IRIS prod/quality
A61: =CONCATENATE(G61,"-",H61) -> ALR_GUASTO_CRI_SORPASSO-Allarme guasto CRI sorpasso | B61: =VLOOKUP(A61,'EXPORT IRIS PROD 13-11-2024'!A:A,1,0) -> ALR_GUASTO_CRI_SORPASSO-Allarme guasto CRI sorpasso | C61: Cosenza | D61: Cardona | E61: SS 106 VAR VARIANTE DI MONTE GIORDANO | F61: Impianto Rilevazione Incendio-ANOMALIA | G61: ALR_GUASTO_CRI_SORPASSO | H61: Allarme guasto CRI sorpasso | I61: Impianto Rilevazione Incendio | J61: Centralina rilevazione incendio | K61: SI | L61: Sala operativa e Impiantisti | M61: 3 | N61: Alta | O61: Rosso | P61: SI | Q61: Nuovo inserimento IRIS prod/quality
A62: =CONCATENATE(G62,"-",H62) -> ALR_TRIP_PROTEZIONE_I1-Allarme trip Protezione I1 | B62: =VLOOKUP(A62,'EXPORT IRIS PROD 13-11-2024'!A:A,1,0) -> ALR_TRIP_PROTEZIONE_I1-Allarme trip Protezione I1 | C62: Perugia | D62: Le Silve 1, Le Silve 2 | E62: SS76 | F62: Impianto Elettrico-ANOMALIA | G62: ALR_TRIP_PROTEZIONE_I1 | H62: Allarme trip Protezione I1 | I62: Impianto elettrico | J62: Multimetro/SEPAM | K62: NO | L62: Impiantisti | M62: NA | N62: Bassa | O62: Blu | P62: NO | S62: Nuova associazione classe-dispositivo
A63: =CONCATENATE(G63,"-",H63) -> ALR_TRIP_PROTEZIONE_I2-Allarme trip Protezione I2 | B63: =VLOOKUP(A63,'EXPORT IRIS PROD 13-11-2024'!A:A,1,0) -> ALR_TRIP_PROTEZIONE_I2-Allarme trip Protezione I2 | C63: Perugia | D63: Le Silve 1, Le Silve 2 | E63: SS76 | F63: Impianto Elettrico-ANOMALIA | G63: ALR_TRIP_PROTEZIONE_I2 | H63: Allarme trip Protezione I2 | I63: Impianto elettrico | J63: Multimetro/SEPAM | K63: NO | L63: Impiantisti | M63: NA | N63: Bassa | O63: Blu | P63: NO | S63: Nuova associazione classe-dispositivo
A64: =CONCATENATE(G64,"-",H64) -> ALR_TRIP_PROTEZIONE_I3-Allarme trip Protezione I3 | B64: =VLOOKUP(A64,'EXPORT IRIS PROD 13-11-2024'!A:A,1,0) -> ALR_TRIP_PROTEZIONE_I3-Allarme trip Protezione I3 | C64: Perugia | D64: Le Silve 1, Le Silve 2 | E64: SS76 | F64: Impianto Elettrico-ANOMALIA | G64: ALR_TRIP_PROTEZIONE_I3 | H64: Allarme trip Protezione I3 | I64: Impianto elettrico | J64: Multimetro/SEPAM | K64: NO | L64: Impiantisti | M64: NA | N64: Bassa | O64: Blu | P64: NO | S64: Nuova associazione classe-dispositivo
A65: =CONCATENATE(G65,"-",H65) -> ALR_GUASTO_LINEA-Allarme guasto linea | B65: =VLOOKUP(A65,'EXPORT IRIS PROD 13-11-2024'!A:A,1,0) -> ALR_GUASTO_LINEA-Allarme guasto linea | C65: Cosenza | D65: Le Silve 1, Le Silve 2 | E65: SS76 | F65: Impianto Rilevazione Incendio-ANOMALIA | G65: ALR_GUASTO_LINEA | H65: Allarme guasto linea | I65: Impianto Rilevazione Incendio | J65: Centralina ril. Incendio | K65: SI | L65: Sala operativa e Impiantisti | M65: 3 | N65: Alta | O65: Rosso | P65: SI | S65: Nuova associazione FILE PROCEDURA (classe-dispositivo)
A66: =CONCATENATE(G66,"-",H66) -> ALR_TEMPERATURA_BASSA_DA_QUADRO-Allarme temperatura bassa da Quadro | B66: =VLOOKUP(A66,'EXPORT IRIS PROD 13-11-2024'!A:A,1,0) -> ALR_TEMPERATURA_BASSA_DA_QUADRO-Allarme temperatura bassa da Quadro | C66: Perugia | D66: Le Silve 1, Le Silve 2 | E66: SS76 | F66: Impianto Elettrico-ANOMALIA | G66: ALR_TEMPERATURA_BASSA_DA_QUADRO | H66: Allarme temperatura bassa da Quadro | I66: Impianto elettrico | J66: Gruppo elettrogeno | K66: NO | L66: Impiantisti | M66: NA | N66: Bassa | O66: Blu | P66: NO | S66: Nuova associazione classe-dispositivo

Sheet Categorie Allarmi
A1: MACRO CATEGORIE | B1: CATEGORIE | C1: DESCRIZIONE CATEGORIE
A2: FUNZIONAMENTO | B2: Allagamento | C2: Rilevazione di Allagamento attraverso l'attivazione di sonde e sensori che hanno generato l'attivazione dell'allarme
B3: Antincendio | C3: Rilevazione dell'avvio dell'Antincendio attraverso l'attivazione di pompe varie che hanno generato l'attivazione dell'allarme
B4: Bypass | C4: Rilevazione dell'avvio di uno o più componenti del bypass che hanno generato l'allarme
B5: Bypass-Apertura Porte o Serrande | C5: Rilevazione di apertura di porte/serrande di Bypass che hanno generato l'attivazione dell'allarme
B6: Cabina Elettrica-Intrusione | C6: Rilevazione attraverso vari dispositivi dell'itrusione/manomissione in Cabina Elettrica che ha generato l'attivazione dell'allarme
B7: Cambio Corsia | C7: Rilevazione di Cambio Corsia attraverso analisi video che ha generato l'attivazione dell'allarme
B8: Canalizzazione | C8: Rilevazione dell'attivazione del Rotocarrello in caso di incidente che ha generato l'attivazione dell'allarme
B9: Coda | C9: Rilevazione di Coda attraverso analisi video che ha generato l'attivazione dell'allarme
B10: Errore PLC | C10: Rilevazione di errori logici del PLC dell'Impianto Rete dati che ha generato l'attivazione dell'allarme
B11: Fumo | C11: Rilevazione di Fumo attraverso analisi video che ha generato l'attivazione dell'allarme
B12: Gruppo elettrogeno avviato | C12: Rilevazione dell'avvio del Gruppo elettrogeno dell'impianto elettrico che ha generato l'attivazione dell'allarme
B13: Idrometrico | C13: Rilevazione del superamento soglie Idrometriche attraverso l'attivazione di sensori che ha generato l'attivazione dell'allarme
B14: Impianto Radio | C14: Rilevazione dell'attivazione del microfono dell'impianto radio che ha generato l'attivazione dell'allarme
... B30: Ventilazione | C30: Rilevazione di attivazione di processi di funzionamento dell'mpianto di ventilazione (Es. lavaggio) che hanno generato l'attivazione di allarmi
A31: ANOMALIE TECNICHE / MALFUNZIONAMENTI | B31: Allagamento-ANOMALIA | C31: Anomalia tecnica/malfunzionamento di uno o più componenti dell'impianto di Allagamento
B32: Antincendio-ANOMALIA | C32: Anomalia tecnica/malfunzionamento di uno o più componenti dell'impianto Antincendio
B33: Bypass-ANOMALIA | C33: Anomalia tecnica/malfunzionamento di uno o più componenti dell'impianto Bypass
B34: Cabina Elettrica-ANOMALIA | C34: Anomalia tecnica/malfunzionamento di uno o più componenti dell'impianto Cabina Elettrica
B35: Canalizzazione-ANOMALIA | C35: Anomalia tecnica/malfunzionamento di uno o più componenti dell'impianto Canalizzazione
B36: Cantieri IoT-ANOMALIA | C36: Anomalia tecnica/malfunzionamento di uno o più componenti dell'impianto Cantieri IoT
B37: GI-Elettrico-ANOMALIA | C37: Anomalia tecnica/malfunzionamento di uno o più componenti dell'impianto Elettrico delle GI
B38: Illuminazione-ANOMALIA | C38: Anomalia tecnica/malfunzionamento di uno o più componenti dell'impianto di Illuminazione
B39: Impianto Elettrico-ANOMALIA | C39: Anomalia tecnica/malfunzionamento di uno o più componenti dell'impianto Elettrico
B40: Impianto Radio-ANOMALIA | C40: Anomalia tecnica/malfunzionamento di uno o più componenti dell'impianto Radio
B41: Impianto Rete dati-ANOMALIA | C41: Anomalia tecnica/malfunzionamento di uno o più componenti dell'impianto Rete Dati
B42: Impianto Rilevazione Incendio-ANOMALIA | C42: Anomalia tecnica/malfunzionamento di uno o più componenti dell'impianto Rilevazione Incendio
B43: Impianto SOS-ANOMALIA | C43: Anomalia tecnica/malfunzionamento di uno o più componenti dell'impianto SOS
... B47: Videosorveglianza-ANOMALIA | C47: Anomalia tecnica/malfunzionamento di uno o più componenti dell'impianto Videosorveglianza

Sheet RIFERIMENTO
A1: dispo+nome+descrizione | B1: nome+descrizione | C1: check con rev4 | D1: CHECK nome+descrizione | E1: check nome | F1: check descriz. | G1: CATEGORIA ALLARME | H1: CODICE ALLARME | I1: DESCRIZIONE ALLARME | J1: IMPIANTO | K1: DISPOSITIVO | L1: PRESENTE IN PROCEDURA | M1: CHI VISUALIZZA L'ALLARME | N1: ID ISTRUZIONE OPERATIVA ALLARMI | O1: PRIORITÀ ALLARME | P1: COLORE NOTIFICA ALLARME | Q1: ALLARME SONORO RMT | R1: NOTE
A2: =CONCATENATE(J2,"_",K2,"_",B2) -> Impianto Rete dati_Rack radio_ALL_PLC_RACK-Allarme plc rack | B2: =CONCATENATE(H2,"-",I2) -> ALL_PLC_RACK-Allarme plc rack | C2: =VLOOKUP(B2,'[2]Classi allarmi RMT-STIG_rev4'!$C:$C,1,0) -> ALL_PLC_RACK-Allarme plc rack | D2: =VLOOKUP(B2,'EXPORT IRIS PROD 13-11-2024'!A:A,1,0) -> ALL_PLC_RACK-Allarme plc rack | E2: =VLOOKUP(H2,'EXPORT IRIS PROD 13-11-2024'!F:F,1,0) -> ALL_PLC_RACK | F2: =VLOOKUP(I2,'EXPORT IRIS PROD 13-11-2024'!D:D,1,0) -> Allarme plc rack | G2: Impianto Rete dati-ANOMALIA | H2: ALL_PLC_RACK | I2: Allarme plc rack | J2: Impianto Rete dati | K2: Rack radio | L2: NO | M2: Impiantisti | N2: NA | O2: Bassa | P2: Blu | Q2: NO
A3: =CONCATENATE(J3,"_",K3,"_",B3) -> Impianto SOS_Colonnina Sos_ALLARME_DA_SOS-Allarme SOS premuto | B3: =CONCATENATE(H3,"-",I3) -> ALLARME_DA_SOS-Allarme SOS premuto | C3: =VLOOKUP(B3,'[2]Classi allarmi RMT-STIG_rev4'!$C:$C,1,0) -> ALLARME_DA_SOS-Allarme SOS premuto | D3: =VLOOKUP(B3,'EXPORT IRIS PROD 13-11-2024'!A:A,1,0) -> ALLARME_DA_SOS-Allarme SOS premuto | E3: =VLOOKUP(H3,'EXPORT IRIS PROD 13-11-2024'!F:F,1,0) -> ALLARME_DA_SOS | F3: =VLOOKUP(I3,'EXPORT IRIS PROD 13-11-2024'!D:D,1,0) -> Allarme SOS premuto | G3: Soccorso SOS | H3: ALLARME_DA_SOS | I3: Allarme SOS premuto | J3: Impianto SOS | K3: Colonnina Sos | L3: SI | M3: Sala operativa e Impiantisti | N3: 1 | O3: Alta | P3: Rosso | Q3: SI
A4: =CONCATENATE(J4,"_",K4,"_",B4) -> Impianto Antincendio_Pompa_ALLARME_GENERICO-allarme generico | B4: =CONCATENATE(H4,"-",I4) -> ALLARME_GENERICO-allarme generico | C4: =VLOOKUP(B4,'[2]Classi allarmi RMT-STIG_rev4'!$C:$C,1,0) -> ALLARME_GENERICO-allarme generico | D4: =VLOOKUP(B4,'EXPORT IRIS PROD 13-11-2024'!A:A,1,0) -> ALLARME_GENERICO-allarme generico | E4: =VLOOKUP(H4,'EXPORT IRIS PROD 13-11-2024'!F:F,1,0) -> ALLARME_GENERICO | F4: =VLOOKUP(I4,'EXPORT IRIS PROD 13-11-2024'!D:D,1,0) -> allarme generico | G4: Antincendio-ANOMALIA | H4: ALLARME_GENERICO | I4: allarme generico | J4: Impianto Antincendio | K4: Pompa | L4: NO | M4: Impiantisti | N4: NA | O4: Bassa | P4: Blu | Q4: NO
A5: =CONCATENATE(J5,"_",K5,"_",B5) -> Impianto Rilevazione Incendio_Centralina rilevazione incendio in cabina_ALLARME_INCENDIO_CABINA-Allarme incendio in cabina | B5: =CONCATENATE(H5,"-",I5) -> ALLARME_INCENDIO_CABINA-Allarme incendio in cabina | C5: =VLOOKUP(B5,'[2]Classi allarmi RMT-STIG_rev4'!$C:$C,1,0) -> ALLARME_INCENDIO_CABINA-Allarme incendio in cabina | D5: =VLOOKUP(B5,'EXPORT IRIS PROD 13-11-2024'!A:A,1,0) -> ALLARME_INCENDIO_CABINA-Allarme incendio in cabina | E5: =VLOOKUP(H5,'EXPORT IRIS PROD 13-11-2024'!F:F,1,0) -> ALLARME_INCENDIO_CABINA | F5: =VLOOKUP(I5,'EXPORT IRIS PROD 13-11-2024'!D:D,1,0) -> Allarme incendio in cabina | G5: Incendio | H5: ALLARME_INCENDIO_CABINA | I5: Allarme incendio in cabina | J5: Impianto Rilevazione Incendio | K5: Centralina rilevazione incendio in cabina | L5: SI | M5: Sala operativa e Impiantisti | N5: 2 | O5: Altissima | P5: Viola | Q5: SI
A6: =CONCATENATE(J6,"_",K6,"_",B6) -> Impianto Ventilazione_CO_ALLARME_INCENDIO_DA_SENSORE-Allarme incendio da sensori | B6: =CONCATENATE(H6,"-",I6) -> ALLARME_INCENDIO_DA_SENSORE-Allarme incendio da sensori | C6: =VLOOKUP(B6,'[2]Classi allarmi RMT-STIG_rev4'!$C:$C,1,0) -> ALLARME_INCENDIO_DA_SENSORE-Allarme incendio da sensori | D6: =VLOOKUP(B6,'EXPORT IRIS PROD 13-11-2024'!A:A,1,0) -> ALLARME_INCENDIO_DA_SENSORE-Allarme incendio da sensori | E6: =VLOOKUP(H6,'EXPORT IRIS PROD 13-11-2024'!F:F,1,0) -> ALLARME_INCENDIO_DA_SENSORE | F6: =VLOOKUP(I6,'EXPORT IRIS PROD 13-11-2024'!D:D,1,0) -> Allarme incendio da sensori | G6: Pre Allarme Incendio | H6: ALLARME_INCENDIO_DA_SENSORE | I6: Allarme incendio da sensori | J6: Impianto Ventilazione | K6: CO | L6: SI | M6: Sala operativa e Impiantisti | N6: 2 | O6: Altissima | P6: Viola | Q6: SI
A7: =CONCATENATE(J7,"_",K7,"_",B7) -> Impianto Ventilazione_OP_ALLARME_INCENDIO_DA_SENSORE-Allarme incendio da sensori | B7: =CONCATENATE(H7,"-",I7) -> ALLARME_INCENDIO_DA_SENSORE-Allarme incendio da sensori | C7: =VLOOKUP(B7,'[2]Classi allarmi RMT-STIG_rev4'!$C:$C,1,0) -> ALLARME_INCENDIO_DA_SENSORE-Allarme incendio da sensori | D7: =VLOOKUP(B7,'EXPORT IRIS PROD 13-11-2024'!A:A,1,0) -> ALLARME_INCENDIO_DA_SENSORE-Allarme incendio da sensori | E7: =VLOOKUP(H7,'EXPORT IRIS PROD 13-11-2024'!F:F,1,0) -> ALLARME_INCENDIO_DA_SENSORE | F7: =VLOOKUP(I7,'EXPORT IRIS PROD 13-11-2024'!D:D,1,0) -> Allarme incendio da sensori | G7: Pre Allarme Incendio | H7: ALLARME_INCENDIO_DA_SENSORE | I7: Allarme incendio da sensori | J7: Impianto Ventilazione | K7: OP | L7: SI | M7: Sala operativa e Impiantisti | N7: 2 | O7: Altissima | P7: Viola | Q7: SI
A8: =CONCATENATE(J8,"_",K8,"_",B8) -> Impianto Elettrico_Gruppo elettrogeno_ALR_1_GRUPPO_ELETTROGENO-Allarme centralina gestione elettronica GE - alarm1 | B8: =CONCATENATE(H8,"-",I8) -> ALR_1_GRUPPO_ELETTROGENO-Allarme centralina gestione elettronica GE - alarm1 | C8: =VLOOKUP(B8,'[2]Classi allarmi RMT-STIG_rev4'!$C:$C,1,0) -> ALR_1_GRUPPO_ELETTROGENO-Allarme centralina gestione elettronica GE - alarm1 | D8: =VLOOKUP(B8,'EXPORT IRIS PROD 13-11-2024'!A:A,1,0) -> ALR_1_GRUPPO_ELETTROGENO-Allarme centralina gestione elettronica GE - alarm1 | E8: =VLOOKUP(H8,'EXPORT IRIS PROD 13-11-2024'!F:F,1,0) -> ALR_1_GRUPPO_ELETTROGENO | F8: =VLOOKUP(I8,'EXPORT IRIS PROD 13-11-2024'!D:D,1,0) -> Allarme centralina gestione elettronica GE - alarm1 | G8: Impianto Elettrico-ANOMALIA | H8: ALR_1_GRUPPO_ELETTROGENO | I8: Allarme centralina gestione elettronica GE - alarm1 | J8: Impianto Elettrico | K8: Gruppo elettrogeno | L8: NO | M8: Impiantisti | N8: NA | O8: Bassa | P8: Blu | Q8: NO
A9: =CONCATENATE(J9,"_",K9,"_",B9) -> Impianto SOS_Colonnina Sos_ALR_113-Allarme SOS pulsante 113 | B9: =CONCATENATE(H9,"-",I9) -> ALR_113-Allarme SOS pulsante 113 | C9: =VLOOKUP(B9,'[2]Classi allarmi RMT-STIG_rev4'!$C:$C,1,0) -> ALR_113-Allarme SOS pulsante 113 | D9: =VLOOKUP(B9,'EXPORT IRIS PROD 13-11-2024'!A:A,1,0) -> ALR_113-Allarme SOS pulsante 113 | E9: =VLOOKUP(H9,'EXPORT IRIS PROD 13-11-2024'!F:F,1,0) -> ALR_113 | F9: =VLOOKUP(I9,'EXPORT IRIS PROD 13-11-2024'!D:D,1,0) -> Allarme SOS pulsante 113 | G9: Soccorso SOS | H9: ALR_113 | I9: Allarme SOS pulsante 113 | J9: Impianto SOS | K9: Colonnina Sos | L9: SI | M9: Sala operativa e Impiantisti | N9: 1 | O9: Alta | P9: Rosso | Q9: SI
A10: =CONCATENATE(J10,"_",K10,"_",B10) -> Impianto SOS_Colonnina Sos_ALR_115-Allarme SOS pulsante 115 | B10: =CONCATENATE(H10,"-",I10) -> ALR_115-Allarme SOS pulsante 115 | C10: =VLOOKUP(B10,'[2]Classi allarmi RMT-STIG_rev4'!$C:$C,1,0) -> ALR_115-Allarme SOS pulsante 115 | D10: =VLOOKUP(B10,'EXPORT IRIS PROD 13-11-2024'!A:A,1,0) -> ALR_115-Allarme SOS pulsante 115 | E10: =VLOOKUP(H10,'EXPORT IRIS PROD 13-11-2024'!F:F,1,0) -> ALR_115 | F10: =VLOOKUP(I10,'EXPORT IRIS PROD 13-11-2024'!D:D,1,0) -> Allarme SOS pulsante 115 | G10: Soccorso SOS | H10: ALR_115 | I10: Allarme SOS pulsante 115 | J10: Impianto SOS | K10: Colonnina Sos | L10: SI | M10: Sala operativa e Impiantisti | N10: 1 | O10: Alta | P10: Rosso | Q10: SI
A11: =CONCATENATE(J11,"_",K11,"_",B11) -> Impianto SOS_Colonnina Sos_ALR_118-Allarme SOS pulsante 118 | B11: =CONCATENATE(H11,"-",I11) -> ALR_118-Allarme SOS pulsante 118 | C11: =VLOOKUP(B11,'[2]Classi allarmi RMT-STIG_rev4'!$C:$C,1,0) -> ALR_118-Allarme SOS pulsante 118 | D11: =VLOOKUP(B11,'EXPORT IRIS PROD 13-11-2024'!A:A,1,0) -> ALR_118-Allarme SOS pulsante 118 | E11: =VLOOKUP(H11,'EXPORT IRIS PROD 13-11-2024'!F:F,1,0) -> ALR_118 | F11: =VLOOKUP(I11,'EXPORT IRIS PROD 13-11-2024'!D:D,1,0) -> Allarme SOS pulsante 118 | G11: Soccorso SOS | H11: ALR_118 | I11: Allarme SOS pulsante 118 | J11: Impianto SOS | K11: Colonnina Sos | L11: SI | M11: Sala operativa e Impiantisti | N11: 1 | O11: Alta | P11: Rosso | Q11: SI
A12: =CONCATENATE(J12,"_",K12,"_",B12) -> Impianto Elettrico_Gruppo elettrogeno_ALR_2_GRUPPO_ELETTROGENO-Allarme centralina gestione elettronica GE - alarm2 | B12: =CONCATENATE(H12,"-",I12) -> ALR_2_GRUPPO_ELETTROGENO-Allarme centralina gestione elettronica GE - alarm2 | C12: =VLOOKUP(B12,'[2]Classi allarmi RMT-STIG_rev4'!$C:$C,1,0) -> ALR_2_GRUPPO_ELETTROGENO-Allarme centralina gestione elettronica GE - alarm2 | D12: =VLOOKUP(B12,'EXPORT IRIS PROD 13-11-2024'!A:A,1,0) -> ALR_2_GRUPPO_ELETTROGENO-Allarme centralina gestione elettronica GE - alarm2 | E12: =VLOOKUP(H12,'EXPORT IRIS PROD 13-11-2024'!F:F,1,0) -> ALR_2_GRUPPO_ELETTROGENO | F12: =VLOOKUP(I12,'EXPORT IRIS PROD 13-11-2024'!D:D,1,0) -> Allarme centralina gestione elettronica GE - alarm2 | G12: Impianto Elettrico-ANOMALIA | H12: ALR_2_GRUPPO_ELETTROGENO | I12: Allarme centralina gestione elettronica GE - alarm2 | J12: Impianto Elettrico | K12: Gruppo elettrogeno | L12: NO | M12: Impiantisti | N12: NA | O12: Bassa | P12: Blu | Q12: NO
A13: =CONCATENATE(J13,"_",K13,"_",B13) -> Impianto SOS_Colonnina Sos_ALR_800116-Allarme SOS soccorso meccanico_800116 | B13: =CONCATENATE(H13,"-",I13) -> ALR_800116-Allarme SOS soccorso meccanico_800116 | C13: =VLOOKUP(B13,'[2]Classi allarmi RMT-STIG_rev4'!$C:$C,1,0) -> ALR_800116-Allarme SOS soccorso meccanico_800116 | D13: =VLOOKUP(B13,'EXPORT IRIS PROD 13-11-2024'!A:A,1,0) -> ALR_800116-Allarme SOS soccorso meccanico_800116 | E13: =VLOOKUP(H13,'EXPORT IRIS PROD 13-11-2024'!F:F,1,0) -> ALR_800116 | F13: =VLOOKUP(I13,'EXPORT IRIS PROD 13-11-2024'!D:D,1,0) -> Allarme SOS soccorso meccanico_800116 | G13: Soccorso SOS | H13: ALR_800116 | I13: Allarme SOS soccorso meccanico_800116 | J13: Impianto SOS | K13: Colonnina Sos | L13: SI | M13: Sala operativa e Impiantisti | N13: 1 | O13: Alta | P13: Rosso | Q13: SI
A14: =CONCATENATE(J14,"_",K14,"_",B14) -> Impianto SOS_Colonnina Sos_ALR_803116-Allarme SOS soccorso meccanico_803116 | B14: =CONCATENATE(H14,"-",I14) -> ALR_803116-Allarme SOS soccorso meccanico_803116 | C14: =VLOOKUP(B14,'[2]Classi allarmi RMT-STIG_rev4'!$C:$C,1,0) -> ALR_803116-Allarme SOS soccorso meccanico_803116 | D14: =VLOOKUP(B14,'EXPORT IRIS PROD 13-11-2024'!A:A,1,0) -> ALR_803116-Allarme SOS soccorso meccanico_803116 | E14: =VLOOKUP(H14,'EXPORT IRIS PROD 13-11-2024'!F:F,1,0) -> ALR_803116 | F14: =VLOOKUP(I14,'EXPORT IRIS PROD 13-11-2024'!D:D,1,0) -> Allarme SOS soccorso meccanico_803116 | G14: Soccorso SOS | H14: ALR_803116 | I14: Allarme SOS soccorso meccanico_803116 | J14: Impianto SOS | K14: Colonnina Sos | L14: SI | M14: Sala operativa e Impiantisti | N14: 1 | O14: Alta | P14: Rosso | Q14: SI
A15: =CONCATENATE(J15,"_",K15,"_",B15) -> Impianto Allagamento_Sonda allagamento_ALR_ALLAGAMENTO-Allarme Allagamento | B15: =CONCATENATE(H15,"-",I15) -> ALR_ALLAGAMENTO-Allarme Allagamento | C15: =VLOOKUP(B15,'[2]Classi allarmi RMT-STIG_rev4'!$C:$C,1,0) -> ALR_ALLAGAMENTO-Allarme Allagamento | D15: =VLOOKUP(B15,'EXPORT IRIS PROD 13-11-2024'!A:A,1,0) -> ALR_ALLAGAMENTO-Allarme Allagamento | E15: =VLOOKUP(H15,'EXPORT IRIS PROD 13-11-2024'!F:F,1,0) -> ALR_ALLAGAMENTO | F15: =VLOOKUP(I15,'EXPORT IRIS PROD 13-11-2024'!D:D,1,0) -> Allarme Allagamento | G15: Allagamento | H15: ALR_ALLAGAMENTO | I15: Allarme Allagamento | J15: Impianto Allagamento | K15: Sonda allagamento | L15: SI | M15: Sala operativa e Impiantisti | N15: 2 | O15: Alta | P15: Rosso | Q15: SI
A16: =CONCATENATE(J16,"_",K16,"_",B16) -> Impianto Elettrico_Gruppo elettrogeno_ALR_ALTERNATORE_IN_SOVRACCARICO_C-Allarme alternatore in sovraccarico C | B16: =CONCATENATE(H16,"-",I16) -> ALR_ALTERNATORE_IN_SOVRACCARICO_C-Allarme alternatore in sovraccarico C | C16: =VLOOKUP(B16,'[2]Classi allarmi RMT-STIG_rev4'!$C:$C,1,0) -> ALR_ALTERNATORE_IN_SOVRACCARICO_C-Allarme alternatore in sovraccarico C | D16: =VLOOKUP(B16,'EXPORT IRIS PROD 13-11-2024'!A:A,1,0) -> ALR_ALTERNATORE_IN_SOVRACCARICO_C-Allarme alternatore in sovraccarico C | E16: =VLOOKUP(H16,'EXPORT IRIS PROD 13-11-2024'!F:F,1,0) -> ALR_ALTERNATORE_IN_SOVRACCARICO_C | F16: =VLOOKUP(I16,'EXPORT IRIS PROD 13-11-2024'!D:D,1,0) -> Allarme alternatore in sovraccarico C | G16: Impianto Elettrico-ANOMALIA | H16: ALR_ALTERNATORE_IN_SOVRACCARICO_C | I16: Allarme alternatore in sovraccarico C | J16: Impianto Elettrico | K16: Gruppo elettrogeno | L16: NO | M16: Impiantisti | N16: NA | O16: Bassa | P16: Blu | Q16: NO
A17: =CONCATENATE(J17,"_",K17,"_",B17) -> Impianto Elettrico_Gruppo elettrogeno_ALR_ALTERNATORE_IN_SOVRACCARICO_L-Allarme alternatore in sovraccarico L | B17: =CONCATENATE(H17,"-",I17) -> ALR_ALTERNATORE_IN_SOVRACCARICO_L-Allarme alternatore in sovraccarico L | C17: =VLOOKUP(B17,'[2]Classi allarmi RMT-STIG_rev4'!$C:$C,1,0) -> ALR_ALTERNATORE_IN_SOVRACCARICO_L-Allarme alternatore in sovraccarico L | D17: =VLOOKUP(B17,'EXPORT IRIS PROD 13-11-2024'!A:A,1,0) -> ALR_ALTERNATORE_IN_SOVRACCARICO_L-Allarme alternatore in sovraccarico L | E17: =VLOOKUP(H17,'EXPORT IRIS PROD 13-11-2024'!F:F,1,0) -> ALR_ALTERNATORE_IN_SOVRACCARICO_L | F17: =VLOOKUP(I17,'EXPORT IRIS PROD 13-11-2024'!D:D,1,0) -> Allarme alternatore in sovraccarico L | G17: Impianto Elettrico-ANOMALIA | H17: ALR_ALTERNATORE_IN_SOVRACCARICO_L | I17: Allarme alternatore in sovraccarico L | J17: Impianto Elettrico | K17: Gruppo elettrogeno | L17: NO | M17: Impiantisti | N17: NA | O17: Bassa | P17: Blu | Q17: NO
A18: =CONCATENATE(J18,"_",K18,"_",B18) -> Impianto Elettrico_Gruppo elettrogeno_ALR_ALTERNATORE_NON_ECCITATO-Allarme alternatore non eccitato | B18: =CONCATENATE(H18,"-",I18) -> ALR_ALTERNATORE_NON_ECCITATO-Allarme alternatore non eccitato | C18: =VLOOKUP(B18,'[2]Classi allarmi RMT-STIG_rev4'!$C:$C,1,0) -> ALR_ALTERNATORE_NON_ECCITATO-Allarme alternatore non eccitato | D18: =VLOOKUP(B18,'EXPORT IRIS PROD 13-11-2024'!A:A,1,0) -> ALR_ALTERNATORE_NON_ECCITATO-Allarme alternatore non eccitato | E18: =VLOOKUP(H18,'EXPORT IRIS PROD 13-11-2024'!F:F,1,0) -> ALR_ALTERNATORE_NON_ECCITATO | F18: =VLOOKUP(I18,'EXPORT IRIS PROD 13-11-2024'!D:D,1,0) -> Allarme alternatore non eccitato | G18: Impianto Elettrico-ANOMALIA | H18: ALR_ALTERNATORE_NON_ECCITATO | I18: Allarme alternatore non eccitato | J18: Impianto Elettrico | K18: Gruppo elettrogeno | L18: NO | M18: Impiantisti | N18: NA | O18: Bassa | P18: Blu | Q18: NO
A19: =CONCATENATE(J19,"_",K19,"_",B19) -> Impianto Elettrico_Gruppo elettrogeno_ALR_ALTO_LIV_GASOLIO_SERB-Allarme livello gasolio alto | B19: =CONCATENATE(H19,"-",I19) -> ALR_ALTO_LIV_GASOLIO_SERB-Allarme livello gasolio alto | C19: =VLOOKUP(B19,'[2]Classi allarmi RMT-STIG_rev4'!$C:$C,1,0) -> ALR_ALTO_LIV_GASOLIO_SERB-Allarme livello gasolio alto | D19: =VLOOKUP(B19,'EXPORT IRIS PROD 13-11-2024'!A:A,1,0) -> ALR_ALTO_LIV_GASOLIO_SERB-Allarme livello gasolio alto | E19: =VLOOKUP(H19,'EXPORT IRIS PROD 13-11-2024'!F:F,1,0) -> ALR_ALTO_LIV_GASOLIO_SERB | F19: =VLOOKUP(I19,'EXPORT IRIS PROD 13-11-2024'!D:D,1,0) -> Allarme livello gasolio alto | G19: Impianto Elettrico-ANOMALIA | H19: ALR_ALTO_LIV_GASOLIO_SERB | I19: Allarme livello gasolio alto | J19: Impianto Elettrico | K19: Gruppo elettrogeno | L19: NO | M19: Impiantisti | N19: NA | O19: Bassa | P19: Blu | Q19: NO
A20: =CONCATENATE(J20,"_",K20,"_",B20) -> Impianto Antincendio_Pompa_ALR_ALTO_LIVELLO_POMPA-Allarme alto livello pompa | B20: =CONCATENATE(H20,"-",I20) -> ALR_ALTO_LIVELLO_POMPA-Allarme alto livello pompa | C20: =VLOOKUP(B20,'[2]Classi allarmi RMT-STIG_rev4'!$C:$C,1,0) -> ALR_ALTO_LIVELLO_POMPA-Allarme alto livello pompa | D20: =VLOOKUP(B20,'EXPORT IRIS PROD 13-11-2024'!A:A,1,0) -> ALR_ALTO_LIVELLO_POMPA-Allarme alto livello pompa | E20: =VLOOKUP(H20,'EXPORT IRIS PROD 13-11-2024'!F:F,1,0) -> ALR_ALTO_LIVELLO_POMPA | F20: =VLOOKUP(I20,'EXPORT IRIS PROD 13-11-2024'!D:D,1,0) -> Allarme alto livello pompa | G20: Antincendio-ANOMALIA | H20: ALR_ALTO_LIVELLO_POMPA | I20: Allarme alto livello pompa | J20: Impianto Antincendio | K20: Pompa | L20: NO | M20: Impiantisti | N20: NA | O20: Bassa | P20: Blu | Q20: NO
A21: =CONCATENATE(J21,"_",K21,"_",B21) -> Impianto Ventilazione_Anemometro_ALR_ANEMOMETRO-Allarme guasto anemometro | B21: =CONCATENATE(H21,"-",I21) -> ALR_ANEMOMETRO-Allarme guasto anemometro | C21: =VLOOKUP(B21,'[2]Classi allarmi RMT-STIG_rev4'!$C:$C,1,0) -> ALR_ANEMOMETRO-Allarme guasto anemometro | D21: =VLOOKUP(B21,'EXPORT IRIS PROD 13-11-2024'!A:A,1,0) -> ALR_ANEMOMETRO-Allarme guasto anemometro | E21: =VLOOKUP(H21,'EXPORT IRIS PROD 13-11-2024'!F:F,1,0) -> ALR_ANEMOMETRO | F21: =VLOOKUP(I21,'EXPORT IRIS PROD 13-11-2024'!D:D,1,0) -> Allarme guasto anemometro | G21: Ventilazione-ANOMALIA | H21: ALR_ANEMOMETRO | I21: Allarme guasto anemometro | J21: Impianto Ventilazione | K21: Anemometro | L21: NO | M21: Impiantisti | N21: NA | O21: Bassa | P21: Blu | Q21: NO
A22: =CONCATENATE(J22,"_",K22,"_",B22) -> Impianto SOS_Colonnina Sos_ALR_ANTA_ESTINTORE_APERTA-Allarme apertura anta estintore colonnina SOS | B22: =CONCATENATE(H22,"-",I22) -> ALR_ANTA_ESTINTORE_APERTA-Allarme apertura anta estintore colonnina SOS | C22: =VLOOKUP(B22,'[2]Classi allarmi RMT-STIG_rev4'!$C:$C,1,0) -> ALR_ANTA_ESTINTORE_APERTA-Allarme apertura anta estintore colonnina SOS | D22: =VLOOKUP(B22,'EXPORT IRIS PROD 13-11-2024'!A:A,1,0) -> ALR_ANTA_ESTINTORE_APERTA-Allarme apertura anta estintore colonnina SOS | E22: =VLOOKUP(H22,'EXPORT IRIS PROD 13-11-2024'!F:F,1,0) -> ALR_ANTA_ESTINTORE_APERTA | F22: =VLOOKUP(I22,'EXPORT IRIS PROD 13-11-2024'!D:D,1,0) -> Allarme apertura anta estintore colonnina SOS | G22: Impianto SOS-ANOMALIA | H22: ALR_ANTA_ESTINTORE_APERTA | I22: Allarme apertura anta estintore colonnina SOS | J22: Impianto SOS | K22: Colonnina Sos | L22: NO | M22: Impiantisti | N22: NA | O22: Bassa | P22: Blu | Q22: NO
A23: =CONCATENATE(J23,"_",K23,"_",B23) -> Impianto SOS_Colonnina Sos_ALR_ANTE_INFERIORI-Allarme ante inferiori | B23: =CONCATENATE(H23,"-",I23) -> ALR_ANTE_INFERIORI-Allarme ante inferiori | C23: =VLOOKUP(B23,'[2]Classi allarmi RMT-STIG_rev4'!$C:$C,1,0) -> ALR_ANTE_INFERIORI-Allarme ante inferiori | D23: =VLOOKUP(B23,'EXPORT IRIS PROD 13-11-2024'!A:A,1,0) -> ALR_ANTE_INFERIORI-Allarme ante inferiori | E23: =VLOOKUP(H23,'EXPORT IRIS PROD 13-11-2024'!F:F,1,0) -> ALR_ANTE_INFERIORI | F23: =VLOOKUP(I23,'EXPORT IRIS PROD 13-11-2024'!D:D,1,0) -> Allarme ante inferiori | G23: Impianto SOS-ANOMALIA | H23: ALR_ANTE_INFERIORI | I23: Allarme ante inferiori | J23: Impianto SOS | K23: Colonnina Sos | L23: NO | M23: Impiantisti | N23: NA | O23: Bassa | P23: Blu | Q23: NO
A24: =CONCATENATE(J24,"_",K24,"_",B24) -> Impianto SOS_Colonnina Sos_ALR_ANTE_SUPERIORI-Allarme ante superiori | B24: =CONCATENATE(H24,"-",I24) -> ALR_ANTE_SUPERIORI-Allarme ante superiori | C24: =VLOOKUP(B24,'[2]Classi allarmi RMT-STIG_rev4'!$C:$C,1,0) -> ALR_ANTE_SUPERIORI-Allarme ante superiori | D24: =VLOOKUP(B24,'EXPORT IRIS PROD 13-11-2024'!A:A,1,0) -> ALR_ANTE_SUPERIORI-Allarme ante superiori | E24: =VLOOKUP(H24,'EXPORT IRIS PROD 13-11-2024'!F:F,1,0) -> ALR_ANTE_SUPERIORI | F24: =VLOOKUP(I24,'EXPORT IRIS PROD 13-11-2024'!D:D,1,0) -> Allarme ante superiori | G24: Impianto SOS-ANOMALIA | H24: ALR_ANTE_SUPERIORI | I24: Allarme ante superiori | J24: Impianto SOS | K24: Colonnina Sos | L24: NO | M24: Impiantisti | N24: NA | O24: Bassa | P24: Blu | Q24: NO
A25: =CONCATENATE(J25,"_",K25,"_",B25) -> Impianto Elettrico_Gruppo elettrogeno_ALR_APERTURA_IMMOTIVATA_GCB-Allarme apertura immotivata contattore generatore | B25: =CONCATENATE(H25,"-",I25) -> ALR_APERTURA_IMMOTIVATA_GCB-Allarme apertura immotivata contattore generatore | C25: =VLOOKUP(B25,'[2]Classi allarmi RMT-STIG_rev4'!$C:$C,1,0) -> ALR_APERTURA_IMMOTIVATA_GCB-Allarme apertura immotivata contattore generatore | D25: =VLOOKUP(B25,'EXPORT IRIS PROD 13-11-2024'!A:A,1,0) -> ALR_APERTURA_IMMOTIVATA_GCB-Allarme apertura immotivata contattore generatore | E25: =VLOOKUP(H25,'EXPORT IRIS PROD 13-11-2024'!F:F,1,0) -> ALR_APERTURA_IMMOTIVATA_GCB | F25: =VLOOKUP(I25,'EXPORT IRIS PROD 13-11-2024'!D:D,1,0) -> Allarme apertura immotivata contattore generatore | G25: Impianto Elettrico-ANOMALIA | H25: ALR_APERTURA_IMMOTIVATA_GCB | I25: Allarme apertura immotivata contattore generatore | J25: Impianto Elettrico | K25: Gruppo elettrogeno | L25: NO | M25: Impiantisti | N25: NA | O25: Bassa | P25: Blu | Q25: NO
A26: =CONCATENATE(J26,"_",K26,"_",B26) -> Impianto Elettrico_Gruppo elettrogeno_ALR_APERTURA_IMMOTIVATA_MCB-Allarme apertura immotivata contattore di rete | B26: =CONCATENATE(H26,"-",I26) -> ALR_APERTURA_IMMOTIVATA_MCB-Allarme apertura immotivata contattore di rete | C26: =VLOOKUP(B26,'[2]Classi allarmi RMT-STIG_rev4'!$C:$C,1,0) -> ALR_APERTURA_IMMOTIVATA_MCB-Allarme apertura immotivata contattore di rete | D26: =VLOOKUP(B26,'EXPORT IRIS PROD 13-11-2024'!A:A,1,0) -> ALR_APERTURA_IMMOTIVATA_MCB-Allarme apertura immotivata contattore di rete | E26: =VLOOKUP(H26,'EXPORT IRIS PROD 13-11-2024'!F:F,1,0) -> ALR_APERTURA_IMMOTIVATA_MCB | F26: =VLOOKUP(I26,'EXPORT IRIS PROD 13-11-2024'!D:D,1,0) -> Allarme apertura immotivata contattore di rete | G26: Impianto Elettrico-ANOMALIA | H26: ALR_APERTURA_IMMOTIVATA_MCB | I26: Allarme apertura immotivata contattore di rete | J26: Impianto Elettrico | K26: Gruppo elettrogeno | L26: NO | M26: Impiantisti | N26: NA | O26: Bassa | P26: Blu | Q26: NO
A27: =CONCATENATE(J27,"_",K27,"_",B27) -> Impianto Elettrico_Gruppo elettrogeno_ALR_ARRESTO_EMERGENZA-Allarme arresto Gruppo Elettrogeno | B27: =CONCATENATE(H27,"-",I27) -> ALR_ARRESTO_EMERGENZA-Allarme arresto Gruppo Elettrogeno | C27: =VLOOKUP(B27,'[2]Classi allarmi RMT-STIG_rev4'!$C:$C,1,0) -> ALR_ARRESTO_EMERGENZA-Allarme arresto Gruppo Elettrogeno | D27: =VLOOKUP(B27,'EXPORT IRIS PROD 13-11-2024'!A:A,1,0) -> ALR_ARRESTO_EMERGENZA-Allarme arresto Gruppo Elettrogeno | E27: =VLOOKUP(H27,'EXPORT IRIS PROD 13-11-2024'!F:F,1,0) -> ALR_ARRESTO_EMERGENZA | F27: =VLOOKUP(I27,'EXPORT IRIS PROD 13-11-2024'!D:D,1,0) -> Allarme arresto Gruppo Elettrogeno | G27: Impianto Elettrico-ANOMALIA | H27: ALR_ARRESTO_EMERGENZA | I27: Allarme arresto Gruppo Elettrogeno | J27: Impianto Elettrico | K27: Gruppo elettrogeno | L27: NO | M27: Impiantisti | N27: NA | O27: Bassa | P27: Blu | Q27: NO
A28: =CONCATENATE(J28,"_",K28,"_",B28) -> Impianto Elettrico_UPS_ALR_ASSENZA_RETE-Allarme assenza rete | B28: =CONCATENATE(H28,"-",I28) -> ALR_ASSENZA_RETE-Allarme assenza rete | C28: =VLOOKUP(B28,'[2]Classi allarmi RMT-STIG_rev4'!$C:$C,1,0) -> ALR_ASSENZA_RETE-Allarme assenza rete | D28: =VLOOKUP(B28,'EXPORT IRIS PROD 13-11-2024'!A:A,1,0) -> ALR_ASSENZA_RETE-Allarme assenza rete | E28: =VLOOKUP(H28,'EXPORT IRIS PROD 13-11-2024'!F:F,1,0) -> ALR_ASSENZA_RETE | F28: =VLOOKUP(I28,'EXPORT IRIS PROD 13-11-2024'!D:D,1,0) -> Allarme assenza rete | G28: Impianto Elettrico-ANOMALIA | H28: ALR_ASSENZA_RETE | I28: Allarme assenza rete | J28: Impianto Elettrico | K28: UPS | L28: NO | M28: Impiantisti | N28: NA | O28: Bassa | P28: Blu | Q28: NO
A29: =CONCATENATE(J29,"_",K29,"_",B29) -> Impianto Rilevazione Incendio_Centralina rilevazione incendio_ALR_ASSENZA_TENSIONE-Allarme assenza tensione dispositivo | B29: =CONCATENATE(H29,"-",I29) -> ALR_ASSENZA_TENSIONE-Allarme assenza tensione dispositivo | C29: =VLOOKUP(B29,'[2]Classi allarmi RMT-STIG_rev4'!$C:$C,1,0) -> ALR_ASSENZA_TENSIONE-Allarme assenza tensione dispositivo | D29: =VLOOKUP(B29,'EXPORT IRIS PROD 13-11-2024'!A:A,1,0) -> ALR_ASSENZA_TENSIONE-Allarme assenza tensione dispositivo | E29: =VLOOKUP(H29,'EXPORT IRIS PROD 13-11-2024'!F:F,1,0) -> ALR_ASSENZA_TENSIONE | F29: =VLOOKUP(I29,'EXPORT IRIS PROD 13-11-2024'!D:D,1,0) -> Allarme assenza tensione dispositivo | G29: Impianto Rilevazione Incendio-ANOMALIA | H29: ALR_ASSENZA_TENSIONE | I29: Allarme assenza tensione dispositivo | J29: Impianto Rilevazione Incendio | K29: Centralina rilevazione incendio | L29: SI | M29: Sala operativa e Impiantisti | N29: 3 | O29: Bassa | P29: Blu | Q29: NO
A30: =CONCATENATE(J30,"_",K30,"_",B30) -> Impianto Canalizzazione_Rotocartello_ALR_ASSENZA_TENSIONE_2_IMP-Allarme assenza tensione dispositivo | B30: =CONCATENATE(H30,"-",I30) -> ALR_ASSENZA_TENSIONE_2_IMP-Allarme assenza tensione dispositivo | C30: =VLOOKUP(B30,'[2]Classi allarmi RMT-STIG_rev4'!$C:$C,1,0) -> ALR_ASSENZA_TENSIONE_2_IMP-Allarme assenza tensione dispositivo | D30: =VLOOKUP(B30,'EXPORT IRIS PROD 13-11-2024'!A:A,1,0) -> ALR_ASSENZA_TENSIONE_2_IMP-Allarme assenza tensione dispositivo | E30: =VLOOKUP(H30,'EXPORT IRIS PROD 13-11-2024'!F:F,1,0) -> ALR_ASSENZA_TENSIONE_2_IMP | F30: =VLOOKUP(I30,'EXPORT IRIS PROD 13-11-2024'!D:D,1,0) -> Allarme assenza tensione dispositivo | G30: Canalizzazione-ANOMALIA | H30: ALR_ASSENZA_TENSIONE_2_IMP | I30: Allarme assenza tensione dispositivo | J30: Impianto Canalizzazione | K30: Rotocartello | L30: NO | M30: Impiantisti | N30: NA | O30: Bassa | P30: Blu | Q30: NO
A31: =CONCATENATE(J31,"_",K31,"_",B31) -> Impianto Elettrico_Gruppo elettrogeno_ALR_ASSENZA_TENSIONE_2_IMP-Allarme assenza tensione dispositivo | B31: =CONCATENATE(H31,"-",I31) -> ALR_ASSENZA_TENSIONE_2_IMP-Allarme assenza tensione dispositivo | C31: =VLOOKUP(B31,'[2]Classi allarmi RMT-STIG_rev4'!$C:$C,1,0) -> ALR_ASSENZA_TENSIONE_2_IMP-Allarme assenza tensione dispositivo | D31: =VLOOKUP(B31,'EXPORT IRIS PROD 13-11-2024'!A:A,1,0) -> ALR_ASSENZA_TENSIONE_2_IMP-Allarme assenza tensione dispositivo | E31: =VLOOKUP(H31,'EXPORT IRIS PROD 13-11-2024'!F:F,1,0) -> ALR_ASSENZA_TENSIONE_2_IMP | F31: =VLOOKUP(I31,'EXPORT IRIS PROD 13-11-2024'!D:D,1,0) -> Allarme assenza tensione dispositivo | G31: Impianto Elettrico-ANOMALIA | H31: ALR_ASSENZA_TENSIONE_2_IMP | I31: Allarme assenza tensione dispositivo | J31: Impianto Elettrico | K31: Gruppo elettrogeno | L31: NO | M31: Impiantisti | N31: NA | O31: Bassa | P31: Blu | Q31: NO
A32: =CONCATENATE(J32,"_",K32,"_",B32) -> Impianto Elettrico_Interruttore relè_ALR_ASSENZA_TENSIONE_2_IMP-Allarme assenza tensione dispositivo | B32: =CONCATENATE(H32,"-",I32) -> ALR_ASSENZA_TENSIONE_2_IMP-Allarme assenza tensione dispositivo | C32: =VLOOKUP(B32,'[2]Classi allarmi RMT-STIG_rev4'!$C:$C,1,0) -> ALR_ASSENZA_TENSIONE_2_IMP-Allarme assenza tensione dispositivo | D32: =VLOOKUP(B32,'EXPORT IRIS PROD 13-11-2024'!A:A,1,0) -> ALR_ASSENZA_TENSIONE_2_IMP-Allarme assenza tensione dispositivo | E32: =VLOOKUP(H32,'EXPORT IRIS PROD 13-11-2024'!F:F,1,0) -> ALR_ASSENZA_TENSIONE_2_IMP | F32: =VLOOKUP(I32,'EXPORT IRIS PROD 13-11-2024'!D:D,1,0) -> Allarme assenza tensione dispositivo | G32: Impianto Elettrico-ANOMALIA | H32: ALR_ASSENZA_TENSIONE_2_IMP | I32: Allarme assenza tensione dispositivo | J32: Impianto Elettrico | K32: Interruttore relè | L32: NO | M32: Impiantisti | N32: NA | O32: Bassa | P32: Blu | Q32: NO
A33: =CONCATENATE(J33,"_",K33,"_",B33) -> Impianto Elettrico_Quadro elettrico_ALR_ASSENZA_TENSIONE_2_IMP-Allarme assenza tensione dispositivo | B33: =CONCATENATE(H33,"-",I33) -> ALR_ASSENZA_TENSIONE_2_IMP-Allarme assenza tensione dispositivo | C33: =VLOOKUP(B33,'[2]Classi allarmi RMT-STIG_rev4'!$C:$C,1,0) -> ALR_ASSENZA_TENSIONE_2_IMP-Allarme assenza tensione dispositivo | D33: =VLOOKUP(B33,'EXPORT IRIS PROD 13-11-2024'!A:A,1,0) -> ALR_ASSENZA_TENSIONE_2_IMP-Allarme assenza tensione dispositivo | E33: =VLOOKUP(H33,'EXPORT IRIS PROD 13-11-2024'!F:F,1,0) -> ALR_ASSENZA_TENSIONE_2_IMP | F33: =VLOOKUP(I33,'EXPORT IRIS PROD 13-11-2024'!D:D,1,0) -> Allarme assenza tensione dispositivo | G33: Impianto Elettrico-ANOMALIA | H33: ALR_ASSENZA_TENSIONE_2_IMP | I33: Allarme assenza tensione dispositivo | J33: Impianto Elettrico | K33: Quadro elettrico | L33: NO | M33: Impiantisti | N33: NA | O33: Bassa | P33: Blu | Q33: NO
A34: =CONCATENATE(J34,"_",K34,"_",B34) -> Impianto Illuminazione_Guida led_ALR_ASSENZA_TENSIONE_2_IMP-Allarme assenza tensione dispositivo | B34: =CONCATENATE(H34,"-",I34) -> ALR_ASSENZA_TENSIONE_2_IMP-Allarme assenza tensione dispositivo | C34: =VLOOKUP(B34,'[2]Classi allarmi RMT-STIG_rev4'!$C:$C,1,0) -> ALR_ASSENZA_TENSIONE_2_IMP-Allarme assenza tensione dispositivo | D34: =VLOOKUP(B34,'EXPORT IRIS PROD 13-11-2024'!A:A,1,0) -> ALR_ASSENZA_TENSIONE_2_IMP-Allarme assenza tensione dispositivo | E34: =VLOOKUP(H34,'EXPORT IRIS PROD 13-11-2024'!F:F,1,0) -> ALR_ASSENZA_TENSIONE_2_IMP | F34: =VLOOKUP(I34,'EXPORT IRIS PROD 13-11-2024'!D:D,1,0) -> Allarme assenza tensione dispositivo | G34: Illuminazione-ANOMALIA | H34: ALR_ASSENZA_TENSIONE_2_IMP | I34: Allarme assenza tensione dispositivo | J34: Impianto Illuminazione | K34: Guida led | L34: NO | M34: Impiantisti | N34: NA | O34: Bassa | P34: Blu | Q34: NO
A35: =CONCATENATE(J35,"_",K35,"_",B35) -> Impianto SOS_Colonnina Sos_ALR_ASSENZA_TENSIONE_2_IMP-Allarme assenza tensione dispositivo | B35: =CONCATENATE(H35,"-",I35) -> ALR_ASSENZA_TENSIONE_2_IMP-Allarme assenza tensione dispositivo | C35: =VLOOKUP(B35,'[2]Classi allarmi RMT-STIG_rev4'!$C:$C,1,0) -> ALR_ASSENZA_TENSIONE_2_IMP-Allarme assenza tensione dispositivo | D35: =VLOOKUP(B35,'EXPORT IRIS PROD 13-11-2024'!A:A,1,0) -> ALR_ASSENZA_TENSIONE_2_IMP-Allarme assenza tensione dispositivo | E35: =VLOOKUP(H35,'EXPORT IRIS PROD 13-11-2024'!F:F,1,0) -> ALR_ASSENZA_TENSIONE_2_IMP | F35: =VLOOKUP(I35,'EXPORT IRIS PROD 13-11-2024'!D:D,1,0) -> Allarme assenza tensione dispositivo | G35: Impianto SOS-ANOMALIA | H35: ALR_ASSENZA_TENSIONE_2_IMP | I35: Allarme assenza tensione dispositivo | J35: Impianto SOS | K35: Colonnina Sos | L35: NO | M35: Impiantisti | N35: NA | O35: Bassa | P35: Blu | Q35: NO
A36: =CONCATENATE(J36,"_",K36,"_",B36) -> Impianto Elettrico_Gruppo elettrogeno_ALR_ASSIMETRIA_ALTERNATORE-Allarme assimetria alternatore | B36: =CONCATENATE(H36,"-",I36) -> ALR_ASSIMETRIA_ALTERNATORE-Allarme assimetria alternatore | C36: =VLOOKUP(B36,'[2]Classi allarmi RMT-STIG_rev4'!$C:$C,1,0) -> ALR_ASSIMETRIA_ALTERNATORE-Allarme assimetria alternatore | D36: =VLOOKUP(B36,'EXPORT IRIS PROD 13-11-2024'!A:A,1,0) -> ALR_ASSIMETRIA_ALTERNATORE-Allarme assimetria alternatore | E36: =VLOOKUP(H36,'EXPORT IRIS PROD 13-11-2024'!F:F,1,0) -> ALR_ASSIMETRIA_ALTERNATORE | F36: =VLOOKUP(I36,'EXPORT IRIS PROD 13-11-2024'!D:D,1,0) -> Allarme assimetria alternatore | G36: Impianto Elettrico-ANOMALIA | H36: ALR_ASSIMETRIA_ALTERNATORE | I36: Allarme assimetria alternatore | J36: Impianto Elettrico | K36: Gruppo elettrogeno | L36: NO | M36: Impiantisti | N36: NA | O36: Bassa | P36: Blu | Q36: NO
A37: =CONCATENATE(J37,"_",K37,"_",B37) -> Impianto Elettrico_Gruppo elettrogeno_ALR_ASSIMETRIA_RETE-Allarme assimetria rete | B37: =CONCATENATE(H37,"-",I37) -> ALR_ASSIMETRIA_RETE-Allarme assimetria rete | C37: =VLOOKUP(B37,'[2]Classi allarmi RMT-STIG_rev4'!$C:$C,1,0) -> ALR_ASSIMETRIA_RETE-Allarme assimetria rete | D37: =VLOOKUP(B37,'EXPORT IRIS PROD 13-11-2024'!A:A,1,0) -> ALR_ASSIMETRIA_RETE-Allarme assimetria rete | E37: =VLOOKUP(H37,'EXPORT IRIS PROD 13-11-2024'!F:F,1,0) -> ALR_ASSIMETRIA_RETE | F37: =VLOOKUP(I37,'EXPORT IRIS PROD 13-11-2024'!D:D,1,0) -> Allarme assimetria rete | G37: Impianto Elettrico-ANOMALIA | H37: ALR_ASSIMETRIA_RETE | I37: Allarme assimetria rete | J37: Impianto Elettrico | K37: Gruppo elettrogeno | L37: NO | M37: Impiantisti | N37: NA | O37: Bassa | P37: Blu | Q37: NO
A38: =CONCATENATE(J38,"_",K38,"_",B38) -> Impianto Elettrico_UPS_ALR_ASSIMETRIA_RETE-Allarme assimetria rete | B38: =CONCATENATE(H38,"-",I38) -> ALR_ASSIMETRIA_RETE-Allarme assimetria rete | C38: =VLOOKUP(B38,'[2]Classi allarmi RMT-STIG_rev4'!$C:$C,1,0) -> ALR_ASSIMETRIA_RETE-Allarme assimetria rete | D38: =VLOOKUP(B38,'EXPORT IRIS PROD 13-11-2024'!A:A,1,0) -> ALR_ASSIMETRIA_RETE-Allarme assimetria rete | E38: =VLOOKUP(H38,'EXPORT IRIS PROD 13-11-2024'!F:F,1,0) -> ALR_ASSIMETRIA_RETE | F38: =VLOOKUP(I38,'EXPORT IRIS PROD 13-11-2024'!D:D,1,0) -> Allarme assimetria rete | G38: Impianto Elettrico-ANOMALIA | H38: ALR_ASSIMETRIA_RETE | I38: Allarme assimetria rete | J38: Impianto Elettrico | K38: UPS | L38: NO | M38: Impiantisti | N38: NA | O38: Bassa | P38: Blu | Q38: NO
A39: =CONCATENATE(J39,"_",K39,"_",B39) -> Impianto Ventilazione_Ventilatore_ALR_ASSORBIMENTO-Allarme assorbimento ventilatore | B39: =CONCATENATE(H39,"-",I39) -> ALR_ASSORBIMENTO-Allarme assorbimento ventilatore | C39: =VLOOKUP(B39,'[2]Classi allarmi RMT-STIG_rev4'!$C:$C,1,0) -> ALR_ASSORBIMENTO-Allarme assorbimento ventilatore | D39: =VLOOKUP(B39,'EXPORT IRIS PROD 13-11-2024'!A:A,1,0) -> ALR_ASSORBIMENTO-Allarme assorbimento ventilatore | E39: =VLOOKUP(H39,'EXPORT IRIS PROD 13-11-2024'!F:F,1,0) -> ALR_ASSORBIMENTO | F39: =VLOOKUP(I39,'EXPORT IRIS PROD 13-11-2024'!D:D,1,0) -> Allarme assorbimento ventilatore | G39: Ventilazione-ANOMALIA | H39: ALR_ASSORBIMENTO | I39: Allarme assorbimento ventilatore | J39: Impianto Ventilazione | K39: Ventilatore | L39: NO | M39: Impiantisti | N39: NA | O39: Bassa | P39: Blu | Q39: NO
A40: =CONCATENATE(J40,"_",K40,"_",B40) -> Impianto Canalizzazione_PMV/Frecciacroce_ALR_AVARIA_ALIMENTATORI-Allarme avaria alimentatori | B40: =CONCATENATE(H40,"-",I40) -> ALR_AVARIA_ALIMENTATORI-Allarme avaria alimentatori | C40: =VLOOKUP(B40,'[2]Classi allarmi RMT-STIG_rev4'!$C:$C,1,0) -> ALR_AVARIA_ALIMENTATORI-Allarme avaria alimentatori | D40: =VLOOKUP(B40,'EXPORT IRIS PROD 13-11-2024'!A:A,1,0) -> ALR_AVARIA_ALIMENTATORI-Allarme avaria alimentatori | E40: =VLOOKUP(H40,'EXPORT IRIS PROD 13-11-2024'!F:F,1,0) -> ALR_AVARIA_ALIMENTATORI | F40: =VLOOKUP(I40,'EXPORT IRIS PROD 13-11-2024'!D:D,1,0) -> Allarme avaria alimentatori | G40: Canalizzazione-ANOMALIA | H40: ALR_AVARIA_ALIMENTATORI | I40: Allarme avaria alimentatori | J40: Impianto Canalizzazione | K40: PMV/Frecciacroce | L40: NO | M40: Impiantisti | N40: NA | O40: Bassa | P40: Blu | Q40: NO
A41: =CONCATENATE(J41,"_",K41,"_",B41) -> Impianto Rilevazione Incendio_Centralina antincendio_ALR_AVARIA_CENTRALINA_ANTINCENDIO-Allarme avaria centralina incendio | B41: =CONCATENATE(H41,"-",I41) -> ALR_AVARIA_CENTRALINA_ANTINCENDIO-Allarme avaria centralina incendio | C41: =VLOOKUP(B41,'[2]Classi allarmi RMT-STIG_rev4'!$C:$C,1,0) -> ALR_AVARIA_CENTRALINA_ANTINCENDIO-Allarme avaria centralina incendio | D41: =VLOOKUP(B41,'EXPORT IRIS PROD 13-11-2024'!A:A,1,0) -> ALR_AVARIA_CENTRALINA_ANTINCENDIO-Allarme avaria centralina incendio | E41: =VLOOKUP(H41,'EXPORT IRIS PROD 13-11-2024'!F:F,1,0) -> ALR_AVARIA_CENTRALINA_ANTINCENDIO | F41: =VLOOKUP(I41,'EXPORT IRIS PROD 13-11-2024'!D:D,1,0) -> Allarme avaria centralina incendio | G41: Impianto Rilevazione Incendio-ANOMALIA | H41: ALR_AVARIA_CENTRALINA_ANTINCENDIO | I41: Allarme avaria centralina incendio | J41: Impianto Rilevazione Incendio | K41: Centralina antincendio | L41: SI | M41: Sala operativa e Impiantisti | N41: 3 | O41: Alta | P41: Rosso | Q41: SI
A42: =CONCATENATE(J42,"_",K42,"_",B42) -> Impianto Canalizzazione_PMV/Frecciacroce_ALR_AVARIA_LED-Allarme avaria LED | B42: =CONCATENATE(H42,"-",I42) -> ALR_AVARIA_LED-Allarme avaria LED | C42: =VLOOKUP(B42,'[2]Classi allarmi RMT-STIG_rev4'!$C:$C,1,0) -> ALR_AVARIA_LED-Allarme avaria LED | D42: =VLOOKUP(B42,'EXPORT IRIS PROD 13-11-2024'!A:A,1,0) -> ALR_AVARIA_LED-Allarme avaria LED | E42: =VLOOKUP(H42,'EXPORT IRIS PROD 13-11-2024'!F:F,1,0) -> ALR_AVARIA_LED | F42: =VLOOKUP(I42,'EXPORT IRIS PROD 13-11-2024'!D:D,1,0) -> Allarme avaria LED | G42: Canalizzazione-ANOMALIA | H42: ALR_AVARIA_LED | I42: Allarme avaria LED | J42: Impianto Canalizzazione | K42: PMV/Frecciacroce | L42: NO | M42: Impiantisti | N42: NA | O42: Bassa | P42: Blu | Q42: NO
A43: =CONCATENATE(J43,"_",K43,"_",B43) -> Impianto Canalizzazione_PMV/Frecciacroce_ALR_AVARIA_LINEA_INTERNA-Allarme avaria linea interna | B43: =CONCATENATE(H43,"-",I43) -> ALR_AVARIA_LINEA_INTERNA-Allarme avaria linea interna | C43: =VLOOKUP(B43,'[2]Classi allarmi RMT-STIG_rev4'!$C:$C,1,0) -> ALR_AVARIA_LINEA_INTERNA-Allarme avaria linea interna | D43: =VLOOKUP(B43,'EXPORT IRIS PROD 13-11-2024'!A:A,1,0) -> ALR_AVARIA_LINEA_INTERNA-Allarme avaria linea interna | E43: =VLOOKUP(H43,'EXPORT IRIS PROD 13-11-2024'!F:F,1,0) -> ALR_AVARIA_LINEA_INTERNA | F43: =VLOOKUP(I43,'EXPORT IRIS PROD 13-11-2024'!D:D,1,0) -> Allarme avaria linea interna | G43: Canalizzazione-ANOMALIA | H43: ALR_AVARIA_LINEA_INTERNA | I43: Allarme avaria linea interna | J43: Impianto Canalizzazione | K43: PMV/Frecciacroce | L43: NO | M43: Impiantisti | N43: NA | O43: Bassa | P43: Blu | Q43: NO
A44: =CONCATENATE(J44,"_",K44,"_",B44) -> Impianto Elettrico_Gruppo elettrogeno (serbatoio)_ALR_AVARIA_SERBATOIO-Allarme serbatoio GE in avaria | B44: =CONCATENATE(H44,"-",I44) -> ALR_AVARIA_SERBATOIO-Allarme serbatoio GE in avaria | C44: =VLOOKUP(B44,'[2]Classi allarmi RMT-STIG_rev4'!$C:$C,1,0) -> ALR_AVARIA_SERBATOIO-Allarme serbatoio GE in avaria | D44: =VLOOKUP(B44,'EXPORT IRIS PROD 13-11-2024'!A:A,1,0) -> ALR_AVARIA_SERBATOIO-Allarme serbatoio GE in avaria | E44: =VLOOKUP(H44,'EXPORT IRIS PROD 13-11-2024'!F:F,1,0) -> ALR_AVARIA_SERBATOIO | F44: =VLOOKUP(I44,'EXPORT IRIS PROD 13-11-2024'!D:D,1,0) -> Allarme serbatoio GE in avaria | G44: Impianto Elettrico-ANOMALIA | H44: ALR_AVARIA_SERBATOIO | I44: Allarme serbatoio GE in avaria | J44: Impianto Elettrico | K44: Gruppo elettrogeno (serbatoio) | L44: NO | M44: Impiantisti | N44: NA | O44: Bassa | P44: Blu | Q44: NO
A45: =CONCATENATE(J45,"_",K45,"_",B45) -> Impianto Canalizzazione_PMV/Frecciacroce_ALR_AVARIA_SERIALE_NE-Allarme avaria seriale NE | B45: =CONCATENATE(H45,"-",I45) -> ALR_AVARIA_SERIALE_NE-Allarme avaria seriale NE | C45: =VLOOKUP(B45,'[2]Classi allarmi RMT-STIG_rev4'!$C:$C,1,0) -> ALR_AVARIA_SERIALE_NE-Allarme avaria seriale NE | D45: =VLOOKUP(B45,'EXPORT IRIS PROD 13-11-2024'!A:A,1,0) -> ALR_AVARIA_SERIALE_NE-Allarme avaria seriale NE | E45: =VLOOKUP(H45,'EXPORT IRIS PROD 13-11-2024'!F:F,1,0) -> ALR_AVARIA_SERIALE_NE | F45: =VLOOKUP(I45,'EXPORT IRIS PROD 13-11-2024'!D:D,1,0) -> Allarme avaria seriale NE | G45: Canalizzazione-ANOMALIA | H45: ALR_AVARIA_SERIALE_NE | I45: Allarme avaria seriale NE | J45: Impianto Canalizzazione | K45: PMV/Frecciacroce | L45: NO | M45: Impiantisti | N45: NA | O45: Bassa | P45: Blu | Q45: NO
A46: =CONCATENATE(J46,"_",K46,"_",B46) -> Impianto Canalizzazione_PMV/Frecciacroce_ALR_AVARIA_SERIALE_NW-Allarme avaria seriale NW | B46: =CONCATENATE(H46,"-",I46) -> ALR_AVARIA_SERIALE_NW-Allarme avaria seriale NW | C46: =VLOOKUP(B46,'[2]Classi allarmi RMT-STIG_rev4'!$C:$C,1,0) -> ALR_AVARIA_SERIALE_NW-Allarme avaria seriale NW | D46: =VLOOKUP(B46,'EXPORT IRIS PROD 13-11-2024'!A:A,1,0) -> ALR_AVARIA_SERIALE_NW-Allarme avaria seriale NW | E46: =VLOOKUP(H46,'EXPORT IRIS PROD 13-11-2024'!F:F,1,0) -> ALR_AVARIA_SERIALE_NW | F46: =VLOOKUP(I46,'EXPORT IRIS PROD 13-11-2024'!D:D,1,0) -> Allarme avaria seriale NW | G46: Canalizzazione-ANOMALIA | H46: ALR_AVARIA_SERIALE_NW | I46: Allarme avaria seriale NW | J46: Impianto Canalizzazione | K46: PMV/Frecciacroce | L46: NO | M46: Impiantisti | N46: NA | O46: Bassa | P46: Blu | Q46: NO
A47: =CONCATENATE(J47,"_",K47,"_",B47) -> Impianto Canalizzazione_PMV/Frecciacroce_ALR_AVARIA_SERIALE_SE-Allarme avaria seriale SE | B47: =CONCATENATE(H47,"-",I47) -> ALR_AVARIA_SERIALE_SE-Allarme avaria seriale SE | C47: =VLOOKUP(B47,'[2]Classi allarmi RMT-STIG_rev4'!$C:$C,1,0) -> ALR_AVARIA_SERIALE_SE-Allarme avaria seriale SE | D47: =VLOOKUP(B47,'EXPORT IRIS PROD 13-11-2024'!A:A,1,0) -> ALR_AVARIA_SERIALE_SE-Allarme avaria seriale SE | E47: =VLOOKUP(H47,'EXPORT IRIS PROD 13-11-2024'!F:F,1,0) -> ALR_AVARIA_SERIALE_SE | F47: =VLOOKUP(I47,'EXPORT IRIS PROD 13-11-2024'!D:D,1,0) -> Allarme avaria seriale SE | G47: Canalizzazione-ANOMALIA | H47: ALR_AVARIA_SERIALE_SE | I47: Allarme avaria seriale SE | J47: Impianto Canalizzazione | K47: PMV/Frecciacroce | L47: NO | M47: Impiantisti | N47: NA | O47: Bassa | P47: Blu | Q47: NO
A48: =CONCATENATE(J48,"_",K48,"_",B48) -> Impianto Canalizzazione_PMV/Frecciacroce_ALR_AVARIA_SERIALE_SW-Allarme avaria seriale SW | B48: =CONCATENATE(H48,"-",I48) -> ALR_AVARIA_SERIALE_SW-Allarme avaria seriale SW | C48: =VLOOKUP(B48,'[2]Classi allarmi RMT-STIG_rev4'!$C:$C,1,0) -> ALR_AVARIA_SERIALE_SW-Allarme avaria seriale SW | D48: =VLOOKUP(B48,'EXPORT IRIS PROD 13-11-2024'!A:A,1,0) -> ALR_AVARIA_SERIALE_SW-Allarme avaria seriale SW | E48: =VLOOKUP(H48,'EXPORT IRIS PROD 13-11-2024'!F:F,1,0) -> ALR_AVARIA_SERIALE_SW | F48: =VLOOKUP(I48,'EXPORT IRIS PROD 13-11-2024'!D:D,1,0) -> Allarme avaria seriale SW | G48: Canalizzazione-ANOMALIA | H48: ALR_AVARIA_SERIALE_SW | I48: Allarme avaria seriale SW | J48: Impianto Canalizzazione | K48: PMV/Frecciacroce | L48: NO | M48: Impiantisti | N48: NA | O48: Bassa | P48: Blu | Q48: NO
A49: =CONCATENATE(J49,"_",K49,"_",B49) -> Impianto Canalizzazione_PMV/Frecciacroce_ALR_AVARIA_TEMPERATURE-Allarme avaria temperatura | B49: =CONCATENATE(H49,"-",I49) -> ALR_AVARIA_TEMPERATURE-Allarme avaria temperatura | C49: =VLOOKUP(B49,'[2]Classi allarmi RMT-STIG_rev4'!$C:$C,1,0) -> ALR_AVARIA_TEMPERATURE-Allarme avaria temperatura | D49: =VLOOKUP(B49,'EXPORT IRIS PROD 13-11-2024'!A:A,1,0) -> ALR_AVARIA_TEMPERATURE-Allarme avaria temperatura | E49: =VLOOKUP(H49,'EXPORT IRIS PROD 13-11-2024'!F:F,1,0) -> ALR_AVARIA_TEMPERATURE | F49: =VLOOKUP(I49,'EXPORT IRIS PROD 13-11-2024'!D:D,1,0) -> Allarme avaria temperatura | G49: Canalizzazione-ANOMALIA | H49: ALR_AVARIA_TEMPERATURE | I49: Allarme avaria temperatura | J49: Impianto Canalizzazione | K49: PMV/Frecciacroce | L49: NO | M49: Impiantisti | N49: NA | O49: Bassa | P49: Blu | Q49: NO
A50: =CONCATENATE(J50,"_",K50,"_",B50) -> Impianto Elettrico_Gruppo elettrogeno_ALR_BASSA_PRESSIONE-Allarme bassa pressione Gruppo Elettrogeno | B50: =CONCATENATE(H50,"-",I50) -> ALR_BASSA_PRESSIONE-Allarme bassa pressione Gruppo Elettrogeno | C50: =VLOOKUP(B50,'[2]Classi allarmi RMT-STIG_rev4'!$C:$C,1,0) -> ALR_BASSA_PRESSIONE-Allarme bassa pressione Gruppo Elettrogeno | D50: =VLOOKUP(B50,'EXPORT IRIS PROD 13-11-2024'!A:A,1,0) -> ALR_BASSA_PRESSIONE-Allarme bassa pressione Gruppo Elettrogeno | E50: =VLOOKUP(H50,'EXPORT IRIS PROD 13-11-2024'!F:F,1,0) -> ALR_BASSA_PRESSIONE | F50: =VLOOKUP(I50,'EXPORT IRIS PROD 13-11-2024'!D:D,1,0) -> Allarme bassa pressione Gruppo Elettrogeno | G50: Impianto Elettrico-ANOMALIA | H50: ALR_BASSA_PRESSIONE | I50: Allarme bassa pressione Gruppo Elettrogeno | J50: Impianto Elettrico | K50: Gruppo elettrogeno | L50: NO | M50: Impiantisti | N50: NA | O50: Bassa | P50: Blu | Q50: NO
A51: =CONCATENATE(J51,"_",K51,"_",B51) -> Impianto Elettrico_Gruppo elettrogeno_ALR_BASSA_TENSIONE_RETE-Allarme bassa tensione rete | B51: =CONCATENATE(H51,"-",I51) -> ALR_BASSA_TENSIONE_RETE-Allarme bassa tensione rete | C51: =VLOOKUP(B51,'[2]Classi allarmi RMT-STIG_rev4'!$C:$C,1,0) -> ALR_BASSA_TENSIONE_RETE-Allarme bassa tensione rete | D51: =VLOOKUP(B51,'EXPORT IRIS PROD 13-11-2024'!A:A,1,0) -> ALR_BASSA_TENSIONE_RETE-Allarme bassa tensione rete | E51: =VLOOKUP(H51,'EXPORT IRIS PROD 13-11-2024'!F:F,1,0) -> ALR_BASSA_TENSIONE_RETE | F51: =VLOOKUP(I51,'EXPORT IRIS PROD 13-11-2024'!D:D,1,0) -> Allarme bassa tensione rete | G51: Impianto Elettrico-ANOMALIA | H51: ALR_BASSA_TENSIONE_RETE | I51: Allarme bassa tensione rete | J51: Impianto Elettrico | K51: Gruppo elettrogeno | L51: NO | M51: Impiantisti | N51: NA | O51: Bassa | P51: Blu | Q51: NO
A52: =CONCATENATE(J52,"_",K52,"_",B52) -> Impianto Elettrico_Gruppo elettrogeno_ALR_BASSISSIMO_LIV_GASOLIO_SERB-Allarme livello gasolio bassissimo | B52: =CONCATENATE(H52,"-",I52) -> ALR_BASSISSIMO_LIV_GASOLIO_SERB-Allarme livello gasolio bassissimo | C52: =VLOOKUP(B52,'[2]Classi allarmi RMT-STIG_rev4'!$C:$C,1,0) -> ALR_BASSISSIMO_LIV_GASOLIO_SERB-Allarme livello gasolio bassissimo | D52: =VLOOKUP(B52,'EXPORT IRIS PROD 13-11-2024'!A:A,1,0) -> ALR_BASSISSIMO_LIV_GASOLIO_SERB-Allarme livello gasolio bassissimo | E52: =VLOOKUP(H52,'EXPORT IRIS PROD 13-11-2024'!F:F,1,0) -> ALR_BASSISSIMO_LIV_GASOLIO_SERB | F52: =VLOOKUP(I52,'EXPORT IRIS PROD 13-11-2024'!D:D,1,0) -> Allarme livello gasolio bassissimo | G52: Impianto Elettrico-ANOMALIA | H52: ALR_BASSISSIMO_LIV_GASOLIO_SERB | I52: Allarme livello gasolio bassissimo | J52: Impianto Elettrico | K52: Gruppo elettrogeno | L52: NO | M52: Impiantisti | N52: NA | O52: Bassa | P52: Blu | Q52: NO
A53: =CONCATENATE(J53,"_",K53,"_",B53) -> Impianto Elettrico_Serbatoio gasolio_ALR_BASSO_LIV_GASOLIO_SERB-Allarme livello serbatoio gasolio in esaurimento | B53: =CONCATENATE(H53,"-",I53) -> ALR_BASSO_LIV_GASOLIO_SERB-Allarme livello serbatoio gasolio in esaurimento | C53: =VLOOKUP(B53,'[2]Classi allarmi RMT-STIG_rev4'!$C:$C,1,0) -> ALR_BASSO_LIV_GASOLIO_SERB-Allarme livello serbatoio gasolio in esaurimento | D53: =VLOOKUP(B53,'EXPORT IRIS PROD 13-11-2024'!A:A,1,0) -> ALR_BASSO_LIV_GASOLIO_SERB-Allarme livello serbatoio gasolio in esaurimento | E53: =VLOOKUP(H53,'EXPORT IRIS PROD 13-11-2024'!F:F,1,0) -> ALR_BASSO_LIV_GASOLIO_SERB | F53: =VLOOKUP(I53,'EXPORT IRIS PROD 13-11-2024'!D:D,1,0) -> Allarme livello serbatoio gasolio in esaurimento | G53: Impianto Elettrico-ANOMALIA | H53: ALR_BASSO_LIV_GASOLIO_SERB | I53: Allarme livello serbatoio gasolio in esaurimento | J53: Impianto Elettrico | K53: Serbatoio gasolio | L53: NO | M53: Impiantisti | N53: NA | O53: Media | P53: Arancione | Q53: NO
... A71: =CONCATENATE(J71,"_",K71,"_",B71) -> Impianto Elettrico_Centralina scambio rete-gruppo_ALR_CB3_CHIUSURA_FALLITA-Allarme CB3 chiusura fallita | B71: =CONCATENATE(H71,"-",I71) -> ALR_CB3_CHIUSURA_FALLITA-Allarme CB3 chiusura fallita | C71: =VLOOKUP(B71,'[2]Classi allarmi RMT-STIG_rev4'!$C:$C,1,0) -> ALR_CB3_CHIUSURA_FALLITA-Allarme CB3 chiusura fallita | D71: =VLOOKUP(B71,'EXPORT IRIS PROD 13-11-2024'!A:A,1,0) -> ALR_CB3_CHIUSURA_FALLITA-Allarme CB3 chiusura fallita | E71: =VLOOKUP(H71,'EXPORT IRIS PROD 13-11-2024'!F:F,1,0) -> ALR_CB3_CHIUSURA_FALLITA | F71: =VLOOKUP(I71,'EXPORT IRIS PROD 13-11-2024'!D:D,1,0) -> Allarme CB3 chiusura fallita | G71: Impianto Elettrico-ANOMALIA | H71: ALR_CB3_CHIUSURA_FALLITA | I71: Allarme CB3 chiusura fallita | J71: Impianto Elettrico | K71: Centralina scambio rete-gruppo | L71: NO | M71: Impiantisti | N71: NA | O71: Bassa | P71: Blu | Q71: NO
A72: =CONCATENATE(J72,"_",K72,"_",B72) -> Impianto Rilevazione Incendio_Centralina rilevazione incendio_ALR_CENTRALINA-Allarme centralina rilevazione incendio | B72: =CONCATENATE(H72,"-",I72) -> ALR_CENTRALINA-Allarme centralina rilevazione incendio | C72: =VLOOKUP(B72,'[2]Classi allarmi RMT-STIG_rev4'!$C:$C,1,0) -> ALR_CENTRALINA-Allarme centralina rilevazione incendio | D72: =VLOOKUP(B72,'EXPORT IRIS PROD 13-11-2024'!A:A,1,0) -> ALR_CENTRALINA-Allarme centralina rilevazione incendio | E72: =VLOOKUP(H72,'EXPORT IRIS PROD 13-11-2024'!F:F,1,0) -> ALR_CENTRALINA | F72: =VLOOKUP(I72,'EXPORT IRIS PROD 13-11-2024'!D:D,1,0) -> Allarme centralina rilevazione incendio | G72: Impianto Rilevazione Incendio-ANOMALIA | H72: ALR_CENTRALINA | I72: Allarme centralina rilevazione incendio | J72: Impianto Rilevazione Incendio | K72: Centralina rilevazione incendio | L72: SI | M72: Sala operativa e Impiantisti | N72: 2 | O72: Bassa | P72: Blu | Q72: NO
A73: =CONCATENATE(J73,"_",K73,"_",B73) -> Impianto Videosorveglianza_Centralina Contamezzi_ALR_CENTRALINA_NON_PRONTA-Allarme centralina non pronta | B73: =CONCATENATE(H73,"-",I73) -> ALR_CENTRALINA_NON_PRONTA-Allarme centralina non pronta | C73: =VLOOKUP(B73,'[2]Classi allarmi RMT-STIG_rev4'!$C:$C,1,0) -> ALR_CENTRALINA_NON_PRONTA-Allarme centralina non pronta | D73: =VLOOKUP(B73,'EXPORT IRIS PROD 13-11-2024'!A:A,1,0) -> ALR_CENTRALINA_NON_PRONTA-Allarme centralina non pronta | E73: =VLOOKUP(H73,'EXPORT IRIS PROD 13-11-2024'!F:F,1,0) -> ALR_CENTRALINA_NON_PRONTA | F73: =VLOOKUP(I73,'EXPORT IRIS PROD 13-11-2024'!D:D,1,0) -> Allarme centralina non pronta | G73: Videosorveglianza-ANOMALIA | H73: ALR_CENTRALINA_NON_PRONTA | I73: Allarme centralina non pronta | J73: Impianto Videosorveglianza | K73: Centralina Contamezzi | L73: NO | M73: Impiantisti | N73: NA | O73: Bassa | P73: Blu | Q73: NO
A74: =CONCATENATE(J74,"_",K74,"_",B74) -> Impianto Elettrico_Centralina scambio_ALR_CENTRALINA_SCAMBIO_RETE_GRUPPO-Allarme centralina scambio rete gruppo | B74: =CONCATENATE(H74,"-",I74) -> ALR_CENTRALINA_SCAMBIO_RETE_GRUPPO-Allarme centralina scambio rete gruppo | C74: =VLOOKUP(B74,'[2]Classi allarmi RMT-STIG_rev4'!$C:$C,1,0) -> ALR_CENTRALINA_SCAMBIO_RETE_GRUPPO-Allarme centralina scambio rete gruppo | D74: =VLOOKUP(B74,'EXPORT IRIS PROD 13-11-2024'!A:A,1,0) -> ALR_CENTRALINA_SCAMBIO_RETE_GRUPPO-Allarme centralina scambio rete gruppo | E74: =VLOOKUP(H74,'EXPORT IRIS PROD 13-11-2024'!F:F,1,0) -> ALR_CENTRALINA_SCAMBIO_RETE_GRUPPO | F74: =VLOOKUP(I74,'EXPORT IRIS PROD 13-11-2024'!D:D,1,0) -> Allarme centralina scambio rete gruppo | G74: Impianto Elettrico-ANOMALIA | H74: ALR_CENTRALINA_SCAMBIO_RETE_GRUPPO | I74: Allarme centralina scambio rete gruppo | J74: Impianto Elettrico | K74: Centralina scambio | L74: SI | M74: Sala operativa e Impiantisti | N74: 2 | O74: Bassa | P74: Blu | Q74: NO
A75: =CONCATENATE(J75,"_",K75,"_",B75) -> Impianto Elettrico_Trasformatore_ALR_CENTRALINA_TRAFO-Allarme centralina Trasformatore | B75: =CONCATENATE(H75,"-",I75) -> ALR_CENTRALINA_TRAFO-Allarme centralina Trasformatore | C75: =VLOOKUP(B75,'[2]Classi allarmi RMT-STIG_rev4'!$C:$C,1,0) -> ALR_CENTRALINA_TRAFO-Allarme centralina Trasformatore | D75: =VLOOKUP(B75,'EXPORT IRIS PROD 13-11-2024'!A:A,1,0) -> ALR_CENTRALINA_TRAFO-Allarme centralina Trasformatore | E75: =VLOOKUP(H75,'EXPORT IRIS PROD 13-11-2024'!F:F,1,0) -> ALR_CENTRALINA_TRAFO | F75: =VLOOKUP(I75,'EXPORT IRIS PROD 13-11-2024'!D:D,1,0) -> Allarme centralina Trasformatore | G75: Impianto Elettrico-ANOMALIA | H75: ALR_CENTRALINA_TRAFO | I75: Allarme centralina Trasformatore | J75: Impianto Elettrico | K75: Trasformatore | L75: NO | M75: Impiantisti | N75: NA | O75: Bassa | P75: Blu | Q75: NO
A76: =CONCATENATE(J76,"_",K76,"_",B76) -> Impianto Elettrico_Gruppo elettrogeno_ALR_CHIUSURA_IMMOTIVATA_GCB-Allarme chiusura immotivata contattore generatore | B76: =CONCATENATE(H76,"-",I76) -> ALR_CHIUSURA_IMMOTIVATA_GCB-Allarme chiusura immotivata contattore generatore | C76: =VLOOKUP(B76,'[2]Classi allarmi RMT-STIG_rev4'!$C:$C,1,0) -> ALR_CHIUSURA_IMMOTIVATA_GCB-Allarme chiusura immotivata contattore generatore | D76: =VLOOKUP(B76,'EXPORT IRIS PROD 13-11-2024'!A:A,1,0) -> ALR_CHIUSURA_IMMOTIVATA_GCB-Allarme chiusura immotivata contattore generatore | E76: =VLOOKUP(H76,'EXPORT IRIS PROD 13-11-2024'!F:F,1,0) -> ALR_CHIUSURA_IMMOTIVATA_GCB | F76: =VLOOKUP(I76,'EXPORT IRIS PROD 13-11-2024'!D:D,1,0) -> Allarme chiusura immotivata contattore generatore | G76: Impianto Elettrico-ANOMALIA | H76: ALR_CHIUSURA_IMMOTIVATA_GCB | I76: Allarme chiusura immotivata contattore generatore | J76: Impianto Elettrico | K76: Gruppo elettrogeno | L76: NO | M76: Impiantisti | N76: NA | O76: Bassa | P76: Blu | Q76: NO
A77: =CONCATENATE(J77,"_",K77,"_",B77) -> Impianto Elettrico_Gruppo elettrogeno_ALR_CHIUSURA_IMMOTIVATA_MCB-Allarme chiusura immotivata contattore di rete | B77: =CONCATENATE(H77,"-",I77) -> ALR_CHIUSURA_IMMOTIVATA_MCB-Allarme chiusura immotivata contattore di rete | C77: =VLOOKUP(B77,'[2]Classi allarmi RMT-STIG_rev4'!$C:$C,1,0) -> ALR_CHIUSURA_IMMOTIVATA_MCB-Allarme chiusura immotivata contattore di rete | D77: =VLOOKUP(B77,'EXPORT IRIS PROD 13-11-2024'!A:A,1,0) -> ALR_CHIUSURA_IMMOTIVATA_MCB-Allarme chiusura immotivata contattore di rete | E77: =VLOOKUP(H77,'EXPORT IRIS PROD 13-11-2024'!F:F,1,0) -> ALR_CHIUSURA_IMMOTIVATA_MCB | F77: =VLOOKUP(I77,'EXPORT IRIS PROD 13-11-2024'!D:D,1,0) -> Allarme chiusura immotivata contattore di rete | G77: Impianto Elettrico-ANOMALIA | H77: ALR_CHIUSURA_IMMOTIVATA_MCB | I77: Allarme chiusura immotivata contattore di rete | J77: Impianto Elettrico | K77: Gruppo elettrogeno | L77: NO | M77: Impiantisti | N77: NA | O77: Bassa | P77: Blu | Q77: NO
A78: =CONCATENATE(J78,"_",K78,"_",B78) -> Impianto Ventilazione_CO_ALR_CO_DIR_NORD_CASO_A-Allarme CO caso A dir. nord | B78: =CONCATENATE(H78,"-",I78) -> ALR_CO_DIR_NORD_CASO_A-Allarme CO caso A dir. nord | C78: =VLOOKUP(B78,'[2]Classi allarmi RMT-STIG_rev4'!$C:$C,1,0) -> ALR_CO_DIR_NORD_CASO_A-Allarme CO caso A dir. nord | D78: =VLOOKUP(B78,'EXPORT IRIS PROD 13-11-2024'!A:A,1,0) -> ALR_CO_DIR_NORD_CASO_A-Allarme CO caso A dir. nord | E78: =VLOOKUP(H78,'EXPORT IRIS PROD 13-11-2024'!F:F,1,0) -> ALR_CO_DIR_NORD_CASO_A | F78: =VLOOKUP(I78,'EXPORT IRIS PROD 13-11-2024'!D:D,1,0) -> Allarme CO caso A dir. nord | G78: Inquinamento da Sensori CO-OP-AN-NO | H78: ALR_CO_DIR_NORD_CASO_A | I78: Allarme CO caso A dir. nord | J78: Impianto Ventilazione | K78: CO | L78: SI | M78: Sala operativa e Impiantisti | N78: 3 | O78: Bassa | P78: Blu | Q78: NO
A79: =CONCATENATE(J79,"_",K79,"_",B79) -> Impianto Ventilazione_CO_ALR_CO_DIR_NORD_CASO_B-Allarme CO caso B dir. nord | B79: =CONCATENATE(H79,"-",I79) -> ALR_CO_DIR_NORD_CASO_B-Allarme CO caso B dir. nord | C79: =VLOOKUP(B79,'[2]Classi allarmi RMT-STIG_rev4'!$C:$C,1,0) -> ALR_CO_DIR_NORD_CASO_B-Allarme CO caso B dir. nord | D79: =VLOOKUP(B79,'EXPORT IRIS PROD 13-11-2024'!A:A,1,0) -> ALR_CO_DIR_NORD_CASO_B-Allarme CO caso B dir. nord | E79: =VLOOKUP(H79,'EXPORT IRIS PROD 13-11-2024'!F:F,1,0) -> ALR_CO_DIR_NORD_CASO_B | F79: =VLOOKUP(I79,'EXPORT IRIS PROD 13-11-2024'!D:D,1,0) -> Allarme CO caso B dir. nord | G79: Inquinamento da Sensori CO-OP-AN-NO | H79: ALR_CO_DIR_NORD_CASO_B | I79: Allarme CO caso B dir. nord | J79: Impianto Ventilazione | K79: CO | L79: SI | M79: Sala operativa e Impiantisti | N79: 3 | O79: Media | P79: Arancione | Q79: NO
A80: =CONCATENATE(J80,"_",K80,"_",B80) -> Impianto Ventilazione_CO_ALR_CO_DIR_NORD_CASO_C-Allarme CO caso C dir. nord | B80: =CONCATENATE(H80,"-",I80) -> ALR_CO_DIR_NORD_CASO_C-Allarme CO caso C dir. nord | C80: =VLOOKUP(B80,'[2]Classi allarmi RMT-STIG_rev4'!$C:$C,1,0) -> ALR_CO_DIR_NORD_CASO_C-Allarme CO caso C dir. nord | D80: =VLOOKUP(B80,'EXPORT IRIS PROD 13-11-2024'!A:A,1,0) -> ALR_CO_DIR_NORD_CASO_C-Allarme CO caso C dir. nord | E80: =VLOOKUP(H80,'EXPORT IRIS PROD 13-11-2024'!F:F,1,0) -> ALR_CO_DIR_NORD_CASO_C | F80: =VLOOKUP(I80,'EXPORT IRIS PROD 13-11-2024'!D:D,1,0) -> Allarme CO caso C dir. nord | G80: Inquinamento da Sensori CO-OP-AN-NO | H80: ALR_CO_DIR_NORD_CASO_C | I80: Allarme CO caso C dir. nord | J80: Impianto Ventilazione | K80: CO | L80: SI | M80: Sala operativa e Impiantisti | N80: 2 | O80: Altissima | P80: Viola | Q80: SI
A81: =CONCATENATE(J81,"_",K81,"_",B81) -> Impianto Ventilazione_CO_ALR_CO_DIR_SUD_CASO_A-Allarme CO caso A dir. sud | B81: =CONCATENATE(H81,"-",I81) -> ALR_CO_DIR_SUD_CASO_A-Allarme CO caso A dir. sud | C81: =VLOOKUP(B81,'[2]Classi allarmi RMT-STIG_rev4'!$C:$C,1,0) -> ALR_CO_DIR_SUD_CASO_A-Allarme CO caso A dir. sud | D81: =VLOOKUP(B81,'EXPORT IRIS PROD 13-11-2024'!A:A,1,0) -> ALR_CO_DIR_SUD_CASO_A-Allarme CO caso A dir. sud | E81: =VLOOKUP(H81,'EXPORT IRIS PROD 13-11-2024'!F:F,1,0) -> ALR_CO_DIR_SUD_CASO_A | F81: =VLOOKUP(I81,'EXPORT IRIS PROD 13-11-2024'!D:D,1,0) -> Allarme CO caso A dir. sud | G81: Inquinamento da Sensori CO-OP-AN-NO | H81: ALR_CO_DIR_SUD_CASO_A | I81: Allarme CO caso A dir. sud | J81: Impianto Ventilazione | K81: CO | L81: SI | M81: Sala operativa e Impiantisti | N81: 3 | O81: Bassa | P81: Blu | Q81: NO
A82: =CONCATENATE(J82,"_",K82,"_",B82) -> Impianto Ventilazione_CO_ALR_CO_DIR_SUD_CASO_B-Allarme CO caso B dir. sud | B82: =CONCATENATE(H82,"-",I82) -> ALR_CO_DIR_SUD_CASO_B-Allarme CO caso B dir. sud | C82: =VLOOKUP(B82,'[2]Classi allarmi RMT-STIG_rev4'!$C:$C,1,0) -> ALR_CO_DIR_SUD_CASO_B-Allarme CO caso B dir. sud | D82: =VLOOKUP(B82,'EXPORT IRIS PROD 13-11-2024'!A:A,1,0) -> ALR_CO_DIR_SUD_CASO_B-Allarme CO caso B dir. sud | E82: =VLOOKUP(H82,'EXPORT IRIS PROD 13-11-2024'!F:F,1,0) -> ALR_CO_DIR_SUD_CASO_B | F82: =VLOOKUP(I82,'EXPORT IRIS PROD 13-11-2024'!D:D,1,0) -> Allarme CO caso B dir. sud | G82: Inquinamento da Sensori CO-OP-AN-NO | H82: ALR_CO_DIR_SUD_CASO_B | I82: Allarme CO caso B dir. sud | J82: Impianto Ventilazione | K82: CO | L82: SI | M82: Sala operativa e Impiantisti | N82: 3 | O82: Media | P82: Arancione | Q82: NO
A83: =CONCATENATE(J83,"_",K83,"_",B83) -> Impianto Ventilazione_CO_ALR_CO_DIR_SUD_CASO_C-Allarme CO caso C dir. sud | B83: =CONCATENATE(H83,"-",I83) -> ALR_CO_DIR_SUD_CASO_C-Allarme CO caso C dir. sud | C83: =VLOOKUP(B83,'[2]Classi allarmi RMT-STIG_rev4'!$C:$C,1,0) -> ALR_CO_DIR_SUD_CASO_C-Allarme CO caso C dir. sud | D83: =VLOOKUP(B83,'EXPORT IRIS PROD 13-11-2024'!A:A,1,0) -> ALR_CO_DIR_SUD_CASO_C-Allarme CO caso C dir. sud | E83: =VLOOKUP(H83,'EXPORT IRIS PROD 13-11-2024'!F:F,1,0) -> ALR_CO_DIR_SUD_CASO_C | F83: =VLOOKUP(I83,'EXPORT IRIS PROD 13-11-2024'!D:D,1,0) -> Allarme CO caso C dir. sud | G83: Inquinamento da Sensori CO-OP-AN-NO | H83: ALR_CO_DIR_SUD_CASO_C | I83: Allarme CO caso C dir. sud | J83: Impianto Ventilazione | K83: CO | L83: SI | M83: Sala operativa e Impiantisti | N83: 2 | O83: Altissima | P83: Viola | Q83: SI
A84: =CONCATENATE(J84,"_",K84,"_",B84) -> Impianto Ventilazione_CO-OP_ALR_CO_OP_DIR_NORD_CASO_A-Allarme CO-OP caso A dir. nord | B84: =CONCATENATE(H84,"-",I84) -> ALR_CO_OP_DIR_NORD_CASO_A-Allarme CO-OP caso A dir. nord | C84: =VLOOKUP(B84,'[2]Classi allarmi RMT-STIG_rev4'!$C:$C,1,0) -> ALR_CO_OP_DIR_NORD_CASO_A-Allarme CO-OP caso A dir. nord | D84: =VLOOKUP(B84,'EXPORT IRIS PROD 13-11-2024'!A:A,1,0) -> ALR_CO_OP_DIR_NORD_CASO_A-Allarme CO-OP caso A dir. nord | E84: =VLOOKUP(H84,'EXPORT IRIS PROD 13-11-2024'!F:F,1,0) -> ALR_CO_OP_DIR_NORD_CASO_A | F84: =VLOOKUP(I84,'EXPORT IRIS PROD 13-11-2024'!D:D,1,0) -> Allarme CO-OP caso A dir. nord | G84: Inquinamento da Sensori CO-OP-AN-NO | H84: ALR_CO_OP_DIR_NORD_CASO_A | I84: Allarme CO-OP caso A dir. nord | J84: Impianto Ventilazione | K84: CO-OP | L84: SI | M84: Sala operativa e Impiantisti | N84: 3 | O84: Bassa | P84: Blu | Q84: NO
A85: =CONCATENATE(J85,"_",K85,"_",B85) -> Impianto Ventilazione_CO-OP_ALR_CO_OP_DIR_NORD_CASO_B-Allarme CO-OP caso B dir. nord | B85: =CONCATENATE(H85,"-",I85) -> ALR_CO_OP_DIR_NORD_CASO_B-Allarme CO-OP caso B dir. nord | C85: =VLOOKUP(B85,'[2]Classi allarmi RMT-STIG_rev4'!$C:$C,1,0) -> ALR_CO_OP_DIR_NORD_CASO_B-Allarme CO-OP caso B dir. nord | D85: =VLOOKUP(B85,'EXPORT IRIS PROD 13-11-2024'!A:A,1,0) -> ALR_CO_OP_DIR_NORD_CASO_B-Allarme CO-OP caso B dir. nord | E85: =VLOOKUP(H85,'EXPORT IRIS PROD 13-11-2024'!F:F,1,0) -> ALR_CO_OP_DIR_NORD_CASO_B | F85: =VLOOKUP(I85,'EXPORT IRIS PROD 13-11-2024'!D:D,1,0) -> Allarme CO-OP caso B dir. nord | G85: Inquinamento da Sensori CO-OP-AN-NO | H85: ALR_CO_OP_DIR_NORD_CASO_B | I85: Allarme CO-OP caso B dir. nord | J85: Impianto Ventilazione | K85: CO-OP | L85: SI | M85: Sala operativa e Impiantisti | N85: 3 | O85: Media | P85: Arancione | Q85: NO
A86: =CONCATENATE(J86,"_",K86,"_",B86) -> Impianto Ventilazione_CO-OP_ALR_CO_OP_DIR_NORD_CASO_C-Allarme CO-OP caso C dir. nord | B86: =CONCATENATE(H86,"-",I86) -> ALR_CO_OP_DIR_NORD_CASO_C-Allarme CO-OP caso C dir. nord | C86: =VLOOKUP(B86,'[2]Classi allarmi RMT-STIG_rev4'!$C:$C,1,0) -> ALR_CO_OP_DIR_NORD_CASO_C-Allarme CO-OP caso C dir. nord | D86: =VLOOKUP(B86,'EXPORT IRIS PROD 13-11-2024'!A:A,1,0) -> ALR_CO_OP_DIR_NORD_CASO_C-Allarme CO-OP caso C dir. nord | E86: =VLOOKUP(H86,'EXPORT IRIS PROD 13-11-2024'!F:F,1,0) -> ALR_CO_OP_DIR_NORD_CASO_C | F86: =VLOOKUP(I86,'EXPORT IRIS PROD 13-11-2024'!D:D,1,0) -> Allarme CO-OP caso C dir. nord | G86: Inquinamento da Sensori CO-OP-AN-NO | H86: ALR_CO_OP_DIR_NORD_CASO_C | I86: Allarme CO-OP caso C dir. nord | J86: Impianto Ventilazione | K86: CO-OP | L86: SI | M86: Sala operativa e Impiantisti | N86: 2 | O86: Altissima | P86: Viola | Q86: SI
A87: =CONCATENATE(J87,"_",K87,"_",B87) -> Impianto Ventilazione_CO-OP_ALR_CO_OP_DIR_SUD_CASO_A-Allarme CO-OP caso A dir. sud | B87: =CONCATENATE(H87,"-",I87) -> ALR_CO_OP_DIR_SUD_CASO_A-Allarme CO-OP caso A dir. sud | C87: =VLOOKUP(B87,'[2]Classi allarmi RMT-STIG_rev4'!$C:$C,1,0) -> ALR_CO_OP_DIR_SUD_CASO_A-Allarme CO-OP caso A dir. sud | D87: =VLOOKUP(B87,'EXPORT IRIS PROD 13-11-2024'!A:A,1,0) -> ALR_CO_OP_DIR_SUD_CASO_A-Allarme CO-OP caso A dir. sud | E87: =VLOOKUP(H87,'EXPORT IRIS PROD 13-11-2024'!F:F,1,0) -> ALR_CO_OP_DIR_SUD_CASO_A | F87: =VLOOKUP(I87,'EXPORT IRIS PROD 13-11-2024'!D:D,1,0) -> Allarme CO-OP caso A dir. sud | G87: Inquinamento da Sensori CO-OP-AN-NO | H87: ALR_CO_OP_DIR_SUD_CASO_A | I87: Allarme CO-OP caso A dir. sud | J87: Impianto Ventilazione | K87: CO-OP | L87: SI | M87: Sala operativa e Impiantisti | N87: 3 | O87: Bassa | P87: Blu | Q87: NO
A88: =CONCATENATE(J88,"_",K88,"_",B88) -> Impianto Ventilazione_CO-OP_ALR_CO_OP_DIR_SUD_CASO_B-Allarme CO-OP caso B dir. sud | B88: =CONCATENATE(H88,"-",I88) -> ALR_CO_OP_DIR_SUD_CASO_B-Allarme CO-OP caso B dir. sud | C88: =VLOOKUP(B88,'[2]Classi allarmi RMT-STIG_rev4'!$C:$C,1,0) -> ALR_CO_OP_DIR_SUD_CASO_B-Allarme CO-OP caso B dir. sud | D88: =VLOOKUP(B88,'EXPORT IRIS PROD 13-11-2024'!A:A,1,0) -> ALR_CO_OP_DIR_SUD_CASO_B-Allarme CO-OP caso B dir. sud | E88: =VLOOKUP(H88,'EXPORT IRIS PROD 13-11-2024'!F:F,1,0) -> ALR_CO_OP_DIR_SUD_CASO_B | F88: =VLOOKUP(I88,'EXPORT IRIS PROD 13-11-2024'!D:D,1,0) -> Allarme CO-OP caso B dir. sud | G88: Inquinamento da Sensori CO-OP-AN-NO | H88: ALR_CO_OP_DIR_SUD_CASO_B | I88: Allarme CO-OP caso B dir. sud | J88: Impianto Ventilazione | K88: CO-OP | L88: SI | M88: Sala operativa e Impiantisti | N88: 3 | O88: Media | P88: Arancione | Q88: NO
A89: =CONCATENATE(J89,"_",K89,"_",B89) -> Impianto Ventilazione_CO-OP_ALR_CO_OP_DIR_SUD_CASO_C-Allarme CO-OP caso C dir. sud | B89: =CONCATENATE(H89,"-",I89) -> ALR_CO_OP_DIR_SUD_CASO_C-Allarme CO-OP caso C dir. sud | C89: =VLOOKUP(B89,'[2]Classi allarmi RMT-STIG_rev4'!$C:$C,1,0) -> ALR_CO_OP_DIR_SUD_CASO_C-Allarme CO-OP caso C dir. sud | D89: =VLOOKUP(B89,'EXPORT IRIS PROD 13-11-2024'!A:A,1,0) -> ALR_CO_OP_DIR_SUD_CASO_C-Allarme CO-OP caso C dir. sud | E89: =VLOOKUP(H89,'EXPORT IRIS PROD 13-11-2024'!F:F,1,0) -> ALR_CO_OP_DIR_SUD_CASO_C | F89: =VLOOKUP(I89,'EXPORT IRIS PROD 13-11-2024'!D:D,1,0) -> Allarme CO-OP caso C dir. sud | G89: Inquinamento da Sensori CO-OP-AN-NO | H89: ALR_CO_OP_DIR_SUD_CASO_C | I89: Allarme CO-OP caso C dir. sud | J89: Impianto Ventilazione | K89: CO-OP | L89: SI | M89: Sala operativa e Impiantisti | N89: 2 | O89: Altissima | P89: Viola | Q89: SI
A90: =CONCATENATE(J90,"_",K90,"_",B90) -> Impianto Elettrico_Quadro elettrico_ALR_COMMUTAZIONE_400V-Allarme commutazione 400V | B90: =CONCATENATE(H90,"-",I90) -> ALR_COMMUTAZIONE_400V-Allarme commutazione 400V | C90: =VLOOKUP(B90,'[2]Classi allarmi RMT-STIG_rev4'!$C:$C,1,0) -> ALR_COMMUTAZIONE_400V-Allarme commutazione 400V | D90: =VLOOKUP(B90,'EXPORT IRIS PROD 13-11-2024'!A:A,1,0) -> ALR_COMMUTAZIONE_400V-Allarme commutazione 400V | E90: =VLOOKUP(H90,'EXPORT IRIS PROD 13-11-2024'!F:F,1,0) -> ALR_COMMUTAZIONE_400V | F90: =VLOOKUP(I90,'EXPORT IRIS PROD 13-11-2024'!D:D,1,0) -> Allarme commutazione 400V | G90: Impianto Elettrico-ANOMALIA | H90: ALR_COMMUTAZIONE_400V | I90: Allarme commutazione 400V | J90: Impianto Elettrico | K90: Quadro elettrico | L90: NO | M90: Impiantisti | N90: NA | O90: Bassa | P90: Blu | Q90: NO
A91: =CONCATENATE(J91,"_",K91,"_",B91) -> Impianto Elettrico_Quadro elettrico_ALR_COMMUTAZIONE_690V-Allarme commutazione 690V | B91: =CONCATENATE(H91,"-",I91) -> ALR_COMMUTAZIONE_690V-Allarme commutazione 690V | C91: =VLOOKUP(B91,'[2]Classi allarmi RMT-STIG_rev4'!$C:$C,1,0) -> ALR_COMMUTAZIONE_690V-Allarme commutazione 690V | D91: =VLOOKUP(B91,'EXPORT IRIS PROD 13-11-2024'!A:A,1,0) -> ALR_COMMUTAZIONE_690V-Allarme commutazione 690V | E91: =VLOOKUP(H91,'EXPORT IRIS PROD 13-11-2024'!F:F,1,0) -> ALR_COMMUTAZIONE_690V | F91: =VLOOKUP(I91,'EXPORT IRIS PROD 13-11-2024'!D:D,1,0) -> Allarme commutazione 690V | G91: Impianto Elettrico-ANOMALIA | H91: ALR_COMMUTAZIONE_690V | I91: Allarme commutazione 690V | J91: Impianto Elettrico | K91: Quadro elettrico | L91: NO | M91: Impiantisti | N91: NA | O91: Bassa | P91: Blu | Q91: NO
A92: =CONCATENATE(J92,"_",K92,"_",B92) -> Impianto Elettrico_Quadro elettrico_ALR_COMMUTAZIONE_ILL-Allarme commutazione illuminazione | B92: =CONCATENATE(H92,"-",I92) -> ALR_COMMUTAZIONE_ILL-Allarme commutazione illuminazione | C92: =VLOOKUP(B92,'[2]Classi allarmi RMT-STIG_rev4'!$C:$C,1,0) -> ALR_COMMUTAZIONE_ILL-Allarme commutazione illuminazione | D92: =VLOOKUP(B92,'EXPORT IRIS PROD 13-11-2024'!A:A,1,0) -> ALR_COMMUTAZIONE_ILL-Allarme commutazione illuminazione | E92: =VLOOKUP(H92,'EXPORT IRIS PROD 13-11-2024'!F:F,1,0) -> ALR_COMMUTAZIONE_ILL | F92: =VLOOKUP(I92,'EXPORT IRIS PROD 13-11-2024'!D:D,1,0) -> Allarme commutazione illuminazione | G92: Impianto Elettrico-ANOMALIA | H92: ALR_COMMUTAZIONE_ILL | I92: Allarme commutazione illuminazione | J92: Impianto Elettrico | K92: Quadro elettrico | L92: NO | M92: Impiantisti | N92: NA | O92: Bassa | P92: Blu | Q92: NO
A93: =CONCATENATE(J93,"_",K93,"_",B93) -> Impianto Elettrico_Quadro elettrico_ALR_COMMUTAZIONE_RETE-Allarme commutazione rete | B93: =CONCATENATE(H93,"-",I93) -> ALR_COMMUTAZIONE_RETE-Allarme commutazione rete | C93: =VLOOKUP(B93,'[2]Classi allarmi RMT-STIG_rev4'!$C:$C,1,0) -> ALR_COMMUTAZIONE_RETE-Allarme commutazione rete | D93: =VLOOKUP(B93,'EXPORT IRIS PROD 13-11-2024'!A:A,1,0) -> ALR_COMMUTAZIONE_RETE-Allarme commutazione rete | E93: =VLOOKUP(H93,'EXPORT IRIS PROD 13-11-2024'!F:F,1,0) -> ALR_COMMUTAZIONE_RETE | F93: =VLOOKUP(I93,'EXPORT IRIS PROD 13-11-2024'!D:D,1,0) -> Allarme commutazione rete | G93: Impianto Elettrico-ANOMALIA | H93: ALR_COMMUTAZIONE_RETE | I93: Allarme commutazione rete | J93: Impianto Elettrico | K93: Quadro elettrico | L93: NO | M93: Impiantisti | N93: NA | O93: Bassa | P93: Blu | Q93: NO
A94: =CONCATENATE(J94,"_",K94,"_",B94) -> Impianto Elettrico_Quadro elettrico_ALR_COMMUTAZIONE_VENT-Allarme commutazione ventilazione | B94: =CONCATENATE(H94,"-",I94) -> ALR_COMMUTAZIONE_VENT-Allarme commutazione ventilazione | C94: =VLOOKUP(B94,'[2]Classi allarmi RMT-STIG_rev4'!$C:$C,1,0) -> ALR_COMMUTAZIONE_VENT-Allarme commutazione ventilazione | D94: =VLOOKUP(B94,'EXPORT IRIS PROD 13-11-2024'!A:A,1,0) -> ALR_COMMUTAZIONE_VENT-Allarme commutazione ventilazione | E94: =VLOOKUP(H94,'EXPORT IRIS PROD 13-11-2024'!F:F,1,0) -> ALR_COMMUTAZIONE_VENT | F94: =VLOOKUP(I94,'EXPORT IRIS PROD 13-11-2024'!D:D,1,0) -> Allarme commutazione ventilazione | G94: Impianto Elettrico-ANOMALIA | H94: ALR_COMMUTAZIONE_VENT | I94: Allarme commutazione ventilazione | J94: Impianto Elettrico | K94: Quadro elettrico | L94: NO | M94: Impiantisti | N94: NA | O94: Bassa | P94: Blu | Q94: NO
A95: =CONCATENATE(J95,"_",K95,"_",B95) -> Impianto Rete dati_PLC_ALR_COMUNICAZIONE-Allarme comunicazione dispositivo | B95: =CONCATENATE(H95,"-",I95) -> ALR_COMUNICAZIONE-Allarme comunicazione dispositivo | C95: =VLOOKUP(B95,'[2]Classi allarmi RMT-STIG_rev4'!$C:$C,1,0) -> ALR_COMUNICAZIONE-Allarme comunicazione dispositivo | D95: =VLOOKUP(B95,'EXPORT IRIS PROD 13-11-2024'!A:A,1,0) -> ALR_COMUNICAZIONE-Allarme comunicazione dispositivo | E95: =VLOOKUP(H95,'EXPORT IRIS PROD 13-11-2024'!F:F,1,0) -> ALR_COMUNICAZIONE | F95: =VLOOKUP(I95,'EXPORT IRIS PROD 13-11-2024'!D:D,1,0) -> Allarme comunicazione dispositivo | G95: Errore PLC | H95: ALR_COMUNICAZIONE | I95: Allarme comunicazione dispositivo | J95: Impianto Rete dati | K95: PLC | L95: SI | M95: Sala operativa e Impiantisti | N95: 3 | O95: Alta | P95: Rosso | Q95: SI
A96: =CONCATENATE(J96,"_",K96,"_",B96) -> Impianto Canalizzazione_PMV/Frecciacroce_ALR_COMUNICAZIONE_1_IMP-Allarme comunicazione dispositivo | B96: =CONCATENATE(H96,"-",I96) -> ALR_COMUNICAZIONE_1_IMP-Allarme comunicazione dispositivo | C96: =VLOOKUP(B96,'[2]Classi allarmi RMT-STIG_rev4'!$C:$C,1,0) -> ALR_COMUNICAZIONE_1_IMP-Allarme comunicazione dispositivo | D96: =VLOOKUP(B96,'EXPORT IRIS PROD 13-11-2024'!A:A,1,0) -> ALR_COMUNICAZIONE_1_IMP-Allarme comunicazione dispositivo | E96: =VLOOKUP(H96,'EXPORT IRIS PROD 13-11-2024'!F:F,1,0) -> ALR_COMUNICAZIONE_1_IMP | F96: =VLOOKUP(I96,'EXPORT IRIS PROD 13-11-2024'!D:D,1,0) -> Allarme comunicazione dispositivo | G96: Canalizzazione-ANOMALIA | H96: ALR_COMUNICAZIONE_1_IMP | I96: Allarme comunicazione dispositivo | J96: Impianto Canalizzazione | K96: PMV/Frecciacroce | L96: NO | M96: Impiantisti | N96: NA | O96: Media | P96: Arancione | Q96: NO
A97: =CONCATENATE(J97,"_",K97,"_",B97) -> Impianto Rilevazione Incendio_Centralina rilevazione incendio_ALR_COMUNICAZIONE_2_IMP-Allarme comunicazione dispositivo | B97: =CONCATENATE(H97,"-",I97) -> ALR_COMUNICAZIONE_2_IMP-Allarme comunicazione dispositivo | C97: =VLOOKUP(B97,'[2]Classi allarmi RMT-STIG_rev4'!$C:$C,1,0) -> ALR_COMUNICAZIONE_2_IMP-Allarme comunicazione dispositivo | D97: =VLOOKUP(B97,'EXPORT IRIS PROD 13-11-2024'!A:A,1,0) -> ALR_COMUNICAZIONE_2_IMP-Allarme comunicazione dispositivo | E97: =VLOOKUP(H97,'EXPORT IRIS PROD 13-11-2024'!F:F,1,0) -> ALR_COMUNICAZIONE_2_IMP | F97: =VLOOKUP(I97,'EXPORT IRIS PROD 13-11-2024'!D:D,1,0) -> Allarme comunicazione dispositivo | G97: Impianto Rilevazione Incendio-ANOMALIA | H97: ALR_COMUNICAZIONE_2_IMP | I97: Allarme comunicazione dispositivo | J97: Impianto Rilevazione Incendio | K97: Centralina rilevazione incendio | L97: NO | M97: Impiantisti | N97: NA | O97: Bassa | P97: Blu | Q97: NO
A98: =CONCATENATE(J98,"_",K98,"_",B98) -> Impianto Elettrico_Gruppo elettrogeno_ALR_COMUNICAZIONE_2_IMP-Allarme comunicazione dispositivo | B98: =CONCATENATE(H98,"-",I98) -> ALR_COMUNICAZIONE_2_IMP-Allarme comunicazione dispositivo | C98: =VLOOKUP(B98,'[2]Classi allarmi RMT-STIG_rev4'!$C:$C,1,0) -> ALR_COMUNICAZIONE_2_IMP-Allarme comunicazione dispositivo | D98: =VLOOKUP(B98,'EXPORT IRIS PROD 13-11-2024'!A:A,1,0) -> ALR_COMUNICAZIONE_2_IMP-Allarme comunicazione dispositivo | E98: =VLOOKUP(H98,'EXPORT IRIS PROD 13-11-2024'!F:F,1,0) -> ALR_COMUNICAZIONE_2_IMP | F98: =VLOOKUP(I98,'EXPORT IRIS PROD 13-11-2024'!D:D,1,0) -> Allarme comunicazione dispositivo | G98: Impianto Elettrico-ANOMALIA | H98: ALR_COMUNICAZIONE_2_IMP | I98: Allarme comunicazione dispositivo | J98: Impianto Elettrico | K98: Gruppo elettrogeno | L98: NO | M98: Impiantisti | N98: NA | O98: Bassa | P98: Blu | Q98: NO
A99: =CONCATENATE(J99,"_",K99,"_",B99) -> Impianto Elettrico_Multimetro_ALR_COMUNICAZIONE_2_IMP-Allarme comunicazione dispositivo | B99: =CONCATENATE(H99,"-",I99) -> ALR_COMUNICAZIONE_2_IMP-Allarme comunicazione dispositivo | C99: =VLOOKUP(B99,'[2]Classi allarmi RMT-STIG_rev4'!$C:$C,1,0) -> ALR_COMUNICAZIONE_2_IMP-Allarme comunicazione dispositivo | D99: =VLOOKUP(B99,'EXPORT IRIS PROD 13-11-2024'!A:A,1,0) -> ALR_COMUNICAZIONE_2_IMP-Allarme comunicazione dispositivo | E99: =VLOOKUP(H99,'EXPORT IRIS PROD 13-11-2024'!F:F,1,0) -> ALR_COMUNICAZIONE_2_IMP | F99: =VLOOKUP(I99,'EXPORT IRIS PROD 13-11-2024'!D:D,1,0) -> Allarme comunicazione dispositivo | G99: Impianto Elettrico-ANOMALIA | H99: ALR_COMUNICAZIONE_2_IMP | I99: Allarme comunicazione dispositivo | J99: Impianto Elettrico | K99: Multimetro | L99: NO | M99: Impiantisti | N99: NA | O99: Bassa | P99: Blu | Q99: NO
A100: =CONCATENATE(J100,"_",K100,"_",B100) -> Impianto Elettrico_Quadro elettrico_ALR_COMUNICAZIONE_2_IMP-Allarme comunicazione dispositivo | B100: =CONCATENATE(H100,"-",I100) -> ALR_COMUNICAZIONE_2_IMP-Allarme comunicazione dispositivo | C100: =VLOOKUP(B100,'[2]Classi allarmi RMT-STIG_rev4'!$C:$C,1,0) -> ALR_COMUNICAZIONE_2_IMP-Allarme comunicazione dispositivo | D100: =VLOOKUP(B100,'EXPORT IRIS PROD 13-11-2024'!A:A,1,0) -> ALR_COMUNICAZIONE_2_IMP-Allarme comunicazione dispositivo | E100: =VLOOKUP(H100,'EXPORT IRIS PROD 13-11-2024'!F:F,1,0) -> ALR_COMUNICAZIONE_2_IMP | F100: =VLOOKUP(I100,'EXPORT IRIS PROD 13-11-2024'!D:D,1,0) -> Allarme comunicazione dispositivo | G100: Impianto Elettrico-ANOMALIA | H100: ALR_COMUNICAZIONE_2_IMP | I100: Allarme comunicazione dispositivo | J100: Impianto Elettrico | K100: Quadro elettrico | L100: NO | M100: Impiantisti | N100: NA | O100: Bassa | P100: Blu | Q100: NO
A101: =CONCATENATE(J101,"_",K101,"_",B101) -> Impianto Elettrico_Sepam_ALR_COMUNICAZIONE_2_IMP-Allarme comunicazione dispositivo | B101: =CONCATENATE(H101,"-",I101) -> ALR_COMUNICAZIONE_2_IMP-Allarme comunicazione dispositivo | C101: =VLOOKUP(B101,'[2]Classi allarmi RMT-STIG_rev4'!$C:$C,1,0) -> ALR_COMUNICAZIONE_2_IMP-Allarme comunicazione dispositivo | D101: =VLOOKUP(B101,'EXPORT IRIS PROD 13-11-2024'!A:A,1,0) -> ALR_COMUNICAZIONE_2_IMP-Allarme comunicazione dispositivo | E101: =VLOOKUP(H101,'EXPORT IRIS PROD 13-11-2024'!F:F,1,0) -> ALR_COMUNICAZIONE_2_IMP | F101: =VLOOKUP(I101,'EXPORT IRIS PROD 13-11-2024'!D:D,1,0) -> Allarme comunicazione dispositivo | G101: Impianto Elettrico-ANOMALIA | H101: ALR_COMUNICAZIONE_2_IMP | I101: Allarme comunicazione dispositivo | J101: Impianto Elettrico | K101: Sepam | L101: NO | M101: Impiantisti | N101: NA | O101: Bassa | P101: Blu | Q101: NO
A102: =CONCATENATE(J102,"_",K102,"_",B102) -> Impianto Illuminazione_Regolatore di flusso_ALR_COMUNICAZIONE_2_IMP-Allarme comunicazione dispositivo | B102: =CONCATENATE(H102,"-",I102) -> ALR_COMUNICAZIONE_2_IMP-Allarme comunicazione dispositivo | C102: =VLOOKUP(B102,'[2]Classi allarmi RMT-STIG_rev4'!$C:$C,1,0) -> ALR_COMUNICAZIONE_2_IMP-Allarme comunicazione dispositivo | D102: =VLOOKUP(B102,'EXPORT IRIS PROD 13-11-2024'!A:A,1,0) -> ALR_COMUNICAZIONE_2_IMP-Allarme comunicazione dispositivo | E102: =VLOOKUP(H102,'EXPORT IRIS PROD 13-11-2024'!F:F,1,0) -> ALR_COMUNICAZIONE_2_IMP | F102: =VLOOKUP(I102,'EXPORT IRIS PROD 13-11-2024'!D:D,1,0) -> Allarme comunicazione dispositivo | G102: Illuminazione-ANOMALIA | H102: ALR_COMUNICAZIONE_2_IMP | I102: Allarme comunicazione dispositivo | J102: Impianto Illuminazione | K102: Regolatore di flusso | L102: NO | M102: Impiantisti | N102: NA | O102: Bassa | P102: Blu | Q102: NO
A103: =CONCATENATE(J103,"_",K103,"_",B103) -> Impianto Illuminazione_Sonda di luminanza_ALR_COMUNICAZIONE_2_IMP-Allarme comunicazione dispositivo | B103: =CONCATENATE(H103,"-",I103) -> ALR_COMUNICAZIONE_2_IMP-Allarme comunicazione dispositivo | C103: =VLOOKUP(B103,'[2]Classi allarmi RMT-STIG_rev4'!$C:$C,1,0) -> ALR_COMUNICAZIONE_2_IMP-Allarme comunicazione dispositivo | D103: =VLOOKUP(B103,'EXPORT IRIS PROD 13-11-2024'!A:A,1,0) -> ALR_COMUNICAZIONE_2_IMP-Allarme comunicazione dispositivo | E103: =VLOOKUP(H103,'EXPORT IRIS PROD 13-11-2024'!F:F,1,0) -> ALR_COMUNICAZIONE_2_IMP | F103: =VLOOKUP(I103,'EXPORT IRIS PROD 13-11-2024'!D:D,1,0) -> Allarme comunicazione dispositivo | G103: Illuminazione-ANOMALIA | H103: ALR_COMUNICAZIONE_2_IMP | I103: Allarme comunicazione dispositivo | J103: Impianto Illuminazione | K103: Sonda di luminanza | L103: NO | M103: Impiantisti | N103: NA | O103: Bassa | P103: Blu | Q103: NO
A104: =CONCATENATE(J104,"_",K104,"_",B104) -> Impianto Rete dati_PLC Rio_ALR_COMUNICAZIONE_2_IMP-Allarme comunicazione dispositivo | B104: =CONCATENATE(H104,"-",I104) -> ALR_COMUNICAZIONE_2_IMP-Allarme comunicazione dispositivo | C104: =VLOOKUP(B104,'[2]Classi allarmi RMT-STIG_rev4'!$C:$C,1,0) -> ALR_COMUNICAZIONE_2_IMP-Allarme comunicazione dispositivo | D104: =VLOOKUP(B104,'EXPORT IRIS PROD 13-11-2024'!A:A,1,0) -> ALR_COMUNICAZIONE_2_IMP-Allarme comunicazione dispositivo | E104: =VLOOKUP(H104,'EXPORT IRIS PROD 13-11-2024'!F:F,1,0) -> ALR_COMUNICAZIONE_2_IMP | F104: =VLOOKUP(I104,'EXPORT IRIS PROD 13-11-2024'!D:D,1,0) -> Allarme comunicazione dispositivo | G104: Impianto Rete dati-ANOMALIA | H104: ALR_COMUNICAZIONE_2_IMP | I104: Allarme comunicazione dispositivo | J104: Impianto Rete dati | K104: PLC Rio | L104: NO | M104: Impiantisti | N104: NA | O104: Bassa | P104: Blu | Q104: NO
A105: =CONCATENATE(J105,"_",K105,"_",B105) -> Impianto Rete dati_Switch SNMP_ALR_COMUNICAZIONE_2_IMP-Allarme comunicazione dispositivo | B105: =CONCATENATE(H105,"-",I105) -> ALR_COMUNICAZIONE_2_IMP-Allarme comunicazione dispositivo | C105: =VLOOKUP(B105,'[2]Classi allarmi RMT-STIG_rev4'!$C:$C,1,0) -> ALR_COMUNICAZIONE_2_IMP-Allarme comunicazione dispositivo | D105: =VLOOKUP(B105,'EXPORT IRIS PROD 13-11-2024'!A:A,1,0) -> ALR_COMUNICAZIONE_2_IMP-Allarme comunicazione dispositivo | E105: =VLOOKUP(H105,'EXPORT IRIS PROD 13-11-2024'!F:F,1,0) -> ALR_COMUNICAZIONE_2_IMP | F105: =VLOOKUP(I105,'EXPORT IRIS PROD 13-11-2024'!D:D,1,0) -> Allarme comunicazione dispositivo | G105: Impianto Rete dati-ANOMALIA | H105: ALR_COMUNICAZIONE_2_IMP | I105: Allarme comunicazione dispositivo | J105: Impianto Rete dati | K105: Switch SNMP | L105: NO | M105: Impiantisti | N105: NA | O105: Bassa | P105: Blu | Q105: NO
A106: =CONCATENATE(J106,"_",K106,"_",B106) -> Impianto SOS_Colonnina Sos_ALR_COMUNICAZIONE_2_IMP-Allarme comunicazione dispositivo | B106: =CONCATENATE(H106,"-",I106) -> ALR_COMUNICAZIONE_2_IMP-Allarme comunicazione dispositivo | C106: =VLOOKUP(B106,'[2]Classi allarmi RMT-STIG_rev4'!$C:$C,1,0) -> ALR_COMUNICAZIONE_2_IMP-Allarme comunicazione dispositivo | D106: =VLOOKUP(B106,'EXPORT IRIS PROD 13-11-2024'!A:A,1,0) -> ALR_COMUNICAZIONE_2_IMP-Allarme comunicazione dispositivo | E106: =VLOOKUP(H106,'EXPORT IRIS PROD 13-11-2024'!F:F,1,0) -> ALR_COMUNICAZIONE_2_IMP | F106: =VLOOKUP(I106,'EXPORT IRIS PROD 13-11-2024'!D:D,1,0) -> Allarme comunicazione dispositivo | G106: Impianto SOS-ANOMALIA | H106: ALR_COMUNICAZIONE_2_IMP | I106: Allarme comunicazione dispositivo | J106: Impianto SOS | K106: Colonnina Sos | L106: NO | M106: Impiantisti | N106: NA | O106: Bassa | P106: Blu | Q106: NO
A107: =CONCATENATE(J107,"_",K107,"_",B107) -> Impianto Videosorveglianza_Analizzatore video AID_ALR_COMUNICAZIONE_2_IMP-Allarme comunicazione dispositivo | B107: =CONCATENATE(H107,"-",I107) -> ALR_COMUNICAZIONE_2_IMP-Allarme comunicazione dispositivo | C107: =VLOOKUP(B107,'[2]Classi allarmi RMT-STIG_rev4'!$C:$C,1,0) -> ALR_COMUNICAZIONE_2_IMP-Allarme comunicazione dispositivo | D107: =VLOOKUP(B107,'EXPORT IRIS PROD 13-11-2024'!A:A,1,0) -> ALR_COMUNICAZIONE_2_IMP-Allarme comunicazione dispositivo | E107: =VLOOKUP(H107,'EXPORT IRIS PROD 13-11-2024'!F:F,1,0) -> ALR_COMUNICAZIONE_2_IMP | F107: =VLOOKUP(I107,'EXPORT IRIS PROD 13-11-2024'!D:D,1,0) -> Allarme comunicazione dispositivo | G107: Videosorveglianza-ANOMALIA | H107: ALR_COMUNICAZIONE_2_IMP | I107: Allarme comunicazione dispositivo | J107: Impianto Videosorveglianza | K107: Analizzatore video AID | L107: NO | M107: Impiantisti | N107: NA | O107: Bassa | P107: Blu | Q107: NO
... A127: =CONCATENATE(J127,"_",K127,"_",B127) -> Impianto Elettrico_Trasformatore_ALR_DISTACCO_TRAFO-Allarme distacco trafo | B127: =CONCATENATE(H127,"-",I127) -> ALR_DISTACCO_TRAFO-Allarme distacco trafo | C127: =VLOOKUP(B127,'[2]Classi allarmi RMT-STIG_rev4'!$C:$C,1,0) -> ALR_DISTACCO_TRAFO-Allarme distacco trafo | D127: =VLOOKUP(B127,'EXPORT IRIS PROD 13-11-2024'!A:A,1,0) -> ALR_DISTACCO_TRAFO-Allarme distacco trafo | E127: =VLOOKUP(H127,'EXPORT IRIS PROD 13-11-2024'!F:F,1,0) -> ALR_DISTACCO_TRAFO | F127: =VLOOKUP(I127,'EXPORT IRIS PROD 13-11-2024'!D:D,1,0) -> Allarme distacco trafo | G127: Impianto Elettrico-ANOMALIA | H127: ALR_DISTACCO_TRAFO | I127: Allarme distacco trafo | J127: Impianto Elettrico | K127: Trasformatore | L127: NO | M127: Impiantisti | N127: NA | O127: Bassa | P127: Blu | Q127: NO
A128: =CONCATENATE(J128,"_",K128,"_",B128) -> Impianto Antincendio_Elettropompa_ALR_ELETTROPOMPA_AVVIATA-Allarme elettropompa avviata | B128: =CONCATENATE(H128,"-",I128) -> ALR_ELETTROPOMPA_AVVIATA-Allarme elettropompa avviata | C128: =VLOOKUP(B128,'[2]Classi allarmi RMT-STIG_rev4'!$C:$C,1,0) -> ALR_ELETTROPOMPA_AVVIATA-Allarme elettropompa avviata | D128: =VLOOKUP(B128,'EXPORT IRIS PROD 13-11-2024'!A:A,1,0) -> ALR_ELETTROPOMPA_AVVIATA-Allarme elettropompa avviata | E128: =VLOOKUP(H128,'EXPORT IRIS PROD 13-11-2024'!F:F,1,0) -> ALR_ELETTROPOMPA_AVVIATA | F128: =VLOOKUP(I128,'EXPORT IRIS PROD 13-11-2024'!D:D,1,0) -> Allarme elettropompa avviata | G128: Antincendio | H128: ALR_ELETTROPOMPA_AVVIATA | I128: Allarme elettropompa avviata | J128: Impianto Antincendio | K128: Elettropompa | L128: SI | M128: Sala operativa e Impiantisti | N128: 2 | O128: Alta | P128: Rosso | Q128: SI
A129: =CONCATENATE(J129,"_",K129,"_",B129) -> Impianto Antincendio_Elettrovalvola_ALR_ELETTROVALVOLA_APERTA-Allarme elettrovalvola antincendio aperta | B129: =CONCATENATE(H129,"-",I129) -> ALR_ELETTROVALVOLA_APERTA-Allarme elettrovalvola antincendio aperta | C129: =VLOOKUP(B129,'[2]Classi allarmi RMT-STIG_rev4'!$C:$C,1,0) -> ALR_ELETTROVALVOLA_APERTA-Allarme elettrovalvola antincendio aperta | D129: =VLOOKUP(B129,'EXPORT IRIS PROD 13-11-2024'!A:A,1,0) -> ALR_ELETTROVALVOLA_APERTA-Allarme elettrovalvola antincendio aperta | E129: =VLOOKUP(H129,'EXPORT IRIS PROD 13-11-2024'!F:F,1,0) -> ALR_ELETTROVALVOLA_APERTA | F129: =VLOOKUP(I129,'EXPORT IRIS PROD 13-11-2024'!D:D,1,0) -> Allarme elettrovalvola antincendio aperta | G129: Antincendio | H129: ALR_ELETTROVALVOLA_APERTA | I129: Allarme elettrovalvola antincendio aperta | J129: Impianto Antincendio | K129: Elettrovalvola | L129: NO | M129: Impiantisti | N129: NA | O129: Bassa | P129: Blu | Q129: NO
A130: =CONCATENATE(J130,"_",K130,"_",B130) -> Impianto Elettrico_Gruppo elettrogeno_ALR_ERRORE_COMUNICAZIONE-Allarme errore comunicazione dispositivo | B130: =CONCATENATE(H130,"-",I130) -> ALR_ERRORE_COMUNICAZIONE-Allarme errore comunicazione dispositivo | C130: =VLOOKUP(B130,'[2]Classi allarmi RMT-STIG_rev4'!$C:$C,1,0) -> ALR_ERRORE_COMUNICAZIONE-Allarme errore comunicazione dispositivo | D130: =VLOOKUP(B130,'EXPORT IRIS PROD 13-11-2024'!A:A,1,0) -> ALR_ERRORE_COMUNICAZIONE-Allarme errore comunicazione dispositivo | E130: =VLOOKUP(H130,'EXPORT IRIS PROD 13-11-2024'!F:F,1,0) -> ALR_ERRORE_COMUNICAZIONE | F130: =VLOOKUP(I130,'EXPORT IRIS PROD 13-11-2024'!D:D,1,0) -> Allarme errore comunicazione dispositivo | G130: Impianto Elettrico-ANOMALIA | H130: ALR_ERRORE_COMUNICAZIONE | I130: Allarme errore comunicazione dispositivo | J130: Impianto Elettrico | K130: Gruppo elettrogeno | L130: NO | M130: Impiantisti | N130: NA | O130: Bassa | P130: Blu | Q130: NO
A131: =CONCATENATE(J131,"_",K131,"_",B131) -> Impianto Canalizzazione_PMV/Frecciacroce_ALR_ERRORE_ESECUZIONE_CMD-Allarme esecuzione comandi | B131: =CONCATENATE(H131,"-",I131) -> ALR_ERRORE_ESECUZIONE_CMD-Allarme esecuzione comandi | C131: =VLOOKUP(B131,'[2]Classi allarmi RMT-STIG_rev4'!$C:$C,1,0) -> ALR_ERRORE_ESECUZIONE_CMD-Allarme esecuzione comandi | D131: =VLOOKUP(B131,'EXPORT IRIS PROD 13-11-2024'!A:A,1,0) -> ALR_ERRORE_ESECUZIONE_CMD-Allarme esecuzione comandi | E131: =VLOOKUP(H131,'EXPORT IRIS PROD 13-11-2024'!F:F,1,0) -> ALR_ERRORE_ESECUZIONE_CMD | F131: =VLOOKUP(I131,'EXPORT IRIS PROD 13-11-2024'!D:D,1,0) -> Allarme esecuzione comandi | G131: Canalizzazione-ANOMALIA | H131: ALR_ERRORE_ESECUZIONE_CMD | I131: Allarme esecuzione comandi | J131: Impianto Canalizzazione | K131: PMV/Frecciacroce | L131: NO | M131: Impiantisti | N131: NA | O131: Bassa | P131: Blu | Q131: NO
A132: =CONCATENATE(J132,"_",K132,"_",B132) -> Impianto Ventilazione_OP_ALR_ESCLUSIONE-Allarme esclusione | B132: =CONCATENATE(H132,"-",I132) -> ALR_ESCLUSIONE-Allarme esclusione | C132: =VLOOKUP(B132,'[2]Classi allarmi RMT-STIG_rev4'!$C:$C,1,0) -> ALR_ESCLUSIONE-Allarme esclusione | D132: =VLOOKUP(B132,'EXPORT IRIS PROD 13-11-2024'!A:A,1,0) -> ALR_ESCLUSIONE-Allarme esclusione | E132: =VLOOKUP(H132,'EXPORT IRIS PROD 13-11-2024'!F:F,1,0) -> ALR_ESCLUSIONE | F132: =VLOOKUP(I132,'EXPORT IRIS PROD 13-11-2024'!D:D,1,0) -> Allarme esclusione | G132: Ventilazione-ANOMALIA | H132: ALR_ESCLUSIONE | I132: Allarme esclusione | J132: Impianto Ventilazione | K132: OP | L132: NO | M132: Impiantisti | N132: NA | O132: Bassa | P132: Blu | Q132: NO
A133: =CONCATENATE(J133,"_",K133,"_",B133) -> Impianto Antincendio_Motopompa_ALR_ESCLUSO_AUTO_MOTOPOMPA-Allarme esclusione Motopompa | B133: =CONCATENATE(H133,"-",I133) -> ALR_ESCLUSO_AUTO_MOTOPOMPA-Allarme esclusione Motopompa | C133: =VLOOKUP(B133,'[2]Classi allarmi RMT-STIG_rev4'!$C:$C,1,0) -> ALR_ESCLUSO_AUTO_MOTOPOMPA-Allarme esclusione Motopompa | D133: =VLOOKUP(B133,'EXPORT IRIS PROD 13-11-2024'!A:A,1,0) -> ALR_ESCLUSO_AUTO_MOTOPOMPA-Allarme esclusione Motopompa | E133: =VLOOKUP(H133,'EXPORT IRIS PROD 13-11-2024'!F:F,1,0) -> ALR_ESCLUSO_AUTO_MOTOPOMPA | F133: =VLOOKUP(I133,'EXPORT IRIS PROD 13-11-2024'!D:D,1,0) -> Allarme esclusione Motopompa | G133: Antincendio-ANOMALIA | H133: ALR_ESCLUSO_AUTO_MOTOPOMPA | I133: Allarme esclusione Motopompa | J133: Impianto Antincendio | K133: Motopompa | L133: NO | M133: Impiantisti | N133: NA | O133: Bassa | P133: Blu | Q133: NO
A134: =CONCATENATE(J134,"_",K134,"_",B134) -> Impianto SOS_Colonnina Sos_ALR_ESTRAZIONE_ESTINTORE-Allarme SOS estintore estratto | B134: =CONCATENATE(H134,"-",I134) -> ALR_ESTRAZIONE_ESTINTORE-Allarme SOS estintore estratto | C134: =VLOOKUP(B134,'[2]Classi allarmi RMT-STIG_rev4'!$C:$C,1,0) -> ALR_ESTRAZIONE_ESTINTORE-Allarme SOS estintore estratto | D134: =VLOOKUP(B134,'EXPORT IRIS PROD 13-11-2024'!A:A,1,0) -> ALR_ESTRAZIONE_ESTINTORE-Allarme SOS estintore estratto | E134: =VLOOKUP(H134,'EXPORT IRIS PROD 13-11-2024'!F:F,1,0) -> ALR_ESTRAZIONE_ESTINTORE | F134: =VLOOKUP(I134,'EXPORT IRIS PROD 13-11-2024'!D:D,1,0) -> Allarme SOS estintore estratto | G134: Soccorso SOS | H134: ALR_ESTRAZIONE_ESTINTORE | I134: Allarme SOS estintore estratto | J134: Impianto SOS | K134: Colonnina Sos | L134: SI | M134: Sala operativa e Impiantisti | N134: 1 | O134: Bassa | P134: Blu | Q134: NO
A135: =CONCATENATE(J135,"_",K135,"_",B135) -> Impianto SOS_Colonnina Sos_ALR_ESTRAZIONE_ESTINTORE_2-Allarme SOS estintore 2 estratto | B135: =CONCATENATE(H135,"-",I135) -> ALR_ESTRAZIONE_ESTINTORE_2-Allarme SOS estintore 2 estratto | C135: =VLOOKUP(B135,'[2]Classi allarmi RMT-STIG_rev4'!$C:$C,1,0) -> ALR_ESTRAZIONE_ESTINTORE_2-Allarme SOS estintore 2 estratto | D135: =VLOOKUP(B135,'EXPORT IRIS PROD 13-11-2024'!A:A,1,0) -> ALR_ESTRAZIONE_ESTINTORE_2-Allarme SOS estintore 2 estratto | E135: =VLOOKUP(H135,'EXPORT IRIS PROD 13-11-2024'!F:F,1,0) -> ALR_ESTRAZIONE_ESTINTORE_2 | F135: =VLOOKUP(I135,'EXPORT IRIS PROD 13-11-2024'!D:D,1,0) -> Allarme SOS estintore 2 estratto | G135: Soccorso SOS | H135: ALR_ESTRAZIONE_ESTINTORE_2 | I135: Allarme SOS estintore 2 estratto | J135: Impianto SOS | K135: Colonnina Sos | L135: SI | M135: Sala operativa e Impiantisti | N135: 1 | O135: Bassa | P135: Blu | Q135: NO
A136: =CONCATENATE(J136,"_",K136,"_",B136) -> Impianto Elettrico_Gruppo elettrogeno_ALR_FILO_ISOLATO-Allarme filo D+ isolato | B136: =CONCATENATE(H136,"-",I136) -> ALR_FILO_ISOLATO-Allarme filo D+ isolato | C136: =VLOOKUP(B136,'[2]Classi allarmi RMT-STIG_rev4'!$C:$C,1,0) -> ALR_FILO_ISOLATO-Allarme filo D+ isolato | D136: =VLOOKUP(B136,'EXPORT IRIS PROD 13-11-2024'!A:A,1,0) -> ALR_FILO_ISOLATO-Allarme filo D+ isolato | E136: =VLOOKUP(H136,'EXPORT IRIS PROD 13-11-2024'!F:F,1,0) -> ALR_FILO_ISOLATO | F136: =VLOOKUP(I136,'EXPORT IRIS PROD 13-11-2024'!D:D,1,0) -> Allarme filo D+ isolato | G136: Impianto Elettrico-ANOMALIA | H136: ALR_FILO_ISOLATO | I136: Allarme filo D+ isolato | J136: Impianto Elettrico | K136: Gruppo elettrogeno | L136: NO | M136: Impiantisti | N136: NA | O136: Bassa | P136: Blu | Q136: NO
...

Sheet Legenda colori
B1: Nuove classi/associazioni da condividerecon Anas
A2: Rosso | B2: Modifiche ortografiche
A3: N/D | B3: ok, correzioni fatte
B4: record aggiunti versioni precedentemente condivise

Sheet EXPORT IRIS PROD 13-11-2024
A1: nome+descr. | B1: A | C1: NOME | D1: DESCRIZIONE | E1: TIPOLOGIA | F1: CODICE CLASSE | G1: CATEGORIA | H1: CHIUSURA TEMPORALE | I1: PRIORITÀ | J1: COLORE | K1: ABILITAZIONE SUONO | L1: TAG | M1: RUOLI DISPONIBILI | N1: ID PROCEDURA | O1: ABILITATO
A2: =CONCATENATE(F2,"-",D2) -> /-Root | C2: =#REF! -> #REF! | D2: Root | E2: ALARM | F2: / | G2: - | H2: --:-- | I2: Bassa | J2: #FFFFFF | K2: No | L2: - | M2: Addetto sala,Amministratore,Controller impianti,Responsabile di sala,Responsabile impianti,Test,viewer,superadmin | N2: - | O2: No
A3: =CONCATENATE(F3,"-",D3) -> AERATORE-Allarme aeratore | C3: AERATORE | D3: Allarme aeratore | E3: ALARM | F3: AERATORE | G3: Allagamento | H3: --:-- | I3: Bassa | J3: #1e88dc | K3: No | L3: - | M3: Amministratore,superadmin,Responsabile impianti,Controller impianti,superadmin,superadmin,superadmin,superadmin,superadmin,superadmin,superadmin,superadmin,superadmin | N3: - | O3: Sì
A4: =CONCATENATE(F4,"-",D4) -> ALLARME_DA_SOS-Allarme SOS premuto | C4: ALLARME_DA_SOS | D4: Allarme SOS premuto | E4: ALARM | F4: ALLARME_DA_SOS | G4: Allagamento | H4: --:-- | I4: Alta | J4: #ef4444 | K4: Sì | L4: APP SmartRoad,Automatico | M4: superadmin,Amministratore,Controller impianti,Responsabile impianti,Responsabile di sala,Addetto sala,Addetto scada con comandi,superadmin | N4: 1 | O4: Sì
A5: =CONCATENATE(F5,"-",D5) -> ALLARME_DA_SOS_DIR_NORD-Allarme SOS premuto dir. nord | C5: ALLARME_DA_SOS_DIR_NORD | D5: Allarme SOS premuto dir. nord | E5: ALARM | F5: ALLARME_DA_SOS_DIR_NORD | G5: - | H5: --:-- | I5: Alta | J5: #ef4444 | K5: Sì | L5: APP SmartRoad,Automatico | M5: superadmin,Amministratore,Controller impianti,Responsabile impianti,Responsabile di sala,Addetto sala,Addetto scada con comandi,superadmin | N5: 1 | O5: Sì
A6: =CONCATENATE(F6,"-",D6) -> ALLARME_DA_SOS_DIR_SUD-Allarme SOS premuto dir. sud | C6: ALLARME_DA_SOS_DIR_SUD | D6: Allarme SOS premuto dir. sud | E6: ALARM | F6: ALLARME_DA_SOS_DIR_SUD | G6: - | H6: --:-- | I6: Alta | J6: #ef4444 | K6: Sì | L6: APP SmartRoad,Automatico | M6: superadmin,Amministratore,Controller impianti,Responsabile impianti,Responsabile di sala,Addetto sala,Addetto scada con comandi,superadmin | N6: 1 | O6: Sì
A7: =CONCATENATE(F7,"-",D7) -> ALLARME_GENERICO-allarme generico | C7: ALLARME_GENERICO | D7: allarme generico | E7: ALARM | F7: ALLARME_GENERICO | G7: - | H7: --:-- | I7: Bassa | J7: #1e88dc | K7: No | L7: - | M7: Amministratore,superadmin,Responsabile impianti,Controller impianti | N7: - | O7: Sì
A8: =CONCATENATE(F8,"-",D8) -> ALLARME_INCENDIO_CABINA-Allarme incendio in cabina | C8: ALLARME_INCENDIO_CABINA | D8: Allarme incendio in cabina | E8: ALARM | F8: ALLARME_INCENDIO_CABINA | G8: - | H8: --:-- | I8: Altissima | J8: #602785 | K8: Sì | L8: Manuale,APP SmartRoad | M8: superadmin,Amministratore,Controller impianti,Responsabile impianti,Responsabile di sala,Addetto sala,Addetto scada con comandi,superadmin | N8: 2 | O8: Sì
A9: =CONCATENATE(F9,"-",D9) -> ALLARME_INCENDIO_DA_SENSORE-Allarme incendio da sensori | C9: ALLARME_INCENDIO_DA_SENSORE | D9: Allarme incendio da sensori | E9: ALARM | F9: ALLARME_INCENDIO_DA_SENSORE | G9: - | H9: --:-- | I9: Altissima | J9: #602785 | K9: Sì | L9: APP SmartRoad,Automatico | M9: superadmin,Amministratore,Controller impianti,Responsabile impianti,Responsabile di sala,Addetto sala,Addetto scada con comandi,superadmin | N9: 2 | O9: Sì
A10: =CONCATENATE(F10,"-",D10) -> ALLARME_PRESSIONE-Allarme pressione | C10: ALLARME_PRESSIONE | D10: Allarme pressione | E10: ALARM | F10: ALLARME_PRESSIONE | G10: - | H10: --:-- | I10: Bassa | J10: #1e88dc | K10: No | L10: - | M10: Amministratore,superadmin,Responsabile impianti,Controller impianti | N10: - | O10: Sì
A11: =CONCATENATE(F11,"-",D11) -> ALLARME_PRESSIONE_POMPA-Allarme pressione pompa | C11: ALLARME_PRESSIONE_POMPA | D11: Allarme pressione pompa | E11: ALARM | F11: ALLARME_PRESSIONE_POMPA | G11: - | H11: --:-- | I11: Media | J11: #f59e0b | K11: No | L11: - | M11: Amministratore,superadmin,Responsabile impianti,Controller impianti | N11: - | O11: Sì
A12: =CONCATENATE(F12,"-",D12) -> ALL_PLC_RACK-Allarme plc rack | C12: ALL_PLC_RACK | D12: Allarme plc rack | E12: ALARM | F12: ALL_PLC_RACK | G12: - | H12: --:-- | I12: Bassa | J12: #1e88dc | K12: No | L12: - | M12: Amministratore,superadmin,Responsabile impianti,Controller impianti | N12: - | O12: Sì
A13: =CONCATENATE(F13,"-",D13) -> ALR-CUM-VENT-NORD-Allarme cumulativo ventilatore Nord | C13: ALR-CUM-VENT-NORD | D13: Allarme cumulativo ventilatore Nord | E13: ALARM | F13: ALR-CUM-VENT-NORD | G13: - | H13: --:-- | I13: Bassa | J13: #1e88dc | K13: No | L13: - | M13: Amministratore,superadmin,Responsabile impianti,Controller impianti | N13: - | O13: Sì
A14: =CONCATENATE(F14,"-",D14) -> ALR-CUM-VENT-SUD-Allarme cumulativo ventilatore Sud | C14: ALR-CUM-VENT-SUD | D14: Allarme cumulativo ventilatore Sud | E14: ALARM | F14: ALR-CUM-VENT-SUD | G14: - | H14: --:-- | I14: Bassa | J14: #1e88dc | K14: No | L14: - | M14: Amministratore,superadmin,Responsabile impianti,Controller impianti | N14: - | O14: Sì
A15: =CONCATENATE(F15,"-",D15) -> ALR-MULTI-FAULT-Allarme multimetro fault | C15: ALR-MULTI-FAULT | D15: Allarme multimetro fault | E15: ALARM | F15: ALR-MULTI-FAULT | H15: --:-- | I15: Bassa | J15: #1e88dc | K15: No | M15: Amministratore,Controller impianti,Responsabile impianti,superadmin | N15: - | O15: Sì
A16: =CONCATENATE(F16,"-",D16) -> ALR-SLOT-0-Allarme Slot 0 | C16: ALR-SLOT-0 | D16: Allarme Slot 0 | E16: ALARM | F16: ALR-SLOT-0 | H16: --:-- | I16: Bassa | J16: #1e88dc | K16: No | M16: Controller impianti,Responsabile impianti,superadmin | N16: - | O16: Sì
A17: =CONCATENATE(F17,"-",D17) -> ALR-SLOT-1-Allarme Slot 1 | C17: ALR-SLOT-1 | D17: Allarme Slot 1 | E17: ALARM | F17: ALR-SLOT-1 | H17: --:-- | I17: Bassa | J17: #1e88dc | K17: No | M17: Controller impianti,Responsabile impianti,superadmin | N17: - | O17: Sì
A18: =CONCATENATE(F18,"-",D18) -> ALR-SLOT-10-Allarme Slot 10 | C18: ALR-SLOT-10 | D18: Allarme Slot 10 | E18: ALARM | F18: ALR-SLOT-10 | H18: --:-- | I18: Bassa | J18: #1e88dc | K18: No | M18: Controller impianti,Responsabile impianti,superadmin | N18: - | O18: Sì
A19: =CONCATENATE(F19,"-",D19) -> ALR-SLOT-11-Allarme Slot 11 | C19: ALR-SLOT-11 | D19: Allarme Slot 11 | E19: ALARM | F19: ALR-SLOT-11 | H19: --:-- | I19: Bassa | J19: #1e88dc | K19: No | M19: Controller impianti,Responsabile impianti,superadmin | N19: - | O19: Sì
A20: =CONCATENATE(F20,"-",D20) -> ALR-SLOT-12-Allarme Slot 12 | C20: ALR-SLOT-12 | D20: Allarme Slot 12 | E20: ALARM | F20: ALR-SLOT-12 | H20: --:-- | I20: Bassa | J20: #1e88dc | K20: No | M20: Controller impianti,Responsabile impianti,superadmin | N20: - | O20: Sì
A21: =CONCATENATE(F21,"-",D21) -> ALR-SLOT-2-Allarme Slot 2 | C21: ALR-SLOT-2 | D21: Allarme Slot 2 | E21: ALARM | F21: ALR-SLOT-2 | H21: --:-- | I21: Bassa | J21: #1e88dc | K21: No | M21: Controller impianti,Responsabile impianti,superadmin | N21: - | O21: Sì
A22: =CONCATENATE(F22,"-",D22) -> ALR-SLOT-3-Allarme Slot 3 | C22: ALR-SLOT-3 | D22: Allarme Slot 3 | E22: ALARM | F22: ALR-SLOT-3 | H22: --:-- | I22: Bassa | J22: #1e88dc | K22: No | M22: Controller impianti,Responsabile impianti,superadmin | N22: - | O22: Sì
A23: =CONCATENATE(F23,"-",D23) -> ALR-SLOT-4-Allarme Slot 4 | C23: ALR-SLOT-4 | D23: Allarme Slot 4 | E23: ALARM | F23: ALR-SLOT-4 | H23: --:-- | I23: Bassa | J23: #1e88dc | K23: No | M23: Controller impianti,Responsabile impianti,superadmin | N23: - | O23: Sì
A24: =CONCATENATE(F24,"-",D24) -> ALR-SLOT-5-Allarme Slot 5 | C24: ALR-SLOT-5 | D24: Allarme Slot 5 | E24: ALARM | F24: ALR-SLOT-5 | H24: --:-- | I24: Bassa | J24: #1e88dc | K24: No | M24: Controller impianti,Responsabile impianti,superadmin | N24: - | O24: Sì
A25: =CONCATENATE(F25,"-",D25) -> ALR-SLOT-6-Allarme Slot 6 | C25: ALR-SLOT-6 | D25: Allarme Slot 6 | E25: ALARM | F25: ALR-SLOT-6 | H25: --:-- | I25: Bassa | J25: #1e88dc | K25: No | M25: Controller impianti,Responsabile impianti,superadmin | N25: - | O25: Sì
A26: =CONCATENATE(F26,"-",D26) -> ALR-SLOT-7-Allarme Slot 7 | C26: ALR-SLOT-7 | D26: Allarme Slot 7 | E26: ALARM | F26: ALR-SLOT-7 | H26: --:-- | I26: Bassa | J26: #1e88dc | K26: No | M26: Controller impianti,Responsabile impianti,superadmin | N26: - | O26: Sì
... A28: =CONCATENATE(F28,"-",D28) -> ALR-SLOT-9-Allarme Slot 9 | C28: ALR-SLOT-9 | D28: Allarme Slot 9 | E28: ALARM | F28: ALR-SLOT-9 | H28: --:-- | I28: Bassa | J28: #1e88dc | K28: No | M28: Controller impianti,Responsabile impianti,superadmin | N28: - | O28: Sì
A29: =CONCATENATE(F29,"-",D29) -> ALR_113-Allarme SOS pulsante 113 | C29: ALR_113 | D29: Allarme SOS pulsante 113 | E29: ALARM | F29: ALR_113 | G29: - | H29: --:-- | I29: Alta | J29: #ef4444 | K29: Sì | L29: APP SmartRoad,Automatico | M29: superadmin,Amministratore,Controller impianti,Responsabile impianti,Responsabile di sala,Addetto sala,Addetto scada con comandi,superadmin | N29: 1 | O29: Sì
A30: =CONCATENATE(F30,"-",D30) -> ALR_113_DIR_NORD-Allarme SOS pulsante 113 dir. nord | C30: ALR_113_DIR_NORD | D30: Allarme SOS pulsante 113 dir. nord | E30: ALARM | F30: ALR_113_DIR_NORD | G30: - | H30: --:-- | I30: Alta | J30: #ef4444 | K30: Sì | L30: APP SmartRoad,Automatico | M30: superadmin,Amministratore,Controller impianti,Responsabile impianti,Responsabile di sala,Addetto sala,Addetto scada con comandi,superadmin | N30: 1 | O30: Sì
A31: =CONCATENATE(F31,"-",D31) -> ALR_113_DIR_SUD-Allarme SOS pulsante 113 dir. sud | C31: ALR_113_DIR_SUD | D31: Allarme SOS pulsante 113 dir. sud | E31: ALARM | F31: ALR_113_DIR_SUD | G31: - | H31: --:-- | I31: Alta | J31: #ef4444 | K31: Sì | L31: APP SmartRoad,Automatico | M31: superadmin,Amministratore,Controller impianti,Responsabile impianti,Responsabile di sala,Addetto sala,Addetto scada con comandi,superadmin | N31: 1 | O31: Sì
A32: =CONCATENATE(F32,"-",D32) -> ALR_115-Allarme SOS pulsante 115 | C32: ALR_115 | D32: Allarme SOS pulsante 115 | E32: ALARM | F32: ALR_115 | G32: - | H32: --:-- | I32: Alta | J32: #ef4444 | K32: Sì | L32: APP SmartRoad,Automatico | M32: superadmin,Amministratore,Controller impianti,Responsabile impianti,Responsabile di sala,Addetto sala,Addetto scada con comandi,superadmin | N32: 1 | O32: Sì
A33: =CONCATENATE(F33,"-",D33) -> ALR_115_DIR_NORD-Allarme SOS pulsante 115 dir. nord | C33: ALR_115_DIR_NORD | D33: Allarme SOS pulsante 115 dir. nord | E33: ALARM | F33: ALR_115_DIR_NORD | G33: - | H33: --:-- | I33: Alta | J33: #ef4444 | K33: Sì | L33: APP SmartRoad,Automatico | M33: superadmin,Amministratore,Controller impianti,Responsabile impianti,Responsabile di sala,Addetto sala,Addetto scada con comandi,superadmin | N33: 1 | O33: Sì
A34: =CONCATENATE(F34,"-",D34) -> ALR_115_DIR_SUD-Allarme SOS pulsante 115 dir. sud | C34: ALR_115_DIR_SUD | D34: Allarme SOS pulsante 115 dir. sud | E34: ALARM | F34: ALR_115_DIR_SUD | G34: - | H34: --:-- | I34: Alta | J34: #ef4444 | K34: Sì | L34: APP SmartRoad,Automatico | M34: superadmin,Amministratore,Controller impianti,Responsabile impianti,Responsabile di sala,Addetto sala,Addetto scada con comandi,superadmin | N34: 1 | O34: Sì
A35: =CONCATENATE(F35,"-",D35) -> ALR_118-Allarme SOS pulsante 118 | C35: ALR_118 | D35: Allarme SOS pulsante 118 | E35: ALARM | F35: ALR_118 | G35: - | H35: --:-- | I35: Alta | J35: #ef4444 | K35: Sì | L35: APP SmartRoad,Automatico | M35: superadmin,Amministratore,Controller impianti,Responsabile impianti,Responsabile di sala,Addetto sala,Addetto scada con comandi,superadmin | N35: 1 | O35: Sì
A36: =CONCATENATE(F36,"-",D36) -> ALR_118_DIR_NORD-Allarme SOS pulsante 118 dir. nord | C36: ALR_118_DIR_NORD | D36: Allarme SOS pulsante 118 dir. nord | E36: ALARM | F36: ALR_118_DIR_NORD | G36: - | H36: --:-- | I36: Alta | J36: #ef4444 | K36: Sì | L36: APP SmartRoad,Automatico | M36: superadmin,Amministratore,Controller impianti,Responsabile impianti,Responsabile di sala,Addetto sala,Addetto scada con comandi,superadmin | N36: 1 | O36: Sì
A37: =CONCATENATE(F37,"-",D37) -> ALR_118_DIR_SUD-Allarme SOS pulsante 118 dir. sud | C37: ALR_118_DIR_SUD | D37: Allarme SOS pulsante 118 dir. sud | E37: ALARM | F37: ALR_118_DIR_SUD | G37: - | H37: --:-- | I37: Alta | J37: #ef4444 | K37: Sì | L37: APP SmartRoad,Automatico | M37: superadmin,Amministratore,Controller impianti,Responsabile impianti,Responsabile di sala,Addetto sala,Addetto scada con comandi,superadmin | N37: 1 | O37: Sì
