Workbook

Sheet WIP
A1: RIFERIMENTO PLC | B1: NOME CABINA | C1: QUADRO | D1: DISPOSITIVO | E1: NOME SPECIFICO /NUMERAZIONE | F1: TIPO REGISTRO | G1: TIPO TAG | H1: TIPO VALORE | I1: INDIRIZZO MODBUS | J1: DESCRIZIONE | K1: rawAddress | L1: rawBitIndex | M1: rawRegister | N1: rawRegisterType | O1: rawDataType | P1: rawDispositivo | Q1: rawSegnale | R1: rawDescrizione | S1: rawDescr&Signal | T1: rawLogica | U1: rawTags | V1: rawQuadro | W1: rawCabina | X1: rawDirezione | Y1: rawReference | Z1: rawIpPlc | AA1: NewRegisterType | AB1: NewDataValueType | AC1: NewTag | AD1: Escludi Profili | AE1: NewProfileName | AF1: NewDevice | AG1: NewSignalName | AH1: NewSignalDescription | AI1: NewAlarmClass | AJ1: NewAlarmDescription | AK1: NewLogica | AL1: NewAddress | AM1: newRegister | AN1: newBitIndex | AO1: NewUOM | AP1: newSubplant | AQ1: NewCabina | AR1: NewQuadro | AS1: NewDirezione | AT1: NormalizedData | AU1: LeftOvers | AV1: extractedIds | AW1: <Used Functions> | AX1: Notice
A2: 10.220.80.16 | B2: CABINA PRINCIPALE | D2: PLC | E2: WATCHDOG | F2: HOLDING REGISTER | G2: Misura | H2: INT | I2: 999 | J2: WATCHDOG PLC (1s MAX 10000) | K2: 999 | N2: HOLDING REGISTER | O2: INT | P2: PLC WATCHDOG | R2: WATCHDOG PLC (1s MAX 10000) | U2: Misura | W2: CABINA PRINCIPALE | Z2: 10.220.80.16 | AA2: HOLDING_REGISTER | AB2: TWO_BYTE_INT_SIGNED | AC2: MIS | AE2: PLC-CAB | AF2: PLC--PLC1-MAX10000-CAB | AG2: MIS-WATCHDOG | AH2: Misura watchdog | AK2: 1s MAX 10000 | AL2: 999.0 | AM2: 999 | AN2: 0 | AQ2: CAB | AT2: MIS PLC WATCHDOG S CAB MAIN | AU2: PLC1 MAX10000 | AW2: ['Test 2b']
A3: 10.220.80.16 | B3: CABINA PRINCIPALE | C3: QRIF | D3: RIFASAMENTO AUTOMATICO | E3: QUADRO RIFASAMENTO | F3: HOLDING REGISTER | G3: Stato | H3: BOOL | I3: 1000.0 | J3: Rifasamento AUTOMATICOmatico -Sezionatore Chiuso | K3: 1000.0 | N3: HOLDING REGISTER | O3: BOOL | P3: RIFASAMENTO AUTOMATICO QUADRO RIFASAMENTO | R3: Rifasamento AUTOMATICOmatico -Sezionatore Chiuso | U3: Stato | V3: QRIF | W3: CABINA PRINCIPALE | Z3: 10.220.80.16 | AA3: HOLDING_REGISTER | AB3: BINARY | AC3: ST | AE3: QRIF-SEZ-CAB | AF3: QRIF-SEZ--MATICO-CAB | AG3: ST-SEZ | AH3: Stato sezionatore | AL3: 1000.0 | AM3: 1000 | AN3: 0 | AQ3: CAB | AR3: QRIF | AT3: ST RIFAS AUTO QUADR SEZ CH QRIF CAB MAIN | AU3: MATICO | AW3: ['Test 2b']
A4: 10.220.80.16 | B4: CABINA PRINCIPALE | C4: CENTRALINA | D4: RILIEVO INCENDI CABINA | E4: CENTRALINA RILIEVO INCENDI CABINA | F4: HOLDING REGISTER | G4: Allarme | H4: BOOL | I4: 1000.1 | J4: Centralina Rilievo Incendi Cabina -In Guasto | K4: 1000.1 | N4: HOLDING REGISTER | O4: BOOL | P4: RILIEVO INCENDI CABINA CENTRALINA RILIEVO INCENDI CABINA | R4: Centralina Rilievo Incendi Cabina -In Guasto | U4: Allarme | V4: CENTRALINA | W4: CABINA PRINCIPALE | Z4: 10.220.80.16 | AA4: HOLDING_REGISTER | AB4: BINARY | AC4: ALR | AE4: CNTRL-CAB-INCEND-RIL-CAB | AF4: CNTRL-CAB-INCEND-RIL--CAB | AG4: ALR-FAULT-CNTRL-RIL | AH4: Allarme guasto centralina rilevamento incendio | AL4: 1000.1 | AM4: 1000 | AN4: 1 | AQ4: CAB | AT4: ALR RIL INCEND CAB CNTRL IN FAULT MAIN | AW4: ['Test 1a']
A5: 10.220.80.16 | B5: CABINA PRINCIPALE | C5: CENTRALINA | D5: RILIEVO INCENDI CABINA | E5: CENTRALINA RILIEVO INCENDI CABINA | F5: HOLDING REGISTER | G5: Allarme | H5: BOOL | I5: 1000.2 | J5: Centralina Rilievo Incendi Cabina -Allarme Incendio | K5: 1000.2 | N5: HOLDING REGISTER | O5: BOOL | P5: RILIEVO INCENDI CABINA CENTRALINA RILIEVO INCENDI CABINA | R5: Centralina Rilievo Incendi Cabina -Allarme Incendio | U5: Allarme | V5: CENTRALINA | W5: CABINA PRINCIPALE | Z5: 10.220.80.16 | AA5: HOLDING_REGISTER | AB5: BINARY | AC5: ALR | AE5: CNTRL-CAB-INCEND-RIL-CAB | AF5: CNTRL-CAB-INCEND-RIL--CAB | AG5: ALR-CNTRL | AH5: Allarme centralina | AL5: 1000.2 | AM5: 1000 | AN5: 2 | AQ5: CAB | AT5: ALR RIL-INCEND RIL INCEND CAB CNTRL MAIN | AW5: ['Test 2b']
A6: 10.220.80.16 | B6: CABINA PRINCIPALE | C6: GRUPPO ELETTROGENO | D6: GRUPPO ELETTROGENO | E6: VANO G.E. | F6: HOLDING REGISTER | G6: Allarme | H6: BOOL | I6: 1000.3 | J6: Gruppo Elettrogeno -Allarme Generale | K6: 1000.3 | N6: HOLDING REGISTER | O6: BOOL | P6: GRUPPO ELETTROGENO VANO G.E. | R6: Gruppo Elettrogeno -Allarme Generale | U6: Allarme | V6: GRUPPO ELETTROGENO | W6: CABINA PRINCIPALE | Z6: 10.220.80.16 | AA6: HOLDING_REGISTER | AB6: BINARY | AC6: ALR | AE6: GE-CAB | AF6: GE--CAB | AG6: ALR-GENERALE-GE | AH6: Allarme generale G.E. | AL6: 1000.3 | AM6: 1000 | AN6: 3 | AQ6: CAB | AT6: ALR GE GROUP VANO G E GENERAL CAB MAIN | AW6: ['Test 2b']
A7: 10.220.80.16 | B7: CABINA PRINCIPALE | C7: GRUPPO ELETTROGENO | D7: GRUPPO ELETTROGENO | E7: VANO G.E. | F7: HOLDING REGISTER | G7: Stato | H7: BOOL | I7: 1000.4 | J7: Gruppo Elettrogeno -In Moto | K7: 1000.4 | N7: HOLDING REGISTER | O7: BOOL | P7: GRUPPO ELETTROGENO VANO G.E. | R7: Gruppo Elettrogeno -In Moto | U7: Stato | V7: GRUPPO ELETTROGENO | W7: CABINA PRINCIPALE | Z7: 10.220.80.16 | AA7: HOLDING_REGISTER | AB7: BINARY | AC7: ST | AE7: GE-CAB | AF7: GE--CAB | AG7: ALR-GE-RUN | AH7: Allarme G.E. in funzione | AL7: 1000.4 | AM7: 1000 | AN7: 4 | AQ7: CAB | AT7: GE ST GROUP VANO G E IN START CAB MAIN | AW7: ['Test 2b']
A8: 10.220.80.16 | B8: CABINA PRINCIPALE | C8: GRUPPO ELETTROGENO | D8: SERBATOIO | E8: SERBATOIO GASOLIO INTERRATO | F8: HOLDING REGISTER | G8: Allarme | H8: BOOL | I8: 1000.5 | J8: Serbatoio Gasolio Interrato -Perdite Serbatoio | K8: 1000.5 | N8: HOLDING REGISTER | O8: BOOL | P8: SERBATOIO SERBATOIO GASOLIO INTERRATO | R8: Serbatoio Gasolio Interrato -Perdite Serbatoio | U8: Allarme | V8: GRUPPO ELETTROGENO | W8: CABINA PRINCIPALE | Z8: 10.220.80.16 | AA8: HOLDING_REGISTER | AB8: BINARY | AC8: ALR | AE8: GE-CAB | AF8: GE--INTERRATO-CAB | AG8: ALR-FUEL-LOSS | AH8: Allarme perdita combustibile | AL8: 1000.5 | AM8: 1000 | AN8: 5 | AQ8: CAB | AT8: ALR GE SERBAT FUEL LOSS GROUP CAB MAIN | AU8: INTERRATO | AW8: ['Test 2b']
A9: 10.220.80.16 | B9: CABINA PRINCIPALE | C9: GRUPPO PRESSURIZZAZIONE | D9: GRUPPO PRESSURIZZAZIONE | E9: GRUPPO PRESSURIZZAZIONE | F9: HOLDING REGISTER | G9: Allarme | H9: BOOL | I9: 1000.6 | J9: Gruppo Pressurizzazione -Allarme A | K9: 1000.6 | N9: HOLDING REGISTER | O9: BOOL | P9: GRUPPO PRESSURIZZAZIONE GRUPPO PRESSURIZZAZIONE | R9: Gruppo Pressurizzazione -Allarme A | U9: Allarme | V9: GRUPPO PRESSURIZZAZIONE | W9: CABINA PRINCIPALE | Z9: 10.220.80.16 | AA9: HOLDING_REGISTER | AB9: BINARY | AC9: ALR | AE9: CAB | AF9: -CAB | AL9: 1000.6 | AM9: 1000 | AN9: 6 | AQ9: CAB | AT9: ALR GROUP PRESS A CAB MAIN
A10: 10.220.80.16 | B10: CABINA PRINCIPALE | C10: GRUPPO PRESSURIZZAZIONE | D10: GRUPPO PRESSURIZZAZIONE | E10: GRUPPO PRESSURIZZAZIONE | F10: HOLDING REGISTER | G10: Allarme | H10: BOOL | I10: 1000.7 | J10: Gruppo Pressurizzazione -Allarme B | K10: 1000.7 | N10: HOLDING REGISTER | O10: BOOL | P10: GRUPPO PRESSURIZZAZIONE GRUPPO PRESSURIZZAZIONE | R10: Gruppo Pressurizzazione -Allarme B | U10: Allarme | V10: GRUPPO PRESSURIZZAZIONE | W10: CABINA PRINCIPALE | Z10: 10.220.80.16 | AA10: HOLDING_REGISTER | AB10: BINARY | AC10: ALR | AE10: CAB | AF10: -CAB | AL10: 1000.7 | AM10: 1000 | AN10: 7 | AQ10: CAB | AT10: ALR GROUP PRESS B CAB MAIN
A11: 10.220.80.16 | B11: CABINA PRINCIPALE | C11: QMT | D11: INTERRUTTORE | E11: INTERRUTTORE | F11: HOLDING REGISTER | G11: Stato | H11: BOOL | I11: 1000.8 | J11: QMT -Interruttore Generale Chiuso | K11: 1000.8 | N11: HOLDING REGISTER | O11: BOOL | P11: INTERRUTTORE INTERRUTTORE | R11: QMT -Interruttore Generale Chiuso | U11: Stato | V11: QMT | W11: CABINA PRINCIPALE | Z11: 10.220.80.16 | AA11: HOLDING_REGISTER | AB11: BINARY | AC11: ST | AE11: QMT-INT-CAB | AF11: QMT-INT--CAB | AG11: ST-INT-CH | AH11: Stato interruttore chiuso | AL11: 1000.8 | AM11: 1000 | AN11: 8 | AQ11: CAB | AR11: QMT | AT11: ST INT QMT GENERAL CH CAB MAIN | AW11: ['Test 2b']
A12: 10.220.80.16 | B12: CABINA PRINCIPALE | C12: QMT | D12: INTERRUTTORE | E12: INTERRUTTORE | F12: HOLDING REGISTER | G12: Stato | H12: BOOL | I12: 1000.9 | J12: QMT -Interruttore Generale Aperto | K12: 1000.9 | N12: HOLDING REGISTER | O12: BOOL | P12: INTERRUTTORE INTERRUTTORE | R12: QMT -Interruttore Generale Aperto | U12: Stato | V12: QMT | W12: CABINA PRINCIPALE | Z12: 10.220.80.16 | AA12: HOLDING_REGISTER | AB12: BINARY | AC12: ST | AE12: QMT-INT-CAB | AF12: QMT-INT--CAB | AG12: ST-INT-AP | AH12: Stato interruttore aperto | AL12: 1000.9 | AM12: 1000 | AN12: 9 | AQ12: CAB | AR12: QMT | AT12: ST INT QMT GENERAL AP CAB MAIN | AW12: ['Test 2b']
A13: 10.220.80.16 | B13: CABINA PRINCIPALE | C13: QMT | D13: SEZIONATORE LINEA | E13: SEZIONATORE LINEA | F13: HOLDING REGISTER | G13: Stato | H13: BOOL | I13: 1000.10 | J13: QMT -Sezionatore Generale Di Linea Chiuso | K13: 1000.10 | N13: HOLDING REGISTER | O13: BOOL | P13: SEZIONATORE LINEA SEZIONATORE LINEA | R13: QMT -Sezionatore Generale Di Linea Chiuso | U13: Stato | V13: QMT | W13: CABINA PRINCIPALE | Z13: 10.220.80.16 | AA13: HOLDING_REGISTER | AB13: BINARY | AC13: ST | AE13: QMT-SEZ-CAB | AF13: QMT-SEZ--CAB | AG13: ST-SEZ-LINE-CH | AH13: Stato sezionatore linea chiuso | AL13: 1000.10 | AM13: 1000 | AN13: 10 | AQ13: CAB | AR13: QMT | AT13: ST SEZ LINE QMT GENERAL OF CH CAB MAIN | AW13: ['Test 2b']
A14: 10.220.80.16 | B14: CABINA PRINCIPALE | C14: QMT | D14: SEZIONATORE TERRA | E14: SEZIONATORE TERRA | F14: HOLDING REGISTER | G14: Stato | H14: BOOL | I14: 1000.11 | J14: QMT -Sezionatore Generale Di Terra Aperto | K14: 1000.11 | N14: HOLDING REGISTER | O14: BOOL | P14: SEZIONATORE TERRA SEZIONATORE TERRA | R14: QMT -Sezionatore Generale Di Terra Aperto | U14: Stato | V14: QMT | W14: CABINA PRINCIPALE | Z14: 10.220.80.16 | AA14: HOLDING_REGISTER | AB14: BINARY | AC14: ST | AE14: QMT-SEZ-CAB | AF14: QMT-SEZ--CAB | AG14: ST-SEZ-TERRA-AP | AH14: Stato sezionatore terra aperto | AL14: 1000.11 | AM14: 1000 | AN14: 11 | AQ14: CAB | AR14: QMT | AT14: ST SEZ TERRA QMT GENERAL OF AP CAB MAIN | AW14: ['Test 2b']
A15: 10.220.80.16 | B15: CABINA PRINCIPALE | C15: QMT | D15: INTERRUTTORE | E15: INTERRUTTORE | F15: HOLDING REGISTER | G15: Stato | H15: BOOL | I15: 1000.12 | J15: QMT -Interruttore TR1 Chiuso | K15: 1000.12 | N15: HOLDING REGISTER | O15: BOOL | P15: INTERRUTTORE INTERRUTTORE | R15: QMT -Interruttore TR1 Chiuso | U15: Stato | V15: QMT | W15: CABINA PRINCIPALE | Z15: 10.220.80.16 | AA15: HOLDING_REGISTER | AB15: BINARY | AC15: ST | AE15: QMT-INT-CAB | AF15: QMT-INT--CAB | AG15: ST-INT-CH | AH15: Stato interruttore chiuso | AL15: 1000.12 | AM15: 1000 | AN15: 12 | AQ15: CAB | AR15: QMT | AT15: ST INT QMT TRF1 CH CAB MAIN | AW15: ['Test 2b']
A16: 10.220.80.16 | B16: CABINA PRINCIPALE | C16: QMT | D16: INTERRUTTORE | E16: INTERRUTTORE | F16: HOLDING REGISTER | G16: Stato | H16: BOOL | I16: 1000.13 | J16: QMT -Interruttore TR1 Aperto | K16: 1000.13 | N16: HOLDING REGISTER | O16: BOOL | P16: INTERRUTTORE INTERRUTTORE | R16: QMT -Interruttore TR1 Aperto | U16: Stato | V16: QMT | W16: CABINA PRINCIPALE | Z16: 10.220.80.16 | AA16: HOLDING_REGISTER | AB16: BINARY | AC16: ST | AE16: QMT-INT-CAB | AF16: QMT-INT--CAB | AG16: ST-INT-AP | AH16: Stato interruttore aperto | AL16: 1000.13 | AM16: 1000 | AN16: 13 | AQ16: CAB | AR16: QMT | AT16: ST INT QMT TRF1 AP CAB MAIN | AW16: ['Test 2b']
A17: 10.220.80.16 | B17: CABINA PRINCIPALE | C17: QMT | D17: SEZIONATORE LINEA | E17: SEZIONATORE LINEA | F17: HOLDING REGISTER | G17: Stato | H17: BOOL | I17: 1000.14 | J17: QMT -Sezionatore Di Linea TR1 Chiuso | K17: 1000.14 | N17: HOLDING REGISTER | O17: BOOL | P17: SEZIONATORE LINEA SEZIONATORE LINEA | R17: QMT -Sezionatore Di Linea TR1 Chiuso | U17: Stato | V17: QMT | W17: CABINA PRINCIPALE | Z17: 10.220.80.16 | AA17: HOLDING_REGISTER | AB17: BINARY | AC17: ST | AE17: QMT-SEZ-CAB | AF17: QMT-SEZ--CAB | AG17: ST-SEZ-LINE-CH | AH17: Stato sezionatore linea chiuso | AL17: 1000.14 | AM17: 1000 | AN17: 14 | AQ17: CAB | AR17: QMT | AT17: ST SEZ LINE QMT OF TRF1 CH CAB MAIN | AW17: ['Test 2b']
A18: 10.220.80.16 | B18: CABINA PRINCIPALE | C18: QMT | D18: SEZIONATORE TERRA | E18: SEZIONATORE TERRA | F18: HOLDING REGISTER | G18: Stato | H18: BOOL | I18: 1000.15 | J18: QMT -Sezionatore Di Terra TR1 Aperto | K18: 1000.15 | N18: HOLDING REGISTER | O18: BOOL | P18: SEZIONATORE TERRA SEZIONATORE TERRA | R18: QMT -Sezionatore Di Terra TR1 Aperto | U18: Stato | V18: QMT | W18: CABINA PRINCIPALE | Z18: 10.220.80.16 | AA18: HOLDING_REGISTER | AB18: BINARY | AC18: ST | AE18: QMT-SEZ-CAB | AF18: QMT-SEZ--CAB | AG18: ST-SEZ-TERRA-AP | AH18: Stato sezionatore terra aperto | AL18: 1000.15 | AM18: 1000 | AN18: 15 | AQ18: CAB | AR18: QMT | AT18: ST SEZ TERRA QMT OF TRF1 AP CAB MAIN | AW18: ['Test 2b']
A19: 10.220.80.16 | B19: CABINA PRINCIPALE | C19: QMT | D19: INTERRUTTORE | E19: INTERRUTTORE | F19: HOLDING REGISTER | G19: Stato | H19: BOOL | I19: 1001.0 | J19: QMT -Interruttore TR2 Chiuso | K19: 1001.0 | N19: HOLDING REGISTER | O19: BOOL | P19: INTERRUTTORE INTERRUTTORE | R19: QMT -Interruttore TR2 Chiuso | U19: Stato | V19: QMT | W19: CABINA PRINCIPALE | Z19: 10.220.80.16 | AA19: HOLDING_REGISTER | AB19: BINARY | AC19: ST | AE19: QMT-INT-CAB | AF19: QMT-INT--CAB | AG19: ST-INT-CH | AH19: Stato interruttore chiuso | AL19: 1001.0 | AM19: 1001 | AN19: 0 | AQ19: CAB | AR19: QMT | AT19: ST INT QMT TRF2 CH CAB MAIN | AW19: ['Test 2b']
A20: 10.220.80.16 | B20: CABINA PRINCIPALE | C20: QMT | D20: INTERRUTTORE | E20: INTERRUTTORE | F20: HOLDING REGISTER | G20: Stato | H20: BOOL | I20: 1001.1 | J20: QMT -Interruttore TR2 Aperto | K20: 1001.1 | N20: HOLDING REGISTER | O20: BOOL | P20: INTERRUTTORE INTERRUTTORE | R20: QMT -Interruttore TR2 Aperto | U20: Stato | V20: QMT | W20: CABINA PRINCIPALE | Z20: 10.220.80.16 | AA20: HOLDING_REGISTER | AB20: BINARY | AC20: ST | AE20: QMT-INT-CAB | AF20: QMT-INT--CAB | AG20: ST-INT-AP | AH20: Stato interruttore aperto | AL20: 1001.1 | AM20: 1001 | AN20: 1 | AQ20: CAB | AR20: QMT | AT20: ST INT QMT TRF2 AP CAB MAIN | AW20: ['Test 2b']
A21: 10.220.80.16 | B21: CABINA PRINCIPALE | C21: QMT | D21: SEZIONATORE LINEA | E21: SEZIONATORE LINEA | F21: HOLDING REGISTER | G21: Stato | H21: BOOL | I21: 1001.2 | J21: QMT -Sezionatore Di Linea TR2 Chiuso | K21: 1001.2 | N21: HOLDING REGISTER | O21: BOOL | P21: SEZIONATORE LINEA SEZIONATORE LINEA | R21: QMT -Sezionatore Di Linea TR2 Chiuso | U21: Stato | V21: QMT | W21: CABINA PRINCIPALE | Z21: 10.220.80.16 | AA21: HOLDING_REGISTER | AB21: BINARY | AC21: ST | AE21: QMT-SEZ-CAB | AF21: QMT-SEZ--CAB | AG21: ST-SEZ-LINE-CH | AH21: Stato sezionatore linea chiuso | AL21: 1001.2 | AM21: 1001 | AN21: 2 | AQ21: CAB | AR21: QMT | AT21: ST SEZ LINE QMT OF TRF2 CH CAB MAIN | AW21: ['Test 2b']
A22: 10.220.80.16 | B22: CABINA PRINCIPALE | C22: QMT | D22: SEZIONATORE TERRA | E22: SEZIONATORE TERRA | F22: HOLDING REGISTER | G22: Stato | H22: BOOL | I22: 1001.3 | J22: QMT -Sezionatore Di Terra TR2 Aperto | K22: 1001.3 | N22: HOLDING REGISTER | O22: BOOL | P22: SEZIONATORE TERRA SEZIONATORE TERRA | R22: QMT -Sezionatore Di Terra TR2 Aperto | U22: Stato | V22: QMT | W22: CABINA PRINCIPALE | Z22: 10.220.80.16 | AA22: HOLDING_REGISTER | AB22: BINARY | AC22: ST | AE22: QMT-SEZ-CAB | AF22: QMT-SEZ--CAB | AG22: ST-SEZ-TERRA-AP | AH22: Stato sezionatore terra aperto | AL22: 1001.3 | AM22: 1001 | AN22: 3 | AQ22: CAB | AR22: QMT | AT22: ST SEZ TERRA QMT OF TRF2 AP CAB MAIN | AW22: ['Test 2b']
... A25: 10.220.80.16 | B25: CABINA PRINCIPALE | C25: TRAFO 2 | D25: CENTRALINA CONTROLLO TEMPERATURA | E25: TR2 | F25: HOLDING REGISTER | G25: Allarme | H25: BOOL | I25: 1001.6 | J25: QMT -Guasto Centralina Temperatura TR2 | K25: 1001.6 | N25: HOLDING REGISTER | O25: BOOL | P25: CENTRALINA CONTROLLO TEMPERATURA TR2 | R25: QMT -Guasto Centralina Temperatura TR2 | U25: Allarme | V25: TRAFO 2 | W25: CABINA PRINCIPALE | Z25: 10.220.80.16 | AA25: HOLDING_REGISTER | AB25: BINARY | AC25: ALR | AE25: QMT-TRF2-CNTRL-CAB | AF25: QMT-TRF2-CNTRL--CAB | AG25: ALR-FAULT-CNTRL | AH25: Allarme guasto centralina | AL25: 1001.6 | AM25: 1001 | AN25: 6 | AQ25: CAB | AR25: QMT | AT25: ALR CNTRL CMD TEMP TRF2 QMT FAULT CAB MAIN | AW25: ['Test 1a']
A26: 10.220.80.16 | B26: CABINA PRINCIPALE | C26: TRAFO 2 | D26: CENTRALINA CONTROLLO TEMPERATURA | E26: TR2 | F26: HOLDING REGISTER | G26: Allarme | H26: BOOL | I26: 1001.7 | J26: QMT -Allarme Temperatura TR2 | K26: 1001.7 | N26: HOLDING REGISTER | O26: BOOL | P26: CENTRALINA CONTROLLO TEMPERATURA TR2 | R26: QMT -Allarme Temperatura TR2 | U26: Allarme | V26: TRAFO 2 | W26: CABINA PRINCIPALE | Z26: 10.220.80.16 | AA26: HOLDING_REGISTER | AB26: BINARY | AC26: ALR | AE26: QMT-TRF2-CNTRL-CAB | AF26: QMT-TRF2-CNTRL--CAB | AL26: 1001.7 | AM26: 1001 | AN26: 7 | AQ26: CAB | AR26: QMT | AT26: ALR CNTRL CMD TEMP TRF2 QMT CAB MAIN
A27: 10.220.80.16 | B27: CABINA PRINCIPALE | C27: QGBT1 | D27: INTERRUTTORE | E27: 1 | F27: HOLDING REGISTER | G27: Stato | H27: BOOL | I27: 1001.8 | J27: QGBT1 -INTERRUTTORE RIFASAMENTO FISSO TRAFO 1 400Vac CHIUSO | K27: 1001.8 | N27: HOLDING REGISTER | O27: BOOL | P27: INTERRUTTORE 1 | R27: QGBT1 -INTERRUTTORE RIFASAMENTO FISSO TRAFO 1 400Vac CHIUSO | U27: Stato | V27: QGBT1 | W27: CABINA PRINCIPALE | Z27: 10.220.80.16 | AA27: HOLDING_REGISTER | AB27: BINARY | AC27: ST | AE27: QGBT1-INT-CAB | AF27: QGBT1-INT--FISSO-INTERRUTTORE1-CAB | AG27: ST-INT-CH | AH27: Stato interruttore chiuso | AL27: 1001.8 | AM27: 1001 | AN27: 8 | AQ27: CAB | AR27: QGBT1 | AT27: 400V ST QGBT1 INT RIFAS TRF1 AC CH CAB MAIN | AU27: FISSO INTERRUTTORE1 | AW27: ['Test 2b']
A28: 10.220.80.16 | B28: CABINA PRINCIPALE | C28: QGBT1 | D28: INTERRUTTORE | E28: 1 | F28: HOLDING REGISTER | G28: Allarme | H28: BOOL | I28: 1001.9 | J28: QGBT1 -INTERRUTTORE RIFASAMENTO FISSO TRAFO 1 400Vac SCATTATO | K28: 1001.9 | N28: HOLDING REGISTER | O28: BOOL | P28: INTERRUTTORE 1 | R28: QGBT1 -INTERRUTTORE RIFASAMENTO FISSO TRAFO 1 400Vac SCATTATO | U28: Allarme | V28: QGBT1 | W28: CABINA PRINCIPALE | Z28: 10.220.80.16 | AA28: HOLDING_REGISTER | AB28: BINARY | AC28: ALR | AE28: QGBT1-INT-CAB | AF28: QGBT1-INT--FISSO-INTERRUTTORE1-CAB | AG28: ALR-INT-SCATT | AH28: Allarme interruttore scattato | AL28: 1001.9 | AM28: 1001 | AN28: 9 | AQ28: CAB | AR28: QGBT1 | AT28: 400V ALR QGBT1 INT RIFAS TRF1 AC SCATT CAB MAIN | AU28: FISSO INTERRUTTORE1 | AW28: ['Test 1a']
A29: 10.220.80.16 | B29: CABINA PRINCIPALE | C29: QGBT1 | D29: SCARICATORE SOVRATENSIONI | E29: SPD1 | F29: HOLDING REGISTER | G29: Allarme | H29: BOOL | I29: 1001.10 | J29: QGBT1 -LIMITATORE DI SOVRATENSIONE INTERVENUTO TRAFO 1 400Vac | K29: 1001.10 | N29: HOLDING REGISTER | O29: BOOL | P29: SCARICATORE SOVRATENSIONI SPD1 | R29: QGBT1 -LIMITATORE DI SOVRATENSIONE INTERVENUTO TRAFO 1 400Vac | U29: Allarme | V29: QGBT1 | W29: CABINA PRINCIPALE | Z29: 10.220.80.16 | AA29: HOLDING_REGISTER | AB29: BINARY | AC29: ALR | AE29: QGBT1-SCAR-CAB | AF29: QGBT1-SCAR--SPD1-LIMITATORE-CAB | AG29: ALR-SCAR | AH29: Allarme scaricatore | AL29: 1001.10 | AM29: 1001 | AN29: 10 | AQ29: CAB | AR29: QGBT1 | AT29: 400V ALR SCAR SOVRATENS QGBT1 OF INTERV TRF1 AC CAB MAIN | AU29: SPD1 LIMITATORE | AW29: ['Test 2b']
A30: 10.220.80.16 | B30: CABINA PRINCIPALE | C30: QGBT1 | D30: INTERRUTTORE | E30: 2 | F30: HOLDING REGISTER | G30: Stato | H30: BOOL | I30: 1001.11 | J30: QGBT1 -INTERRUTTORE GENERALE TRAFO 1 400Vac CHIUSO | K30: 1001.11 | N30: HOLDING REGISTER | O30: BOOL | P30: INTERRUTTORE 2 | R30: QGBT1 -INTERRUTTORE GENERALE TRAFO 1 400Vac CHIUSO | U30: Stato | V30: QGBT1 | W30: CABINA PRINCIPALE | Z30: 10.220.80.16 | AA30: HOLDING_REGISTER | AB30: BINARY | AC30: ST | AE30: QGBT1-INT-CAB | AF30: QGBT1-INT--INTERRUTTORE2-CAB | AG30: ST-INT-CH | AH30: Stato interruttore chiuso | AL30: 1001.11 | AM30: 1001 | AN30: 11 | AQ30: CAB | AR30: QGBT1 | AT30: 400V ST QGBT1 INT GENERAL TRF1 AC CH CAB MAIN | AU30: INTERRUTTORE2 | AW30: ['Test 2b']
A31: 10.220.80.16 | B31: CABINA PRINCIPALE | C31: QGBT1 | D31: INTERRUTTORE | E31: 2 | F31: HOLDING REGISTER | G31: Allarme | H31: BOOL | I31: 1001.12 | J31: QGBT1 -INTERRUTTORE GENERALE TRAFO 1 400Vac SCATTATO | K31: 1001.12 | N31: HOLDING REGISTER | O31: BOOL | P31: INTERRUTTORE 2 | R31: QGBT1 -INTERRUTTORE GENERALE TRAFO 1 400Vac SCATTATO | U31: Allarme | V31: QGBT1 | W31: CABINA PRINCIPALE | Z31: 10.220.80.16 | AA31: HOLDING_REGISTER | AB31: BINARY | AC31: ALR | AE31: QGBT1-INT-CAB | AF31: QGBT1-INT--INTERRUTTORE2-CAB | AG31: ALR-INT-SCATT | AH31: Allarme interruttore scattato | AL31: 1001.12 | AM31: 1001 | AN31: 12 | AQ31: CAB | AR31: QGBT1 | AT31: 400V ALR QGBT1 INT GENERAL TRF1 AC SCATT CAB MAIN | AU31: INTERRUTTORE2 | AW31: ['Test 1a']
A32: 10.220.80.16 | B32: CABINA PRINCIPALE | C32: QGBT1 | D32: INTERRUTTORE | E32: 3 | F32: HOLDING REGISTER | G32: Stato | H32: BOOL | I32: 1001.13 | J32: QGBT1 -INTERRUTTORE RIFASAMENTO FISSO TRAFO 2 400Vac CHIUSO | K32: 1001.13 | N32: HOLDING REGISTER | O32: BOOL | P32: INTERRUTTORE 3 | R32: QGBT1 -INTERRUTTORE RIFASAMENTO FISSO TRAFO 2 400Vac CHIUSO | U32: Stato | V32: QGBT1 | W32: CABINA PRINCIPALE | Z32: 10.220.80.16 | AA32: HOLDING_REGISTER | AB32: BINARY | AC32: ST | AE32: QGBT1-INT-CAB | AF32: QGBT1-INT--FISSO-INTERRUTTORE3-CAB | AG32: ST-INT-CH | AH32: Stato interruttore chiuso | AL32: 1001.13 | AM32: 1001 | AN32: 13 | AQ32: CAB | AR32: QGBT1 | AT32: 400V ST QGBT1 INT RIFAS TRF2 AC CH CAB MAIN | AU32: FISSO INTERRUTTORE3 | AW32: ['Test 2b']
A33: 10.220.80.16 | B33: CABINA PRINCIPALE | C33: QGBT1 | D33: INTERRUTTORE | E33: 3 | F33: HOLDING REGISTER | G33: Allarme | H33: BOOL | I33: 1001.14 | J33: QGBT1 -INTERRUTTORE RIFASAMENTO FISSO TRAFO 2 400Vac SCATTATO | K33: 1001.14 | N33: HOLDING REGISTER | O33: BOOL | P33: INTERRUTTORE 3 | R33: QGBT1 -INTERRUTTORE RIFASAMENTO FISSO TRAFO 2 400Vac SCATTATO | U33: Allarme | V33: QGBT1 | W33: CABINA PRINCIPALE | Z33: 10.220.80.16 | AA33: HOLDING_REGISTER | AB33: BINARY | AC33: ALR | AE33: QGBT1-INT-CAB | AF33: QGBT1-INT--FISSO-INTERRUTTORE3-CAB | AG33: ALR-INT-SCATT | AH33: Allarme interruttore scattato | AL33: 1001.14 | AM33: 1001 | AN33: 14 | AQ33: CAB | AR33: QGBT1 | AT33: 400V ALR QGBT1 INT RIFAS TRF2 AC SCATT CAB MAIN | AU33: FISSO INTERRUTTORE3 | AW33: ['Test 1a']
A34: 10.220.80.16 | B34: CABINA PRINCIPALE | C34: QGBT1 | D34: SCARICATORE SOVRATENSIONI | E34: SPD2 | F34: HOLDING REGISTER | G34: Allarme | H34: BOOL | I34: 1001.15 | J34: QGBT1 -LIMITATORE DI SOVRATENSIONE INTERVENUTO TRAFO 2 400Vac | K34: 1001.15 | N34: HOLDING REGISTER | O34: BOOL | P34: SCARICATORE SOVRATENSIONI SPD2 | R34: QGBT1 -LIMITATORE DI SOVRATENSIONE INTERVENUTO TRAFO 2 400Vac | U34: Allarme | V34: QGBT1 | W34: CABINA PRINCIPALE | Z34: 10.220.80.16 | AA34: HOLDING_REGISTER | AB34: BINARY | AC34: ALR | AE34: QGBT1-SCAR-CAB | AF34: QGBT1-SCAR--SPD2-LIMITATORE-CAB | AG34: ALR-SCAR | AH34: Allarme scaricatore | AL34: 1001.15 | AM34: 1001 | AN34: 15 | AQ34: CAB | AR34: QGBT1 | AT34: 400V ALR SCAR SOVRATENS QGBT1 OF INTERV TRF2 AC CAB MAIN | AU34: SPD2 LIMITATORE | AW34: ['Test 2b']
A35: 10.220.80.16 | B35: CABINA PRINCIPALE | C35: QGBT1 | D35: INTERRUTTORE | E35: 4 | F35: HOLDING REGISTER | G35: Stato | H35: BOOL | I35: 1002.0 | J35: QGBT1 -INTERRUTTORE GENERALE TRAFO 2 400Vac CHIUSO | K35: 1002.0 | N35: HOLDING REGISTER | O35: BOOL | P35: INTERRUTTORE 4 | R35: QGBT1 -INTERRUTTORE GENERALE TRAFO 2 400Vac CHIUSO | U35: Stato | V35: QGBT1 | W35: CABINA PRINCIPALE | Z35: 10.220.80.16 | AA35: HOLDING_REGISTER | AB35: BINARY | AC35: ST | AE35: QGBT1-INT-CAB | AF35: QGBT1-INT--INTERRUTTORE4-CAB | AG35: ST-INT-CH | AH35: Stato interruttore chiuso | AL35: 1002.0 | AM35: 1002 | AN35: 0 | AQ35: CAB | AR35: QGBT1 | AT35: 400V ST QGBT1 INT GENERAL TRF2 AC CH CAB MAIN | AU35: INTERRUTTORE4 | AW35: ['Test 2b']
A36: 10.220.80.16 | B36: CABINA PRINCIPALE | C36: QGBT1 | D36: INTERRUTTORE | E36: 4 | F36: HOLDING REGISTER | G36: Allarme | H36: BOOL | I36: 1002.1 | J36: QGBT1 -INTERRUTTORE GENERALE TRAFO 2 400Vac SCATTATO | K36: 1002.1 | N36: HOLDING REGISTER | O36: BOOL | P36: INTERRUTTORE 4 | R36: QGBT1 -INTERRUTTORE GENERALE TRAFO 2 400Vac SCATTATO | U36: Allarme | V36: QGBT1 | W36: CABINA PRINCIPALE | Z36: 10.220.80.16 | AA36: HOLDING_REGISTER | AB36: BINARY | AC36: ALR | AE36: QGBT1-INT-CAB | AF36: QGBT1-INT--INTERRUTTORE4-CAB | AG36: ALR-INT-SCATT | AH36: Allarme interruttore scattato | AL36: 1002.1 | AM36: 1002 | AN36: 1 | AQ36: CAB | AR36: QGBT1 | AT36: 400V ALR QGBT1 INT GENERAL TRF2 AC SCATT CAB MAIN | AU36: INTERRUTTORE4 | AW36: ['Test 1a']
A37: 10.220.80.16 | B37: CABINA PRINCIPALE | C37: QGBT1 | D37: INTERRUTTORE | E37: 6 | F37: HOLDING REGISTER | G37: Stato | H37: BOOL | I37: 1002.2 | J37: QGBT1 -INTERRUTTORE ELETTROPOMPA ANTINCENDIO CHIUSO | K37: 1002.2 | N37: HOLDING REGISTER | O37: BOOL | P37: INTERRUTTORE 6 | R37: QGBT1 -INTERRUTTORE ELETTROPOMPA ANTINCENDIO CHIUSO | U37: Stato | V37: QGBT1 | W37: CABINA PRINCIPALE | Z37: 10.220.80.16 | AA37: HOLDING_REGISTER | AB37: BINARY | AC37: ST | AE37: QGBT1-INT-CAB | AF37: QGBT1-INT--INTERRUTTORE6-CAB | AG37: ST-INT-CH | AH37: Stato interruttore chiuso | AL37: 1002.2 | AM37: 1002 | AN37: 2 | AQ37: CAB | AR37: QGBT1 | AT37: ST QGBT1 INT EPUMP ANTINC CH CAB MAIN | AU37: INTERRUTTORE6 | AW37: ['Test 2b']
A38: 10.220.80.16 | B38: CABINA PRINCIPALE | C38: QGBT1 | D38: INTERRUTTORE | E38: 6 | F38: HOLDING REGISTER | G38: Allarme | H38: BOOL | I38: 1002.3 | J38: QGBT1 -INTERRUTTORE ELETTROPOMPA ANTINCENDIO SCATTATO | K38: 1002.3 | N38: HOLDING REGISTER | O38: BOOL | P38: INTERRUTTORE 6 | R38: QGBT1 -INTERRUTTORE ELETTROPOMPA ANTINCENDIO SCATTATO | U38: Allarme | V38: QGBT1 | W38: CABINA PRINCIPALE | Z38: 10.220.80.16 | AA38: HOLDING_REGISTER | AB38: BINARY | AC38: ALR | AE38: QGBT1-INT-CAB | AF38: QGBT1-INT--INTERRUTTORE6-CAB | AG38: ALR-INT-SCATT | AH38: Allarme interruttore scattato | AL38: 1002.3 | AM38: 1002 | AN38: 3 | AQ38: CAB | AR38: QGBT1 | AT38: ALR QGBT1 INT EPUMP ANTINC SCATT CAB MAIN | AU38: INTERRUTTORE6 | AW38: ['Test 1a']
... A49: 10.220.80.16 | B49: CABINA PRINCIPALE | C49: QGBT1 | D49: CENTRALINA COMMUTAZIONE RETE/GE | E49: 10BA1 | F49: HOLDING REGISTER | G49: Stato | H49: BOOL | I49: 1002.14 | J49: QGBT1 -CENTRALINA SCAMBIO RETE/G.E. IN AUTOMATICOMATICO | K49: 1002.14 | N49: HOLDING REGISTER | O49: BOOL | P49: CENTRALINA COMMUTAZIONE RETE/GE 10BA1 | R49: QGBT1 -CENTRALINA SCAMBIO RETE/G.E. IN AUTOMATICOMATICO | U49: Stato | V49: QGBT1 | W49: CABINA PRINCIPALE | Z49: 10.220.80.16 | AA49: HOLDING_REGISTER | AB49: BINARY | AC49: ST | AE49: QGBT1-GE-CNTRL-RETE-CAB | AF49: QGBT1-GE-CNTRL-RETE--GE10-BA1-CAB | AG49: ST-SELETT-AUTO | AH49: Stato funzionamento in automatico | AL49: 1002.14 | AM49: 1002 | AN49: 14 | AQ49: CAB | AR49: QGBT1 | AT49: GE ST CNTRL COMMUT RETE QGBT1 REPLACE G E IN AUTO CAB MAIN | AU49: GE10 BA1 | AW49: ['Test 2b']
A50: 10.220.80.16 | B50: CABINA PRINCIPALE | C50: QGBT1 | D50: INTERRUTTORE | E50: 22 | F50: HOLDING REGISTER | G50: Stato | H50: BOOL | I50: 1002.15 | J50: QGBT1 -INTERRUTTORE RIFASAMENTO AUTOMATICOMATICO CHIUSO | K50: 1002.15 | N50: HOLDING REGISTER | O50: BOOL | P50: INTERRUTTORE 22 | R50: QGBT1 -INTERRUTTORE RIFASAMENTO AUTOMATICOMATICO CHIUSO | U50: Stato | V50: QGBT1 | W50: CABINA PRINCIPALE | Z50: 10.220.80.16 | AA50: HOLDING_REGISTER | AB50: BINARY | AC50: ST | AE50: QGBT1-INT-CAB | AF50: QGBT1-INT--INTERRUTTORE22-CAB | AL50: 1002.15 | AM50: 1002 | AN50: 15 | AQ50: CAB | AR50: QGBT1 | AT50: ST QGBT1 INT RIFAS AUTO CH CAB MAIN | AU50: INTERRUTTORE22
A51: 10.220.80.16 | B51: CABINA PRINCIPALE | C51: QGBT1 | D51: INTERRUTTORE | E51: 22 | F51: HOLDING REGISTER | G51: Allarme | H51: BOOL | I51: 1003.0 | J51: QGBT1 -INTERRUTTORE RIFASAMENTO AUTOMATICOMATICO SCATTATO | K51: 1003.0 | N51: HOLDING REGISTER | O51: BOOL | P51: INTERRUTTORE 22 | R51: QGBT1 -INTERRUTTORE RIFASAMENTO AUTOMATICOMATICO SCATTATO | U51: Allarme | V51: QGBT1 | W51: CABINA PRINCIPALE | Z51: 10.220.80.16 | AA51: HOLDING_REGISTER | AB51: BINARY | AC51: ALR | AE51: QGBT1-INT-CAB | AF51: QGBT1-INT--INTERRUTTORE22-CAB | AG51: ALR-INT-SCATT | AH51: Allarme interruttore scattato | AL51: 1003.0 | AM51: 1003 | AN51: 0 | AQ51: CAB | AR51: QGBT1 | AT51: ALR QGBT1 INT RIFAS AUTO SCATT CAB MAIN | AU51: INTERRUTTORE22 | AW51: ['Test 1a']
A52: 10.220.80.16 | B52: CABINA PRINCIPALE | C52: QGBT1 | D52: INTERRUTTORE | E52: 23 | F52: HOLDING REGISTER | G52: Stato | H52: BOOL | I52: 1003.1 | J52: QGBT1 -INTERRUTTORE QGBT2 CASOLA CHIUSO | K52: 1003.1 | N52: HOLDING REGISTER | O52: BOOL | P52: INTERRUTTORE 23 | R52: QGBT1 -INTERRUTTORE QGBT2 CASOLA CHIUSO | U52: Stato | V52: QGBT1 | W52: CABINA PRINCIPALE | Z52: 10.220.80.16 | AA52: HOLDING_REGISTER | AB52: BINARY | AC52: ST | AE52: QGBT1-INT-CAB | AF52: QGBT1-INT--INTERRUTTORE23-CASOLA-CAB | AG52: ST-INT-CH | AH52: Stato interruttore chiuso | AL52: 1003.1 | AM52: 1003 | AN52: 1 | AQ52: CAB | AR52: QGBT1 | AT52: ST QGBT1 INT QGBT2 CH CAB MAIN | AU52: INTERRUTTORE23 CASOLA | AW52: ['Test 2b']
A53: 10.220.80.16 | B53: CABINA PRINCIPALE | C53: QGBT1 | D53: INTERRUTTORE | E53: 23 | F53: HOLDING REGISTER | G53: Allarme | H53: BOOL | I53: 1003.2 | J53: QGBT1 -INTERRUTTORE QGBT2 CASOLA SCATTATO | K53: 1003.2 | N53: HOLDING REGISTER | O53: BOOL | P53: INTERRUTTORE 23 | R53: QGBT1 -INTERRUTTORE QGBT2 CASOLA SCATTATO | U53: Allarme | V53: QGBT1 | W53: CABINA PRINCIPALE | Z53: 10.220.80.16 | AA53: HOLDING_REGISTER | AB53: BINARY | AC53: ALR | AE53: QGBT1-INT-CAB | AF53: QGBT1-INT--INTERRUTTORE23-CASOLA-CAB | AG53: ALR-INT-SCATT | AH53: Allarme interruttore scattato | AL53: 1003.2 | AM53: 1003 | AN53: 2 | AQ53: CAB | AR53: QGBT1 | AT53: ALR QGBT1 INT QGBT2 SCATT CAB MAIN | AU53: INTERRUTTORE23 CASOLA | AW53: ['Test 1a']
A54: 10.220.80.16 | B54: CABINA PRINCIPALE | C54: QGBT1 | D54: INTERRUTTORE | E54: 24 | F54: HOLDING REGISTER | G54: Stato | H54: BOOL | I54: 1003.3 | J54: QGBT1 -INTERRUTTORE GENERALE TRAFO 1 690Vac CHIUSO | K54: 1003.3 | N54: HOLDING REGISTER | O54: BOOL | P54: INTERRUTTORE 24 | R54: QGBT1 -INTERRUTTORE GENERALE TRAFO 1 690Vac CHIUSO | U54: Stato | V54: QGBT1 | W54: CABINA PRINCIPALE | Z54: 10.220.80.16 | AA54: HOLDING_REGISTER | AB54: BINARY | AC54: ST | AE54: QGBT1-INT-CAB | AF54: QGBT1-INT--INTERRUTTORE24-CAB | AG54: ST-INT-CH | AH54: Stato interruttore chiuso | AL54: 1003.3 | AM54: 1003 | AN54: 3 | AQ54: CAB | AR54: QGBT1 | AT54: 690V ST QGBT1 INT GENERAL TRF1 AC CH CAB MAIN | AU54: INTERRUTTORE24 | AW54: ['Test 2b']
A55: 10.220.80.16 | B55: CABINA PRINCIPALE | C55: QGBT1 | D55: INTERRUTTORE | E55: 24 | F55: HOLDING REGISTER | G55: Allarme | H55: BOOL | I55: 1003.4 | J55: QGBT1 -INTERRUTTORE GENERALE TRAFO 1 690Vac SCATTATO | K55: 1003.4 | N55: HOLDING REGISTER | O55: BOOL | P55: INTERRUTTORE 24 | R55: QGBT1 -INTERRUTTORE GENERALE TRAFO 1 690Vac SCATTATO | U55: Allarme | V55: QGBT1 | W55: CABINA PRINCIPALE | Z55: 10.220.80.16 | AA55: HOLDING_REGISTER | AB55: BINARY | AC55: ALR | AE55: QGBT1-INT-CAB | AF55: QGBT1-INT--INTERRUTTORE24-CAB | AG55: ALR-INT-SCATT | AH55: Allarme interruttore scattato | AL55: 1003.4 | AM55: 1003 | AN55: 4 | AQ55: CAB | AR55: QGBT1 | AT55: 690V ALR QGBT1 INT GENERAL TRF1 AC SCATT CAB MAIN | AU55: INTERRUTTORE24 | AW55: ['Test 1a']
A56: 10.220.80.16 | B56: CABINA PRINCIPALE | C56: QGBT1 | D56: INTERRUTTORE | E56: 25 | F56: HOLDING REGISTER | G56: Stato | H56: BOOL | I56: 1003.5 | J56: QGBT1 -INTERRUTTORE GENERALE TRAFO 2 690Vac CHIUSO | K56: 1003.5 | N56: HOLDING REGISTER | O56: BOOL | P56: INTERRUTTORE 25 | R56: QGBT1 -INTERRUTTORE GENERALE TRAFO 2 690Vac CHIUSO | U56: Stato | V56: QGBT1 | W56: CABINA PRINCIPALE | Z56: 10.220.80.16 | AA56: HOLDING_REGISTER | AB56: BINARY | AC56: ST | AE56: QGBT1-INT-CAB | AF56: QGBT1-INT--INTERRUTTORE25-CAB | AG56: ST-INT-CH | AH56: Stato interruttore chiuso | AL56: 1003.5 | AM56: 1003 | AN56: 5 | AQ56: CAB | AR56: QGBT1 | AT56: 690V ST QGBT1 INT GENERAL TRF2 AC CH CAB MAIN | AU56: INTERRUTTORE25 | AW56: ['Test 2b']
A57: 10.220.80.16 | B57: CABINA PRINCIPALE | C57: QGBT1 | D57: INTERRUTTORE | E57: 25 | F57: HOLDING REGISTER | G57: Allarme | H57: BOOL | I57: 1003.6 | J57: QGBT1 -INTERRUTTORE GENERALE TRAFO 2 690Vac SCATTATO | K57: 1003.6 | N57: HOLDING REGISTER | O57: BOOL | P57: INTERRUTTORE 25 | R57: QGBT1 -INTERRUTTORE GENERALE TRAFO 2 690Vac SCATTATO | U57: Allarme | V57: QGBT1 | W57: CABINA PRINCIPALE | Z57: 10.220.80.16 | AA57: HOLDING_REGISTER | AB57: BINARY | AC57: ALR | AE57: QGBT1-INT-CAB | AF57: QGBT1-INT--INTERRUTTORE25-CAB | AG57: ALR-INT-SCATT | AH57: Allarme interruttore scattato | AL57: 1003.6 | AM57: 1003 | AN57: 6 | AQ57: CAB | AR57: QGBT1 | AT57: 690V ALR QGBT1 INT GENERAL TRF2 AC SCATT CAB MAIN | AU57: INTERRUTTORE25 | AW57: ['Test 1a']
A58: 10.220.80.16 | B58: CABINA PRINCIPALE | C58: QGBT1 | D58: INTERRUTTORE | E58: 27 | F58: HOLDING REGISTER | G58: Stato | H58: BOOL | I58: 1003.7 | J58: QGBT1 -INTERRUTTORE QSC SEZIONE PRIVILEGIATA CHIUSO | K58: 1003.7 | N58: HOLDING REGISTER | O58: BOOL | P58: INTERRUTTORE 27 | R58: QGBT1 -INTERRUTTORE QSC SEZIONE PRIVILEGIATA CHIUSO | U58: Stato | V58: QGBT1 | W58: CABINA PRINCIPALE | Z58: 10.220.80.16 | AA58: HOLDING_REGISTER | AB58: BINARY | AC58: ST | AE58: QGBT1-INT-CAB | AF58: QGBT1-INT--INTERRUTTORE27-SEZIONE-CAB | AG58: ST-INT-CH | AH58: Stato interruttore chiuso | AL58: 1003.7 | AM58: 1003 | AN58: 7 | AQ58: CAB | AR58: QGBT1 | AT58: ST QGBT1 INT QSC PRIVIL CH CAB MAIN | AU58: INTERRUTTORE27 SEZIONE | AW58: ['Test 2b']
A59: 10.220.80.16 | B59: CABINA PRINCIPALE | C59: QGBT1 | D59: INTERRUTTORE | E59: 27 | F59: HOLDING REGISTER | G59: Allarme | H59: BOOL | I59: 1003.8 | J59: QGBT1 -INTERRUTTORE QSC SEZIONE PRIVILEGIATA SCATTATO | K59: 1003.8 | N59: HOLDING REGISTER | O59: BOOL | P59: INTERRUTTORE 27 | R59: QGBT1 -INTERRUTTORE QSC SEZIONE PRIVILEGIATA SCATTATO | U59: Allarme | V59: QGBT1 | W59: CABINA PRINCIPALE | Z59: 10.220.80.16 | AA59: HOLDING_REGISTER | AB59: BINARY | AC59: ALR | AE59: QGBT1-INT-CAB | AF59: QGBT1-INT--INTERRUTTORE27-SEZIONE-CAB | AG59: ALR-INT-SCATT | AH59: Allarme interruttore scattato | AL59: 1003.8 | AM59: 1003 | AN59: 8 | AQ59: CAB | AR59: QGBT1 | AT59: ALR QGBT1 INT QSC PRIVIL SCATT CAB MAIN | AU59: INTERRUTTORE27 SEZIONE | AW59: ['Test 1a']
A60: 10.220.80.16 | B60: CABINA PRINCIPALE | C60: QGBT1 | D60: INTERRUTTORE | E60: 28 | F60: HOLDING REGISTER | G60: Stato | H60: BOOL | I60: 1003.9 | J60: QGBT1 -INTERRUTTORE Q_VES SEZIONE PRIVILEGIATA CHIUSO | K60: 1003.9 | N60: HOLDING REGISTER | O60: BOOL | P60: INTERRUTTORE 28 | R60: QGBT1 -INTERRUTTORE Q_VES SEZIONE PRIVILEGIATA CHIUSO | U60: Stato | V60: QGBT1 | W60: CABINA PRINCIPALE | Z60: 10.220.80.16 | AA60: HOLDING_REGISTER | AB60: BINARY | AC60: ST | AE60: QGBT1Q-INT-CAB | AF60: INT--VES-Q-SEZIONE-INTERRUTTORE28-CAB | AG60: ST-INT-CH | AH60: Stato interruttore chiuso | AL60: 1003.9 | AM60: 1003 | AN60: 9 | AQ60: CAB | AR60: QGBT1Q | AT60: ST QGBT1 INT PRIVIL CH CAB MAIN | AU60: VES Q SEZIONE INTERRUTTORE28 | AW60: ['Test 2b']
A61: 10.220.80.16 | B61: CABINA PRINCIPALE | C61: QGBT1 | D61: INTERRUTTORE | E61: 28 | F61: HOLDING REGISTER | G61: Allarme | H61: BOOL | I61: 1003.10 | J61: QGBT1 -INTERRUTTORE Q_VES SEZIONE PRIVILEGIATA SCATTATO | K61: 1003.10 | N61: HOLDING REGISTER | O61: BOOL | P61: INTERRUTTORE 28 | R61: QGBT1 -INTERRUTTORE Q_VES SEZIONE PRIVILEGIATA SCATTATO | U61: Allarme | V61: QGBT1 | W61: CABINA PRINCIPALE | Z61: 10.220.80.16 | AA61: HOLDING_REGISTER | AB61: BINARY | AC61: ALR | AE61: QGBT1Q-INT-CAB | AF61: INT--VES-Q-SEZIONE-INTERRUTTORE28-CAB | AG61: ALR-INT-SCATT | AH61: Allarme interruttore scattato | AL61: 1003.10 | AM61: 1003 | AN61: 10 | AQ61: CAB | AR61: QGBT1Q | AT61: ALR QGBT1 INT PRIVIL SCATT CAB MAIN | AU61: VES Q SEZIONE INTERRUTTORE28 | AW61: ['Test 1a']
A62: 10.220.80.16 | B62: CABINA PRINCIPALE | C62: QGBT1 | D62: INTERRUTTORE | E62: 29 | F62: HOLDING REGISTER | G62: Stato | H62: BOOL | I62: 1003.11 | J62: QGBT1 -INTERRUTTORE Q_PIAZZOLA SEZIONE PRIVILEGIATA CHIUSO | K62: 1003.11 | N62: HOLDING REGISTER | O62: BOOL | P62: INTERRUTTORE 29 | R62: QGBT1 -INTERRUTTORE Q_PIAZZOLA SEZIONE PRIVILEGIATA CHIUSO | U62: Stato | V62: QGBT1 | W62: CABINA PRINCIPALE | Z62: 10.220.80.16 | AA62: HOLDING_REGISTER | AB62: BINARY | AC62: ST | AE62: QGBT1Q-INT-CAB | AF62: INT--INTERRUTTORE29-Q-SEZIONE-PIAZZOLA-CAB | AG62: ST-INT-CH | AH62: Stato interruttore chiuso | AL62: 1003.11 | AM62: 1003 | AN62: 11 | AQ62: CAB | AR62: QGBT1Q | AT62: ST QGBT1 INT PRIVIL CH CAB MAIN | AU62: INTERRUTTORE29 Q SEZIONE PIAZZOLA | AW62: ['Test 2b']
... A77: 10.220.80.16 | B77: CABINA PRINCIPALE | C77: QGBT1 | D77: INTERRUTTORE | E77: 41 | F77: HOLDING REGISTER | G77: Allarme | H77: BOOL | I77: 1004.10 | J77: QGBT1 -INTERRUTTORE RISERVA SCATTATO | K77: 1004.10 | N77: HOLDING REGISTER | O77: BOOL | P77: INTERRUTTORE 41 | R77: QGBT1 -INTERRUTTORE RISERVA SCATTATO | U77: Allarme | V77: QGBT1 | W77: CABINA PRINCIPALE | Z77: 10.220.80.16 | AA77: HOLDING_REGISTER | AB77: BINARY | AC77: ALR | AE77: QGBT1-INT-CAB | AF77: QGBT1-INT--INTERRUTTORE41-CAB | AG77: ALR-INT-SCATT | AH77: Allarme interruttore scattato | AL77: 1004.10 | AM77: 1004 | AN77: 10 | AQ77: CAB | AR77: QGBT1 | AT77: ALR QGBT1 INT RESERV SCATT CAB MAIN | AU77: INTERRUTTORE41 | AW77: ['Test 1a']
A78: 10.220.80.16 | B78: CABINA PRINCIPALE | C78: QGBT1 | D78: CENTRALINA CONTROLLO TEMPERATURA | E78: TR3 | F78: HOLDING REGISTER | G78: Allarme | H78: BOOL | I78: 1004.11 | J78: QGBT1 -Guasto Centralina Temperatura TR3 | K78: 1004.11 | N78: HOLDING REGISTER | O78: BOOL | P78: CENTRALINA CONTROLLO TEMPERATURA TR3 | R78: QGBT1 -Guasto Centralina Temperatura TR3 | U78: Allarme | V78: QGBT1 | W78: CABINA PRINCIPALE | Z78: 10.220.80.16 | AA78: HOLDING_REGISTER | AB78: BINARY | AC78: ALR | AE78: QGBT1-TRF3-CNTRL-CAB | AF78: QGBT1-TRF3-CNTRL--CAB | AG78: ALR-FAULT-CNTRL | AH78: Allarme guasto centralina | AL78: 1004.11 | AM78: 1004 | AN78: 11 | AQ78: CAB | AR78: QGBT1 | AT78: ALR CNTRL CMD TEMP TRF3 QGBT1 FAULT CAB MAIN | AW78: ['Test 1a']
A79: 10.220.80.16 | B79: CABINA PRINCIPALE | C79: QGBT1 | D79: CENTRALINA CONTROLLO TEMPERATURA | E79: TR3 | F79: HOLDING REGISTER | G79: Allarme | H79: BOOL | I79: 1004.12 | J79: QGBT1 -Allarme Temperatura TR3 | K79: 1004.12 | N79: HOLDING REGISTER | O79: BOOL | P79: CENTRALINA CONTROLLO TEMPERATURA TR3 | R79: QGBT1 -Allarme Temperatura TR3 | U79: Allarme | V79: QGBT1 | W79: CABINA PRINCIPALE | Z79: 10.220.80.16 | AA79: HOLDING_REGISTER | AB79: BINARY | AC79: ALR | AE79: QGBT1-TRF3-CNTRL-CAB | AF79: QGBT1-TRF3-CNTRL--CAB | AL79: 1004.12 | AM79: 1004 | AN79: 12 | AQ79: CAB | AR79: QGBT1 | AT79: ALR CNTRL CMD TEMP TRF3 QGBT1 CAB MAIN
A80: 10.220.80.16 | B80: CABINA PRINCIPALE | C80: QGBT1 | D80: CENTRALINA CONTROLLO TEMPERATURA | E80: TR4 | F80: HOLDING REGISTER | G80: Allarme | H80: BOOL | I80: 1004.13 | J80: QGBT1 -Guasto Centralina Temperatura TR4 | K80: 1004.13 | N80: HOLDING REGISTER | O80: BOOL | P80: CENTRALINA CONTROLLO TEMPERATURA TR4 | R80: QGBT1 -Guasto Centralina Temperatura TR4 | U80: Allarme | V80: QGBT1 | W80: CABINA PRINCIPALE | Z80: 10.220.80.16 | AA80: HOLDING_REGISTER | AB80: BINARY | AC80: ALR | AE80: QGBT1-TRAFO-4-CNTRL-CAB | AF80: QGBT1-TRF-4-CNTRL--CAB | AG80: ALR-FAULT-CNTRL | AH80: Allarme guasto centralina | AL80: 1004.13 | AM80: 1004 | AN80: 13 | AQ80: CAB | AR80: QGBT1 | AT80: ALR CNTRL CMD TEMP TRAFO 4 QGBT1 FAULT CAB MAIN | AW80: ['Test 1a']
A81: 10.220.80.16 | B81: CABINA PRINCIPALE | C81: QGBT1 | D81: CENTRALINA CONTROLLO TEMPERATURA | E81: TR4 | F81: HOLDING REGISTER | G81: Allarme | H81: BOOL | I81: 1004.14 | J81: QGBT1 -Allarme Temperatura TR4 | K81: 1004.14 | N81: HOLDING REGISTER | O81: BOOL | P81: CENTRALINA CONTROLLO TEMPERATURA TR4 | R81: QGBT1 -Allarme Temperatura TR4 | U81: Allarme | V81: QGBT1 | W81: CABINA PRINCIPALE | Z81: 10.220.80.16 | AA81: HOLDING_REGISTER | AB81: BINARY | AC81: ALR | AE81: QGBT1-TRAFO-4-CNTRL-CAB | AF81: QGBT1-TRF-4-CNTRL--CAB | AG81: ALR-CNTRL-TEMP-TRAFO | AH81: Allarme temperatura centralina trafo | AL81: 1004.14 | AM81: 1004 | AN81: 14 | AQ81: CAB | AR81: QGBT1 | AT81: ALR CNTRL CMD TEMP TRAFO 4 QGBT1 CAB MAIN | AW81: ['Test 2b']
A82: 10.220.80.16 | B82: CABINA PRINCIPALE | C82: QGBT1 | D82: REMOTE I/O | E82: RIO | F82: HOLDING REGISTER | G82: Allarme | H82: BOOL | I82: 1004.15 | J82: QGBT1 -ERRORE DI COMUNICAZIONE CON RIO | K82: 1004.15 | N82: HOLDING REGISTER | O82: BOOL | P82: REMOTE I/O RIO | R82: QGBT1 -ERRORE DI COMUNICAZIONE CON RIO | U82: Allarme | V82: QGBT1 | W82: CABINA PRINCIPALE | Z82: 10.220.80.16 | AA82: HOLDING_REGISTER | AB82: BINARY | AC82: ALR | AE82: QGBT1-RIO-CAB | AF82: QGBT1-RIO--CON-CAB | AG82: ALR-COMUNIC | AH82: Allarme comunicazione | AL82: 1004.15 | AM82: 1004 | AN82: 15 | AQ82: CAB | AR82: QGBT1 | AT82: ALR IO REMOT CURRENT O RIO QGBT1 ERROR OF COMUNIC CAB MAIN | AU82: CON | AW82: ['Test 2b']
A83: 10.220.80.16 | B83: CABINA PRINCIPALE | C83: QGBT2 | D83: INTERRUTTORE | E83: 1 | F83: HOLDING REGISTER | G83: Stato | H83: BOOL | I83: 1005.0 | J83: QGBT2 -SEZIONATORE GENERALE QUADRO CHIUSO | K83: 1005.0 | N83: HOLDING REGISTER | O83: BOOL | P83: INTERRUTTORE 1 | R83: QGBT2 -SEZIONATORE GENERALE QUADRO CHIUSO | U83: Stato | V83: QGBT2 | W83: CABINA PRINCIPALE | Z83: 10.220.80.16 | AA83: HOLDING_REGISTER | AB83: BINARY | AC83: ST | AE83: QGBT2-INT-CAB | AF83: QGBT2-INT--INTERRUTTORE1-CAB | AG83: ST-INT-CH | AH83: Stato interruttore chiuso | AL83: 1005.0 | AM83: 1005 | AN83: 0 | AQ83: CAB | AR83: QGBT2 | AT83: ST QGBT2 SEZ GENERAL QUADR CH CAB MAIN INT | AU83: INTERRUTTORE1 | AW83: ['Test 2b']
A84: 10.220.80.16 | B84: CABINA PRINCIPALE | C84: QGBT2 | D84: SCARICATORE SOVRATENSIONI | E84: SPD1 | F84: HOLDING REGISTER | G84: Allarme | H84: BOOL | I84: 1005.1 | J84: QGBT2 -LIMITATORE DI SOVRATENSIONE INTERVENUTO | K84: 1005.1 | N84: HOLDING REGISTER | O84: BOOL | P84: SCARICATORE SOVRATENSIONI SPD1 | R84: QGBT2 -LIMITATORE DI SOVRATENSIONE INTERVENUTO | U84: Allarme | V84: QGBT2 | W84: CABINA PRINCIPALE | Z84: 10.220.80.16 | AA84: HOLDING_REGISTER | AB84: BINARY | AC84: ALR | AE84: QGBT2-SCAR-CAB | AF84: QGBT2-SCAR--SPD1-LIMITATORE-CAB | AG84: ALR-SCAR | AH84: Allarme scaricatore | AL84: 1005.1 | AM84: 1005 | AN84: 1 | AQ84: CAB | AR84: QGBT2 | AT84: ALR SCAR SOVRATENS QGBT2 OF INTERV CAB MAIN | AU84: SPD1 LIMITATORE | AW84: ['Test 2b']
A85: 10.220.80.16 | B85: CABINA PRINCIPALE | C85: QGBT2 | D85: INTERRUTTORE | E85: 4 | F85: HOLDING REGISTER | G85: Stato | H85: BOOL | I85: 1005.2 | J85: QGBT2 -INTERRUTTORE GENERALE TRAFO 1 690Vac CHIUSO | K85: 1005.2 | N85: HOLDING REGISTER | O85: BOOL | P85: INTERRUTTORE 4 | R85: QGBT2 -INTERRUTTORE GENERALE TRAFO 1 690Vac CHIUSO | U85: Stato | V85: QGBT2 | W85: CABINA PRINCIPALE | Z85: 10.220.80.16 | AA85: HOLDING_REGISTER | AB85: BINARY | AC85: ST | AE85: QGBT2-INT-CAB | AF85: QGBT2-INT--INTERRUTTORE4-CAB | AG85: ST-INT-CH | AH85: Stato interruttore chiuso | AL85: 1005.2 | AM85: 1005 | AN85: 2 | AQ85: CAB | AR85: QGBT2 | AT85: 690V ST QGBT2 INT GENERAL TRF1 AC CH CAB MAIN | AU85: INTERRUTTORE4 | AW85: ['Test 2b']
A86: 10.220.80.16 | B86: CABINA PRINCIPALE | C86: QGBT2 | D86: INTERRUTTORE | E86: 4 | F86: HOLDING REGISTER | G86: Allarme | H86: BOOL | I86: 1005.3 | J86: QGBT2 -INTERRUTTORE GENERALE TRAFO 1 690Vac SCATTATO | K86: 1005.3 | N86: HOLDING REGISTER | O86: BOOL | P86: INTERRUTTORE 4 | R86: QGBT2 -INTERRUTTORE GENERALE TRAFO 1 690Vac SCATTATO | U86: Allarme | V86: QGBT2 | W86: CABINA PRINCIPALE | Z86: 10.220.80.16 | AA86: HOLDING_REGISTER | AB86: BINARY | AC86: ALR | AE86: QGBT2-INT-CAB | AF86: QGBT2-INT--INTERRUTTORE4-CAB | AG86: ALR-INT-SCATT | AH86: Allarme interruttore scattato | AL86: 1005.3 | AM86: 1005 | AN86: 3 | AQ86: CAB | AR86: QGBT2 | AT86: 690V ALR QGBT2 INT GENERAL TRF1 AC SCATT CAB MAIN | AU86: INTERRUTTORE4 | AW86: ['Test 1a']
A87: 10.220.80.16 | B87: CABINA PRINCIPALE | C87: QGBT2 | D87: INTERRUTTORE | E87: 5 | F87: HOLDING REGISTER | G87: Stato | H87: BOOL | I87: 1005.4 | J87: QGBT2 -INTERRUTTORE GENERALE TRAFO 2 690Vac CHIUSO | K87: 1005.4 | N87: HOLDING REGISTER | O87: BOOL | P87: INTERRUTTORE 5 | R87: QGBT2 -INTERRUTTORE GENERALE TRAFO 2 690Vac CHIUSO | U87: Stato | V87: QGBT2 | W87: CABINA PRINCIPALE | Z87: 10.220.80.16 | AA87: HOLDING_REGISTER | AB87: BINARY | AC87: ST | AE87: QGBT2-INT-CAB | AF87: QGBT2-INT--INTERRUTTORE5-CAB | AG87: ST-INT-CH | AH87: Stato interruttore chiuso | AL87: 1005.4 | AM87: 1005 | AN87: 4 | AQ87: CAB | AR87: QGBT2 | AT87: 690V ST QGBT2 INT GENERAL TRF2 AC CH CAB MAIN | AU87: INTERRUTTORE5 | AW87: ['Test 2b']
A88: 10.220.80.16 | B88: CABINA PRINCIPALE | C88: QGBT2 | D88: INTERRUTTORE | E88: 5 | F88: HOLDING REGISTER | G88: Allarme | H88: BOOL | I88: 1005.5 | J88: QGBT2 -INTERRUTTORE GENERALE TRAFO 2 690Vac SCATTATO | K88: 1005.5 | N88: HOLDING REGISTER | O88: BOOL | P88: INTERRUTTORE 5 | R88: QGBT2 -INTERRUTTORE GENERALE TRAFO 2 690Vac SCATTATO | U88: Allarme | V88: QGBT2 | W88: CABINA PRINCIPALE | Z88: 10.220.80.16 | AA88: HOLDING_REGISTER | AB88: BINARY | AC88: ALR | AE88: QGBT2-INT-CAB | AF88: QGBT2-INT--INTERRUTTORE5-CAB | AG88: ALR-INT-SCATT | AH88: Allarme interruttore scattato | AL88: 1005.5 | AM88: 1005 | AN88: 5 | AQ88: CAB | AR88: QGBT2 | AT88: 690V ALR QGBT2 INT GENERAL TRF2 AC SCATT CAB MAIN | AU88: INTERRUTTORE5 | AW88: ['Test 1a']
A89: 10.220.80.16 | B89: CABINA PRINCIPALE | C89: QGBT2 | D89: INTERRUTTORE | E89: 8 | F89: HOLDING REGISTER | G89: Stato | H89: BOOL | I89: 1005.6 | J89: QGBT2 -INTERRUTTORE AUX QVENT2 CHIUSO | K89: 1005.6 | N89: HOLDING REGISTER | O89: BOOL | P89: INTERRUTTORE 8 | R89: QGBT2 -INTERRUTTORE AUX QVENT2 CHIUSO | U89: Stato | V89: QGBT2 | W89: CABINA PRINCIPALE | Z89: 10.220.80.16 | AA89: HOLDING_REGISTER | AB89: BINARY | AC89: ST | AE89: QGBT2QVENT2-INT-CAB | AF89: INT--QVENT2-INTERRUTTORE8-CAB | AG89: ST-INT-CH | AH89: Stato interruttore chiuso | AL89: 1005.6 | AM89: 1005 | AN89: 6 | AQ89: CAB | AR89: QGBT2QVENT2 | AT89: ST QGBT2 INT AUX CH CAB MAIN | AU89: QVENT2 INTERRUTTORE8 | AW89: ['Test 2b']
A90: 10.220.80.16 | B90: CABINA PRINCIPALE | C90: QGBT2 | D90: INTERRUTTORE | E90: 8 | F90: HOLDING REGISTER | G90: Allarme | H90: BOOL | I90: 1005.7 | J90: QGBT2 -INTERRUTTORE AUX QVENT2 SCATTATO | K90: 1005.7 | N90: HOLDING REGISTER | O90: BOOL | P90: INTERRUTTORE 8 | R90: QGBT2 -INTERRUTTORE AUX QVENT2 SCATTATO | U90: Allarme | V90: QGBT2 | W90: CABINA PRINCIPALE | Z90: 10.220.80.16 | AA90: HOLDING_REGISTER | AB90: BINARY | AC90: ALR | AE90: QGBT2QVENT2-INT-CAB | AF90: INT--QVENT2-INTERRUTTORE8-CAB | AG90: ALR-INT-SCATT | AH90: Allarme interruttore scattato | AL90: 1005.7 | AM90: 1005 | AN90: 7 | AQ90: CAB | AR90: QGBT2QVENT2 | AT90: ALR QGBT2 INT AUX SCATT CAB MAIN | AU90: QVENT2 INTERRUTTORE8 | AW90: ['Test 1a']
A91: 10.220.80.16 | B91: CABINA PRINCIPALE | C91: QGBT2 | D91: INTERRUTTORE | E91: 9 | F91: HOLDING REGISTER | G91: Stato | H91: BOOL | I91: 1005.8 | J91: QGBT2 -INTERRUTTORE Q_VES SEZIONE PRIVILEGIATA CHIUSO | K91: 1005.8 | N91: HOLDING REGISTER | O91: BOOL | P91: INTERRUTTORE 9 | R91: QGBT2 -INTERRUTTORE Q_VES SEZIONE PRIVILEGIATA CHIUSO | U91: Stato | V91: QGBT2 | W91: CABINA PRINCIPALE | Z91: 10.220.80.16 | AA91: HOLDING_REGISTER | AB91: BINARY | AC91: ST | AE91: QGBT2Q-INT-CAB | AF91: INT--VES-Q-SEZIONE-INTERRUTTORE9-CAB | AG91: ST-INT-CH | AH91: Stato interruttore chiuso | AL91: 1005.8 | AM91: 1005 | AN91: 8 | AQ91: CAB | AR91: QGBT2Q | AT91: ST QGBT2 INT PRIVIL CH CAB MAIN | AU91: VES Q SEZIONE INTERRUTTORE9 | AW91: ['Test 2b']
A92: 10.220.80.16 | B92: CABINA PRINCIPALE | C92: QGBT2 | D92: INTERRUTTORE | E92: 9 | F92: HOLDING REGISTER | G92: Allarme | H92: BOOL | I92: 1005.9 | J92: QGBT2 -INTERRUTTORE Q_VES SEZIONE PRIVILEGIATA SCATTATO | K92: 1005.9 | N92: HOLDING REGISTER | O92: BOOL | P92: INTERRUTTORE 9 | R92: QGBT2 -INTERRUTTORE Q_VES SEZIONE PRIVILEGIATA SCATTATO | U92: Allarme | V92: QGBT2 | W92: CABINA PRINCIPALE | Z92: 10.220.80.16 | AA92: HOLDING_REGISTER | AB92: BINARY | AC92: ALR | AE92: QGBT2Q-INT-CAB | AF92: INT--VES-Q-SEZIONE-INTERRUTTORE9-CAB | AG92: ALR-INT-SCATT | AH92: Allarme interruttore scattato | AL92: 1005.9 | AM92: 1005 | AN92: 9 | AQ92: CAB | AR92: QGBT2Q | AT92: ALR QGBT2 INT PRIVIL SCATT CAB MAIN | AU92: VES Q SEZIONE INTERRUTTORE9 | AW92: ['Test 1a']
A93: 10.220.80.16 | B93: CABINA PRINCIPALE | C93: QGBT2 | D93: INTERRUTTORE | E93: 10 | F93: HOLDING REGISTER | G93: Stato | H93: BOOL | I93: 1005.10 | J93: QGBT2 -INTERRUTTORE Q_PIAZZOLA SEZIONE PRIVILEGIATA CHIUSO | K93: 1005.10 | N93: HOLDING REGISTER | O93: BOOL | P93: INTERRUTTORE 10 | R93: QGBT2 -INTERRUTTORE Q_PIAZZOLA SEZIONE PRIVILEGIATA CHIUSO | U93: Stato | V93: QGBT2 | W93: CABINA PRINCIPALE | Z93: 10.220.80.16 | AA93: HOLDING_REGISTER | AB93: BINARY | AC93: ST | AE93: QGBT2Q-INT-CAB | AF93: INT--Q-SEZIONE-PIAZZOLA-INTERRUTTORE10-CAB | AG93: ST-INT-CH | AH93: Stato interruttore chiuso | AL93: 1005.10 | AM93: 1005 | AN93: 10 | AQ93: CAB | AR93: QGBT2Q | AT93: ST QGBT2 INT PRIVIL CH CAB MAIN | AU93: Q SEZIONE PIAZZOLA INTERRUTTORE10 | AW93: ['Test 2b']
... A104: 10.220.80.16 | B104: CABINA PRINCIPALE | C104: QGBT2 | D104: INTERRUTTORE | E104: 21 | F104: HOLDING REGISTER | G104: Allarme | H104: BOOL | I104: 1006.5 | J104: QGBT2 -INTERRUTTORE RISERVA SCATTATO | K104: 1006.5 | N104: HOLDING REGISTER | O104: BOOL | P104: INTERRUTTORE 21 | R104: QGBT2 -INTERRUTTORE RISERVA SCATTATO | U104: Allarme | V104: QGBT2 | W104: CABINA PRINCIPALE | Z104: 10.220.80.16 | AA104: HOLDING_REGISTER | AB104: BINARY | AC104: ALR | AE104: QGBT2-INT-CAB | AF104: QGBT2-INT-INTERRUTTORE21-CAB | AG104: ALR-INT-SCATT | AH104: Allarme interruttore scattato | AL104: 1006.5 | AM104: 1006 | AN104: 5 | AQ104: CAB | AR104: QGBT2 | AT104: ALR QGBT2 INT RESERV SCATT CAB MAIN | AU104: INTERRUTTORE21 | AW104: ['Test 1a']
A105: 10.220.80.16 | B105: CABINA PRINCIPALE | C105: QGBT2 | D105: CENTRALINA CONTROLLO TEMPERATURA | E105: TR5_ALL | F105: HOLDING REGISTER | G105: Allarme | H105: BOOL | I105: 1006.6 | J105: QGBT2 -Allarme Temperatura TR5 | K105: 1006.6 | N105: HOLDING REGISTER | O105: BOOL | P105: CENTRALINA CONTROLLO TEMPERATURA TR5_ALL | R105: QGBT2 -Allarme Temperatura TR5 | U105: Allarme | V105: QGBT2 | W105: CABINA PRINCIPALE | Z105: 10.220.80.16 | AA105: HOLDING_REGISTER | AB105: BINARY | AC105: ALR | AE105: QGBT2-TRF5-CNTRL-CAB | AF105: QGBT2-TRF5-CNTRL--CAB | AL105: 1006.6 | AM105: 1006 | AN105: 6 | AQ105: CAB | AR105: QGBT2 | AT105: ALR CNTRL CMD TEMP TRF5 QGBT2 CAB MAIN
A106: 10.220.80.16 | B106: CABINA PRINCIPALE | C106: QGBT2 | D106: CENTRALINA CONTROLLO TEMPERATURA | E106: TR5_FAULT | F106: HOLDING REGISTER | G106: Allarme | H106: BOOL | I106: 1006.7 | J106: QGBT2 -Guasto Centralina Temperatura TR5 | K106: 1006.7 | N106: HOLDING REGISTER | O106: BOOL | P106: CENTRALINA CONTROLLO TEMPERATURA TR5_FAULT | R106: QGBT2 -Guasto Centralina Temperatura TR5 | U106: Allarme | V106: QGBT2 | W106: CABINA PRINCIPALE | Z106: 10.220.80.16 | AA106: HOLDING_REGISTER | AB106: BINARY | AC106: ALR | AE106: QGBT2-TRF5-CNTRL-CAB | AF106: QGBT2-TRF5-CNTRL--CAB | AG106: ALR-FAULT-CNTRL | AH106: Allarme guasto centralina | AL106: 1006.7 | AM106: 1006 | AN106: 7 | AQ106: CAB | AR106: QGBT2 | AT106: ALR CNTRL CMD TEMP TRF5 FAULT QGBT2 CAB MAIN | AW106: ['Test 1a']
A107: 10.220.80.16 | B107: CABINA PRINCIPALE | C107: QGBT2 | D107: CENTRALINA CONTROLLO TEMPERATURA | E107: TR6_ALL | F107: HOLDING REGISTER | G107: Allarme | H107: BOOL | I107: 1006.8 | J107: QGBT2 -Allarme Temperatura TR6 | K107: 1006.8 | N107: HOLDING REGISTER | O107: BOOL | P107: CENTRALINA CONTROLLO TEMPERATURA TR6_ALL | R107: QGBT2 -Allarme Temperatura TR6 | U107: Allarme | V107: QGBT2 | W107: CABINA PRINCIPALE | Z107: 10.220.80.16 | AA107: HOLDING_REGISTER | AB107: BINARY | AC107: ALR | AE107: QGBT2-CNTRL-CAB | AF107: QGBT2-CNTRL--TR6-CAB | AL107: 1006.8 | AM107: 1006 | AN107: 8 | AQ107: CAB | AR107: QGBT2 | AT107: ALR CNTRL CMD TEMP QGBT2 CAB MAIN | AU107: TR6
A108: 10.220.80.16 | B108: CABINA PRINCIPALE | C108: QGBT2 | D108: CENTRALINA CONTROLLO TEMPERATURA | E108: TR6_FAULT | F108: HOLDING REGISTER | G108: Allarme | H108: BOOL | I108: 1006.9 | J108: QGBT2 -Guasto Centralina Temperatura TR6 | K108: 1006.9 | N108: HOLDING REGISTER | O108: BOOL | P108: CENTRALINA CONTROLLO TEMPERATURA TR6_FAULT | R108: QGBT2 -Guasto Centralina Temperatura TR6 | U108: Allarme | V108: QGBT2 | W108: CABINA PRINCIPALE | Z108: 10.220.80.16 | AA108: HOLDING_REGISTER | AB108: BINARY | AC108: ALR | AE108: QGBT2-CNTRL-CAB | AF108: QGBT2-CNTRL--TR6-CAB | AG108: ALR-FAULT-CNTRL | AH108: Allarme guasto centralina | AL108: 1006.9 | AM108: 1006 | AN108: 9 | AQ108: CAB | AR108: QGBT2 | AT108: ALR CNTRL CMD TEMP FAULT QGBT2 CAB MAIN | AU108: TR6 | AW108: ['Test 1a']
A109: 10.220.80.16 | B109: CABINA PRINCIPALE | C109: QGBT2 | D109: REMOTE I/O | E109: RIO | F109: HOLDING REGISTER | G109: Allarme | H109: BOOL | I109: 1006.10 | J109: QGBT2 -ERRORE DI COMUNICAZIONE CON RIO | K109: 1006.10 | N109: HOLDING REGISTER | O109: BOOL | P109: REMOTE I/O RIO | R109: QGBT2 -ERRORE DI COMUNICAZIONE CON RIO | U109: Allarme | V109: QGBT2 | W109: CABINA PRINCIPALE | Z109: 10.220.80.16 | AA109: HOLDING_REGISTER | AB109: BINARY | AC109: ALR | AE109: QGBT2-RIO-CAB | AF109: QGBT2-RIO--CON-CAB | AG109: ALR-COMUNIC | AH109: Allarme comunicazione | AL109: 1006.10 | AM109: 1006 | AN109: 10 | AQ109: CAB | AR109: QGBT2 | AT109: ALR IO REMOT CURRENT O RIO QGBT2 ERROR OF COMUNIC CAB MAIN | AU109: CON | AW109: ['Test 2b']
A110: 10.220.80.16 | B110: CABINA PRINCIPALE | C110: QSC | D110: INTERRUTTORE | E110: 1 | F110: HOLDING REGISTER | G110: Stato | H110: BOOL | I110: 1006.11 | J110: QSC -SEZIONATORE GENERALE QUADRO CHIUSO | K110: 1006.11 | N110: HOLDING REGISTER | O110: BOOL | P110: INTERRUTTORE 1 | R110: QSC -SEZIONATORE GENERALE QUADRO CHIUSO | U110: Stato | V110: QSC | W110: CABINA PRINCIPALE | Z110: 10.220.80.16 | AA110: HOLDING_REGISTER | AB110: BINARY | AC110: ST | AE110: QSC-INT-CAB | AF110: QSC-INT--INTERRUTTORE1-CAB | AG110: ST-INT-CH | AH110: Stato interruttore chiuso | AL110: 1006.11 | AM110: 1006 | AN110: 11 | AQ110: CAB | AR110: QSC | AT110: ST QSC SEZ GENERAL QUADR CH CAB MAIN INT | AU110: INTERRUTTORE1 | AW110: ['Test 2b']
A111: 10.220.80.16 | B111: CABINA PRINCIPALE | C111: QSC | D111: SCARICATORE SOVRATENSIONI | E111: SPD1 | F111: HOLDING REGISTER | G111: Allarme | H111: BOOL | I111: 1006.12 | J111: QSC -LIMITATORE DI SOVRATENSIONE INTERVENUTO SEZ. NORMALE | K111: 1006.12 | N111: HOLDING REGISTER | O111: BOOL | P111: SCARICATORE SOVRATENSIONI SPD1 | R111: QSC -LIMITATORE DI SOVRATENSIONE INTERVENUTO SEZ. NORMALE | U111: Allarme | V111: QSC | W111: CABINA PRINCIPALE | Z111: 10.220.80.16 | AA111: HOLDING_REGISTER | AB111: BINARY | AC111: ALR | AE111: QSC-SCAR-CAB | AF111: QSC-SCAR--SPD1-LIMITATORE-CAB | AG111: ALR-SCAR-SOVRATENS | AH111: Allarme scaricatore sovratensione | AL111: 1006.12 | AM111: 1006 | AN111: 12 | AQ111: CAB | AR111: QSC | AT111: ALR SCAR SOVRATENS QSC OF INTERV SEZ NORMAL CAB MAIN | AU111: SPD1 LIMITATORE | AW111: ['Test 2b']
A112: 10.220.80.16 | B112: CABINA PRINCIPALE | C112: QSC | D112: INTERRUTTORE | E112: 3 | F112: HOLDING REGISTER | G112: Stato | H112: BOOL | I112: 1006.13 | J112: QSC -INTERRUTTORE QSBT CHIUSO | K112: 1006.13 | N112: HOLDING REGISTER | O112: BOOL | P112: INTERRUTTORE 3 | R112: QSC -INTERRUTTORE QSBT CHIUSO | U112: Stato | V112: QSC | W112: CABINA PRINCIPALE | Z112: 10.220.80.16 | AA112: HOLDING_REGISTER | AB112: BINARY | AC112: ST | AE112: QSCQSBT-INT-CAB | AF112: INT--INTERRUTTORE3-QSBT-CAB | AG112: ST-INT-CH | AH112: Stato interruttore chiuso | AL112: 1006.13 | AM112: 1006 | AN112: 13 | AQ112: CAB | AR112: QSCQSBT | AT112: ST QSC INT CH CAB MAIN | AU112: INTERRUTTORE3 QSBT | AW112: ['Test 2b']
A113: 10.220.80.16 | B113: CABINA PRINCIPALE | C113: QSC | D113: INTERRUTTORE | E113: 3 | F113: HOLDING REGISTER | G113: Allarme | H113: BOOL | I113: 1006.14 | J113: QSC -INTERRUTTORE QSBT SCATTATO | K113: 1006.14 | N113: HOLDING REGISTER | O113: BOOL | P113: INTERRUTTORE 3 | R113: QSC -INTERRUTTORE QSBT SCATTATO | U113: Allarme | V113: QSC | W113: CABINA PRINCIPALE | Z113: 10.220.80.16 | AA113: HOLDING_REGISTER | AB113: BINARY | AC113: ALR | AE113: QSCQSBT-INT-CAB | AF113: INT--INTERRUTTORE3-QSBT-CAB | AG113: ALR-INT-SCATT | AH113: Allarme interruttore scattato | AL113: 1006.14 | AM113: 1006 | AN113: 14 | AQ113: CAB | AR113: QSCQSBT | AT113: ALR QSC INT SCATT CAB MAIN | AU113: INTERRUTTORE3 QSBT | AW113: ['Test 1a']
A114: 10.220.80.16 | B114: CABINA PRINCIPALE | C114: QSC | D114: INTERRUTTORE | E114: 4 | F114: HOLDING REGISTER | G114: Stato | H114: BOOL | I114: 1006.15 | J114: QSC -INTERRUTTORE QSMT CHIUSO | K114: 1006.15 | N114: HOLDING REGISTER | O114: BOOL | P114: INTERRUTTORE 4 | R114: QSC -INTERRUTTORE QSMT CHIUSO | U114: Stato | V114: QSC | W114: CABINA PRINCIPALE | Z114: 10.220.80.16 | AA114: HOLDING_REGISTER | AB114: BINARY | AC114: ST | AE114: QSCQSMT-INT-CAB | AF114: INT--INTERRUTTORE4-QSMT-CAB | AG114: ST-INT-CH | AH114: Stato interruttore chiuso | AL114: 1006.15 | AM114: 1006 | AN114: 15 | AQ114: CAB | AR114: QSCQSMT | AT114: ST QSC INT CH CAB MAIN | AU114: INTERRUTTORE4 QSMT | AW114: ['Test 2b']
A115: 10.220.80.16 | B115: CABINA PRINCIPALE | C115: QSC | D115: INTERRUTTORE | E115: 4 | F115: HOLDING REGISTER | G115: Allarme | H115: BOOL | I115: 1007.0 | J115: QSC -INTERRUTTORE QSMT SCATTATO | K115: 1007.0 | N115: HOLDING REGISTER | O115: BOOL | P115: INTERRUTTORE 4 | R115: QSC -INTERRUTTORE QSMT SCATTATO | U115: Allarme | V115: QSC | W115: CABINA PRINCIPALE | Z115: 10.220.80.16 | AA115: HOLDING_REGISTER | AB115: BINARY | AC115: ALR | AE115: QSCQSMT-INT-CAB | AF115: INT--INTERRUTTORE4-QSMT-CAB | AG115: ALR-INT-SCATT | AH115: Allarme interruttore scattato | AL115: 1007.0 | AM115: 1007 | AN115: 0 | AQ115: CAB | AR115: QSCQSMT | AT115: ALR QSC INT SCATT CAB MAIN | AU115: INTERRUTTORE4 QSMT | AW115: ['Test 1a']
A116: 10.220.80.16 | B116: CABINA PRINCIPALE | C116: QSC | D116: INTERRUTTORE | E116: 5 | F116: HOLDING REGISTER | G116: Stato | H116: BOOL | I116: 1007.1 | J116: QSC -INTERRUTTORE QSGE CHIUSO | K116: 1007.1 | N116: HOLDING REGISTER | O116: BOOL | P116: INTERRUTTORE 5 | R116: QSC -INTERRUTTORE QSGE CHIUSO | U116: Stato | V116: QSC | W116: CABINA PRINCIPALE | Z116: 10.220.80.16 | AA116: HOLDING_REGISTER | AB116: BINARY | AC116: ST | AE116: QSCQSGE-INT-CAB | AF116: INT--QSGE-INTERRUTTORE5-CAB | AG116: ST-INT-CH | AH116: Stato interruttore chiuso | AL116: 1007.1 | AM116: 1007 | AN116: 1 | AQ116: CAB | AR116: QSCQSGE | AT116: ST QSC INT CH CAB MAIN | AU116: QSGE INTERRUTTORE5 | AW116: ['Test 2b']
A117: 10.220.80.16 | B117: CABINA PRINCIPALE | C117: QSC | D117: INTERRUTTORE | E117: 5 | F117: HOLDING REGISTER | G117: Allarme | H117: BOOL | I117: 1007.2 | J117: QSC -INTERRUTTORE QSGE SCATTATO | K117: 1007.2 | N117: HOLDING REGISTER | O117: BOOL | P117: INTERRUTTORE 5 | R117: QSC -INTERRUTTORE QSGE SCATTATO | U117: Allarme | V117: QSC | W117: CABINA PRINCIPALE | Z117: 10.220.80.16 | AA117: HOLDING_REGISTER | AB117: BINARY | AC117: ALR | AE117: QSCQSGE-INT-CAB | AF117: INT--QSGE-INTERRUTTORE5-CAB | AG117: ALR-INT-SCATT | AH117: Allarme interruttore scattato | AL117: 1007.2 | AM117: 1007 | AN117: 2 | AQ117: CAB | AR117: QSCQSGE | AT117: ALR QSC INT SCATT CAB MAIN | AU117: QSGE INTERRUTTORE5 | AW117: ['Test 1a']
A118: 10.220.80.16 | B118: CABINA PRINCIPALE | C118: QSC | D118: INTERRUTTORE | E118: 6 | F118: HOLDING REGISTER | G118: Stato | H118: BOOL | I118: 1007.3 | J118: QSC -INTERRUTTORE QESP CHIUSO | K118: 1007.3 | N118: HOLDING REGISTER | O118: BOOL | P118: INTERRUTTORE 6 | R118: QSC -INTERRUTTORE QESP CHIUSO | U118: Stato | V118: QSC | W118: CABINA PRINCIPALE | Z118: 10.220.80.16 | AA118: HOLDING_REGISTER | AB118: BINARY | AC118: ST | AE118: QSCQESP-INT-CAB | AF118: INT--INTERRUTTORE6-QESP-CAB | AG118: ST-INT-CH | AH118: Stato interruttore chiuso | AL118: 1007.3 | AM118: 1007 | AN118: 3 | AQ118: CAB | AR118: QSCQESP | AT118: ST QSC INT CH CAB MAIN | AU118: INTERRUTTORE6 QESP | AW118: ['Test 2b']
A119: 10.220.80.16 | B119: CABINA PRINCIPALE | C119: QSC | D119: INTERRUTTORE | E119: 6 | F119: HOLDING REGISTER | G119: Allarme | H119: BOOL | I119: 1007.4 | J119: QSC -INTERRUTTORE QESP SCATTATO | K119: 1007.4 | N119: HOLDING REGISTER | O119: BOOL | P119: INTERRUTTORE 6 | R119: QSC -INTERRUTTORE QESP SCATTATO | U119: Allarme | V119: QSC | W119: CABINA PRINCIPALE | Z119: 10.220.80.16 | AA119: HOLDING_REGISTER | AB119: BINARY | AC119: ALR | AE119: QSCQESP-INT-CAB | AF119: INT--INTERRUTTORE6-QESP-CAB | AG119: ALR-INT-SCATT | AH119: Allarme interruttore scattato | AL119: 1007.4 | AM119: 1007 | AN119: 4 | AQ119: CAB | AR119: QSCQESP | AT119: ALR QSC INT SCATT CAB MAIN | AU119: INTERRUTTORE6 QESP | AW119: ['Test 1a']
... A139: 10.220.80.16 | B139: CABINA PRINCIPALE | C139: QSC | D139: INTERRUTTORE | E139: 30 | F139: HOLDING REGISTER | G139: Allarme | H139: BOOL | I139: 1008.8 | J139: QSC -INTERRUTTORE RISERVA SCATTATO | K139: 1008.8 | N139: HOLDING REGISTER | O139: BOOL | P139: INTERRUTTORE 30 | R139: QSC -INTERRUTTORE RISERVA SCATTATO | U139: Allarme | V139: QSC | W139: CABINA PRINCIPALE | Z139: 10.220.80.16 | AA139: HOLDING_REGISTER | AB139: BINARY | AC139: ALR | AE139: QSC-INT-CAB | AF139: QSC-INT--INTERRUTTORE30-CAB | AG139: ALR-INT-SCATT | AH139: Allarme interruttore scattato | AL139: 1008.8 | AM139: 1008 | AN139: 8 | AQ139: CAB | AR139: QSC | AT139: ALR QSC INT RESERV SCATT CAB MAIN | AU139: INTERRUTTORE30 | AW139: ['Test 1a']
A140: 10.220.80.16 | B140: CABINA PRINCIPALE | C140: QSC | D140: INTERRUTTORE | E140: 32 | F140: HOLDING REGISTER | G140: Stato | H140: BOOL | I140: 1008.9 | J140: QSC -INTERRUTTORE Q_MOTOPOMPA GR.PRESS.NE CHIUSO | K140: 1008.9 | N140: HOLDING REGISTER | O140: BOOL | P140: INTERRUTTORE 32 | R140: QSC -INTERRUTTORE Q_MOTOPOMPA GR.PRESS.NE CHIUSO | U140: Stato | V140: QSC | W140: CABINA PRINCIPALE | Z140: 10.220.80.16 | AA140: HOLDING_REGISTER | AB140: BINARY | AC140: ST | AE140: QSCQ-INT-CAB | AF140: INT-INTERRUTTORE32-GR-Q-CAB | AG140: ST-INT-CH | AH140: Stato interruttore chiuso | AL140: 1008.9 | AM140: 1008 | AN140: 9 | AQ140: CAB | AR140: QSCQ | AS140: NE | AT140: ST QSC INT PUMP PRESS NE CH CAB MAIN | AU140: INTERRUTTORE32 GR Q | AW140: ['Test 2b']
A141: 10.220.80.16 | B141: CABINA PRINCIPALE | C141: QSC | D141: INTERRUTTORE | E141: 32 | F141: HOLDING REGISTER | G141: Allarme | H141: BOOL | I141: 1008.10 | J141: QSC -INTERRUTTORE Q_MOTOPOMPA GR.PRESS.NE SCATTATO | K141: 1008.10 | N141: HOLDING REGISTER | O141: BOOL | P141: INTERRUTTORE 32 | R141: QSC -INTERRUTTORE Q_MOTOPOMPA GR.PRESS.NE SCATTATO | U141: Allarme | V141: QSC | W141: CABINA PRINCIPALE | Z141: 10.220.80.16 | AA141: HOLDING_REGISTER | AB141: BINARY | AC141: ALR | AE141: QSCQ-INT-CAB | AF141: INT-INTERRUTTORE32-GR-Q-CAB | AG141: ALR-INT-SCATT | AH141: Allarme interruttore scattato | AL141: 1008.10 | AM141: 1008 | AN141: 10 | AQ141: CAB | AR141: QSCQ | AS141: NE | AT141: ALR QSC INT PUMP PRESS NE SCATT CAB MAIN | AU141: INTERRUTTORE32 GR Q | AW141: ['Test 1a']
A142: 10.220.80.16 | B142: CABINA PRINCIPALE | C142: QSC | D142: INTERRUTTORE | E142: 33 | F142: HOLDING REGISTER | G142: Stato | H142: BOOL | I142: 1008.11 | J142: QSC -INTERRUTTORE Q_POMPA PILOTA GR.PRESS.NE CHIUSO | K142: 1008.11 | N142: HOLDING REGISTER | O142: BOOL | P142: INTERRUTTORE 33 | R142: QSC -INTERRUTTORE Q_POMPA PILOTA GR.PRESS.NE CHIUSO | U142: Stato | V142: QSC | W142: CABINA PRINCIPALE | Z142: 10.220.80.16 | AA142: HOLDING_REGISTER | AB142: BINARY | AC142: ST | AE142: QSCQ-INT-CAB | AF142: INT--GR-Q-INTERRUTTORE33-CAB | AG142: ST-INT-CH | AH142: Stato interruttore chiuso | AL142: 1008.11 | AM142: 1008 | AN142: 11 | AQ142: CAB | AR142: QSCQ | AS142: NE | AT142: ST QSC INT PUMP PILOT PRESS NE CH CAB MAIN | AU142: GR Q INTERRUTTORE33 | AW142: ['Test 2b']
A143: 10.220.80.16 | B143: CABINA PRINCIPALE | C143: QSC | D143: INTERRUTTORE | E143: 33 | F143: HOLDING REGISTER | G143: Allarme | H143: BOOL | I143: 1008.12 | J143: QSC -INTERRUTTORE Q_POMPA PILOTA GR.PRESS.NE SCATTATO | K143: 1008.12 | N143: HOLDING REGISTER | O143: BOOL | P143: INTERRUTTORE 33 | R143: QSC -INTERRUTTORE Q_POMPA PILOTA GR.PRESS.NE SCATTATO | U143: Allarme | V143: QSC | W143: CABINA PRINCIPALE | Z143: 10.220.80.16 | AA143: HOLDING_REGISTER | AB143: BINARY | AC143: ALR | AE143: QSCQ-INT-CAB | AF143: INT--GR-Q-INTERRUTTORE33-CAB | AG143: ALR-INT-SCATT | AH143: Allarme interruttore scattato | AL143: 1008.12 | AM143: 1008 | AN143: 12 | AQ143: CAB | AR143: QSCQ | AS143: NE | AT143: ALR QSC INT PUMP PILOT PRESS NE SCATT CAB MAIN | AU143: GR Q INTERRUTTORE33 | AW143: ['Test 1a']
A144: 10.220.80.16 | B144: CABINA PRINCIPALE | C144: QSC | D144: INTERRUTTORE | E144: 34 | F144: HOLDING REGISTER | G144: Stato | H144: BOOL | I144: 1008.13 | J144: QSC -INTERRUTTORE Q_SERVIZI GR.PRESS.NE CHIUSO | K144: 1008.13 | N144: HOLDING REGISTER | O144: BOOL | P144: INTERRUTTORE 34 | R144: QSC -INTERRUTTORE Q_SERVIZI GR.PRESS.NE CHIUSO | U144: Stato | V144: QSC | W144: CABINA PRINCIPALE | Z144: 10.220.80.16 | AA144: HOLDING_REGISTER | AB144: BINARY | AC144: ST | AE144: QSCQ-INT-CAB | AF144: INT--GR-Q-INTERRUTTORE34-SERVIZI-CAB | AG144: ST-INT-CH | AH144: Stato interruttore chiuso | AL144: 1008.13 | AM144: 1008 | AN144: 13 | AQ144: CAB | AR144: QSCQ | AS144: NE | AT144: ST QSC INT PRESS NE CH CAB MAIN | AU144: GR Q INTERRUTTORE34 SERVIZI | AW144: ['Test 2b']
A145: 10.220.80.16 | B145: CABINA PRINCIPALE | C145: QSC | D145: INTERRUTTORE | E145: 34 | F145: HOLDING REGISTER | G145: Allarme | H145: BOOL | I145: 1008.14 | J145: QSC -INTERRUTTORE Q_SERVIZI GR.PRESS.NE SCATTATO | K145: 1008.14 | N145: HOLDING REGISTER | O145: BOOL | P145: INTERRUTTORE 34 | R145: QSC -INTERRUTTORE Q_SERVIZI GR.PRESS.NE SCATTATO | U145: Allarme | V145: QSC | W145: CABINA PRINCIPALE | Z145: 10.220.80.16 | AA145: HOLDING_REGISTER | AB145: BINARY | AC145: ALR | AE145: QSCQ-INT-CAB | AF145: INT--GR-Q-INTERRUTTORE34-SERVIZI-CAB | AG145: ALR-INT-SCATT | AH145: Allarme interruttore scattato | AL145: 1008.14 | AM145: 1008 | AN145: 14 | AQ145: CAB | AR145: QSCQ | AS145: NE | AT145: ALR QSC INT PRESS NE SCATT CAB MAIN | AU145: GR Q INTERRUTTORE34 SERVIZI | AW145: ['Test 1a']
A146: 10.220.80.16 | B146: CABINA PRINCIPALE | C146: QSC | D146: INTERRUTTORE | E146: 36 | F146: HOLDING REGISTER | G146: Stato | H146: BOOL | I146: 1008.15 | J146: QSC -INTERRUTTORE AUX QGBT1 CHIUSO | K146: 1008.15 | N146: HOLDING REGISTER | O146: BOOL | P146: INTERRUTTORE 36 | R146: QSC -INTERRUTTORE AUX QGBT1 CHIUSO | U146: Stato | V146: QSC | W146: CABINA PRINCIPALE | Z146: 10.220.80.16 | AA146: HOLDING_REGISTER | AB146: BINARY | AC146: ST | AE146: QSC-INT-CAB | AF146: QSC-INT--INTERRUTTORE36-CAB | AG146: ST-INT-CH | AH146: Stato interruttore chiuso | AL146: 1008.15 | AM146: 1008 | AN146: 15 | AQ146: CAB | AR146: QSC | AT146: ST QSC INT AUX QGBT1 CH CAB MAIN | AU146: INTERRUTTORE36 | AW146: ['Test 2b']
A147: 10.220.80.16 | B147: CABINA PRINCIPALE | C147: QSC | D147: INTERRUTTORE | E147: 36 | F147: HOLDING REGISTER | G147: Allarme | H147: BOOL | I147: 1009.0 | J147: QSC -INTERRUTTORE AUX QGBT1 SCATTATO | K147: 1009.0 | N147: HOLDING REGISTER | O147: BOOL | P147: INTERRUTTORE 36 | R147: QSC -INTERRUTTORE AUX QGBT1 SCATTATO | U147: Allarme | V147: QSC | W147: CABINA PRINCIPALE | Z147: 10.220.80.16 | AA147: HOLDING_REGISTER | AB147: BINARY | AC147: ALR | AE147: QSC-INT-CAB | AF147: QSC-INT--INTERRUTTORE36-CAB | AG147: ALR-INT-SCATT | AH147: Allarme interruttore scattato | AL147: 1009.0 | AM147: 1009 | AN147: 0 | AQ147: CAB | AR147: QSC | AT147: ALR QSC INT AUX QGBT1 SCATT CAB MAIN | AU147: INTERRUTTORE36 | AW147: ['Test 1a']
A148: 10.220.80.16 | B148: CABINA PRINCIPALE | C148: QSC | D148: INTERRUTTORE | E148: 37 | F148: HOLDING REGISTER | G148: Stato | H148: BOOL | I148: 1009.1 | J148: QSC -INTERRUTTORE AUX QGBT2 CHIUSO | K148: 1009.1 | N148: HOLDING REGISTER | O148: BOOL | P148: INTERRUTTORE 37 | R148: QSC -INTERRUTTORE AUX QGBT2 CHIUSO | U148: Stato | V148: QSC | W148: CABINA PRINCIPALE | Z148: 10.220.80.16 | AA148: HOLDING_REGISTER | AB148: BINARY | AC148: ST | AE148: QSC-INT-CAB | AF148: QSC-INT--INTERRUTTORE37-CAB | AG148: ST-INT-CH | AH148: Stato interruttore chiuso | AL148: 1009.1 | AM148: 1009 | AN148: 1 | AQ148: CAB | AR148: QSC | AT148: ST QSC INT AUX QGBT2 CH CAB MAIN | AU148: INTERRUTTORE37 | AW148: ['Test 2b']
A149: 10.220.80.16 | B149: CABINA PRINCIPALE | C149: QSC | D149: INTERRUTTORE | E149: 37 | F149: HOLDING REGISTER | G149: Allarme | H149: BOOL | I149: 1009.2 | J149: QSC -INTERRUTTORE AUX QGBT2 SCATTATO | K149: 1009.2 | N149: HOLDING REGISTER | O149: BOOL | P149: INTERRUTTORE 37 | R149: QSC -INTERRUTTORE AUX QGBT2 SCATTATO | U149: Allarme | V149: QSC | W149: CABINA PRINCIPALE | Z149: 10.220.80.16 | AA149: HOLDING_REGISTER | AB149: BINARY | AC149: ALR | AE149: QSC-INT-CAB | AF149: QSC-INT--INTERRUTTORE37-CAB | AG149: ALR-INT-SCATT | AH149: Allarme interruttore scattato | AL149: 1009.2 | AM149: 1009 | AN149: 2 | AQ149: CAB | AR149: QSC | AT149: ALR QSC INT AUX QGBT2 SCATT CAB MAIN | AU149: INTERRUTTORE37 | AW149: ['Test 1a']
A150: 10.220.80.16 | B150: CABINA PRINCIPALE | C150: QSC | D150: INTERRUTTORE | E150: 38 | F150: HOLDING REGISTER | G150: Stato | H150: BOOL | I150: 1009.3 | J150: QSC -INTERRUTTORE AUX QVENT1 CHIUSO | K150: 1009.3 | N150: HOLDING REGISTER | O150: BOOL | P150: INTERRUTTORE 38 | R150: QSC -INTERRUTTORE AUX QVENT1 CHIUSO | U150: Stato | V150: QSC | W150: CABINA PRINCIPALE | Z150: 10.220.80.16 | AA150: HOLDING_REGISTER | AB150: BINARY | AC150: ST | AE150: QSCQVENT1-INT-CAB | AF150: INT--QVENT1-INTERRUTTORE38-CAB | AG150: ST-INT-CH | AH150: Stato interruttore chiuso | AL150: 1009.3 | AM150: 1009 | AN150: 3 | AQ150: CAB | AR150: QSCQVENT1 | AT150: ST QSC INT AUX CH CAB MAIN | AU150: QVENT1 INTERRUTTORE38 | AW150: ['Test 2b']
A151: 10.220.80.16 | B151: CABINA PRINCIPALE | C151: QSC | D151: INTERRUTTORE | E151: 38 | F151: HOLDING REGISTER | G151: Allarme | H151: BOOL | I151: 1009.4 | J151: QSC -INTERRUTTORE AUX QVENT1 SCATTATO | K151: 1009.4 | N151: HOLDING REGISTER | O151: BOOL | P151: INTERRUTTORE 38 | R151: QSC -INTERRUTTORE AUX QVENT1 SCATTATO | U151: Allarme | V151: QSC | W151: CABINA PRINCIPALE | Z151: 10.220.80.16 | AA151: HOLDING_REGISTER | AB151: BINARY | AC151: ALR | AE151: QSCQVENT1-INT-CAB | AF151: INT--QVENT1-INTERRUTTORE38-CAB | AG151: ALR-INT-SCATT | AH151: Allarme interruttore scattato | AL151: 1009.4 | AM151: 1009 | AN151: 4 | AQ151: CAB | AR151: QSCQVENT1 | AT151: ALR QSC INT AUX SCATT CAB MAIN | AU151: QVENT1 INTERRUTTORE38 | AW151: ['Test 1a']
A152: 10.220.80.16 | B152: CABINA PRINCIPALE | C152: QSC | D152: INTERRUTTORE | E152: 39 | F152: HOLDING REGISTER | G152: Stato | H152: BOOL | I152: 1009.5 | J152: QSC -INTERRUTTORE AUX QVENT2 CHIUSO | K152: 1009.5 | N152: HOLDING REGISTER | O152: BOOL | P152: INTERRUTTORE 39 | R152: QSC -INTERRUTTORE AUX QVENT2 CHIUSO | U152: Stato | V152: QSC | W152: CABINA PRINCIPALE | Z152: 10.220.80.16 | AA152: HOLDING_REGISTER | AB152: BINARY | AC152: ST | AE152: QSCQVENT2-INT-CAB | AF152: INT--QVENT2-INTERRUTTORE39-CAB | AG152: ST-INT-CH | AH152: Stato interruttore chiuso | AL152: 1009.5 | AM152: 1009 | AN152: 5 | AQ152: CAB | AR152: QSCQVENT2 | AT152: ST QSC INT AUX CH CAB MAIN | AU152: QVENT2 INTERRUTTORE39 | AW152: ['Test 2b']
A153: 10.220.80.16 | B153: CABINA PRINCIPALE | C153: QSC | D153: INTERRUTTORE | E153: 39 | F153: HOLDING REGISTER | G153: Allarme | H153: BOOL | I153: 1009.6 | J153: QSC -INTERRUTTORE AUX QVENT2 SCATTATO | K153: 1009.6 | N153: HOLDING REGISTER | O153: BOOL | P153: INTERRUTTORE 39 | R153: QSC -INTERRUTTORE AUX QVENT2 SCATTATO | U153: Allarme | V153: QSC | W153: CABINA PRINCIPALE | Z153: 10.220.80.16 | AA153: HOLDING_REGISTER | AB153: BINARY | AC153: ALR | AE153: QSCQVENT2-INT-CAB | AF153: INT--QVENT2-INTERRUTTORE39-CAB | AG153: ALR-INT-SCATT | AH153: Allarme interruttore scattato | AL153: 1009.6 | AM153: 1009 | AN153: 6 | AQ153: CAB | AR153: QSCQVENT2 | AT153: ALR QSC INT AUX SCATT CAB MAIN | AU153: QVENT2 INTERRUTTORE39 | AW153: ['Test 1a']
A154: 10.220.80.16 | B154: CABINA PRINCIPALE | C154: QSC | D154: INTERRUTTORE | E154: 40 | F154: HOLDING REGISTER | G154: Stato | H154: BOOL | I154: 1009.7 | J154: QSC -INTERRUTTORE AUX G.E. CHIUSO | K154: 1009.7 | N154: HOLDING REGISTER | O154: BOOL | P154: INTERRUTTORE 40 | R154: QSC -INTERRUTTORE AUX G.E. CHIUSO | U154: Stato | V154: QSC | W154: CABINA PRINCIPALE | Z154: 10.220.80.16 | AA154: HOLDING_REGISTER | AB154: BINARY | AC154: ST | AE154: QSC-INT-CAB | AF154: QSC-INT--INTERRUTTORE40-CAB | AG154: ST-INT-CH | AH154: Stato interruttore chiuso | AL154: 1009.7 | AM154: 1009 | AN154: 7 | AQ154: CAB | AR154: QSC | AT154: GE ST QSC INT AUX G E CH CAB MAIN | AU154: INTERRUTTORE40 | AW154: ['Test 2b']
A155: 10.220.80.16 | B155: CABINA PRINCIPALE | C155: QSC | D155: INTERRUTTORE | E155: 40 | F155: HOLDING REGISTER | G155: Allarme | H155: BOOL | I155: 1009.8 | J155: QSC -INTERRUTTORE AUX G.E. SCATTATO | K155: 1009.8 | N155: HOLDING REGISTER | O155: BOOL | P155: INTERRUTTORE 40 | R155: QSC -INTERRUTTORE AUX G.E. SCATTATO | U155: Allarme | V155: QSC | W155: CABINA PRINCIPALE | Z155: 10.220.80.16 | AA155: HOLDING_REGISTER | AB155: BINARY | AC155: ALR | AE155: QSC-INT-CAB | AF155: QSC-INT--INTERRUTTORE40-CAB | AG155: ALR-INT-SCATT | AH155: Allarme interruttore scattato | AL155: 1009.8 | AM155: 1009 | AN155: 8 | AQ155: CAB | AR155: QSC | AT155: ALR GE QSC INT AUX G E SCATT CAB MAIN | AU155: INTERRUTTORE40 | AW155: ['Test 1a']
...

Sheet Import
A1: deviceId | B1: deviceName | C1: signalName | D1: profileName | E1: datasourceName | F1: driverId | G1: driverInstance | H1: disabled | I1: signalDescription | J1: register | K1: registerType | L1: dataType | M1: offset | N1: slaveId | O1: bitIndex | P1: registerCount | Q1: bitMask
A2: =WIP!AD2 -> 0 | B2: =WIP!AF2 -> PLC--PLC1-MAX10000-CAB | C2: =WIP!AG2 -> MIS-WATCHDOG | D2: =WIP!AE2 -> PLC-CAB | H2: false | K2: =WIP!AA2 -> HOLDING_REGISTER | L2: =WIP!AB2 -> TWO_BYTE_INT_SIGNED | M2: 0 | N2: 1 | P2: 1 | Q2: 0000000000000000
A3: =WIP!AD3 -> 0 | B3: =WIP!AF3 -> QRIF-SEZ--MATICO-CAB | C3: =WIP!AG3 -> ST-SEZ | D3: =WIP!AE3 -> QRIF-SEZ-CAB | H3: false | K3: =WIP!AA3 -> HOLDING_REGISTER | L3: =WIP!AB3 -> BINARY | M3: 0 | N3: 1 | P3: 1 | Q3: 0000000000000000
A4: =WIP!AD4 -> 0 | B4: =WIP!AF4 -> CNTRL-CAB-INCEND-RIL--CAB | C4: =WIP!AG4 -> ALR-FAULT-CNTRL-RIL | D4: =WIP!AE4 -> CNTRL-CAB-INCEND-RIL-CAB | H4: false | K4: =WIP!AA4 -> HOLDING_REGISTER | L4: =WIP!AB4 -> BINARY | M4: 0 | N4: 1 | P4: 1 | Q4: 0000000000000000
A5: =WIP!AD5 -> 0 | B5: =WIP!AF5 -> CNTRL-CAB-INCEND-RIL--CAB | C5: =WIP!AG5 -> ALR-CNTRL | D5: =WIP!AE5 -> CNTRL-CAB-INCEND-RIL-CAB | H5: false | K5: =WIP!AA5 -> HOLDING_REGISTER | L5: =WIP!AB5 -> BINARY | M5: 0 | N5: 1 | P5: 1 | Q5: 0000000000000000
A6: =WIP!AD6 -> 0 | B6: =WIP!AF6 -> GE--CAB | C6: =WIP!AG6 -> ALR-GENERALE-GE | D6: =WIP!AE6 -> GE-CAB | H6: false | K6: =WIP!AA6 -> HOLDING_REGISTER | L6: =WIP!AB6 -> BINARY | M6: 0 | N6: 1 | P6: 1 | Q6: 0000000000000000
A7: =WIP!AD7 -> 0 | B7: =WIP!AF7 -> GE--CAB | C7: =WIP!AG7 -> ALR-GE-RUN | D7: =WIP!AE7 -> GE-CAB | H7: false | K7: =WIP!AA7 -> HOLDING_REGISTER | L7: =WIP!AB7 -> BINARY | M7: 0 | N7: 1 | P7: 1 | Q7: 0000000000000000
A8: =WIP!AD8 -> 0 | B8: =WIP!AF8 -> GE--INTERRATO-CAB | C8: =WIP!AG8 -> ALR-FUEL-LOSS | D8: =WIP!AE8 -> GE-CAB | H8: false | K8: =WIP!AA8 -> HOLDING_REGISTER | L8: =WIP!AB8 -> BINARY | M8: 0 | N8: 1 | P8: 1 | Q8: 0000000000000000
A9: =WIP!AD9 -> 0 | B9: =WIP!AF9 -> -CAB | C9: =WIP!AG9 -> 0 | D9: =WIP!AE9 -> CAB | H9: false | K9: =WIP!AA9 -> HOLDING_REGISTER | L9: =WIP!AB9 -> BINARY | M9: 0 | N9: 1 | P9: 1 | Q9: 0000000000000000
A10: =WIP!AD10 -> 0 | B10: =WIP!AF10 -> -CAB | C10: =WIP!AG10 -> 0 | D10: =WIP!AE10 -> CAB | H10: false | K10: =WIP!AA10 -> HOLDING_REGISTER | L10: =WIP!AB10 -> BINARY | M10: 0 | N10: 1 | P10: 1 | Q10: 0000000000000000
A11: =WIP!AD11 -> 0 | B11: =WIP!AF11 -> QMT-INT--CAB | C11: =WIP!AG11 -> ST-INT-CH | D11: =WIP!AE11 -> QMT-INT-CAB | H11: false | K11: =WIP!AA11 -> HOLDING_REGISTER | L11: =WIP!AB11 -> BINARY | M11: 0 | N11: 1 | P11: 1 | Q11: 0000000000000000
A12: =WIP!AD12 -> 0 | B12: =WIP!AF12 -> QMT-INT--CAB | C12: =WIP!AG12 -> ST-INT-AP | D12: =WIP!AE12 -> QMT-INT-CAB | H12: false | K12: =WIP!AA12 -> HOLDING_REGISTER | L12: =WIP!AB12 -> BINARY | M12: 0 | N12: 1 | P12: 1 | Q12: 0000000000000000
A13: =WIP!AD13 -> 0 | B13: =WIP!AF13 -> QMT-SEZ--CAB | C13: =WIP!AG13 -> ST-SEZ-LINE-CH | D13: =WIP!AE13 -> QMT-SEZ-CAB | H13: false | K13: =WIP!AA13 -> HOLDING_REGISTER | L13: =WIP!AB13 -> BINARY | M13: 0 | N13: 1 | P13: 1 | Q13: 0000000000000000
... A248: =WIP!AD248 -> 0 | B248: =WIP!AF248 -> QIS2-INT--INTERRUTTORE31-CAB | C248: =WIP!AG248 -> ST-INT-CH | D248: =WIP!AE248 -> QIS2-INT-CAB | H248: false | K248: =WIP!AA248 -> HOLDING_REGISTER | L248: =WIP!AB248 -> BINARY | M248: 0 | N248: 1 | P248: 1 | Q248: 0000000000000000
